frame,cpu_ms,offscreen,main,post
,0.154,0.486,0.002
1,82614717.583,,,
,0.160,0.497,0.001
2,4.163,,,
,0.161,0.494,0.002
3,1.858,,,
,0.160,0.497,0.001
4,2.150,,,
,0.155,0.489,0.001
5,3.652,,,
,0.154,0.492,0.002
6,1.492,,,
,0.155,0.488,0.001
7,4.035,,,
,0.154,0.495,0.001
8,3.169,,,
,0.156,0.490,0.002
9,1.852,,,
,0.161,0.495,0.000
10,2.391,,,
,0.154,0.488,0.000
11,3.237,,,
,0.153,0.491,0.001
12,2.190,,,
,0.154,0.491,0.001
13,3.725,,,
,0.159,0.493,0.000
14,2.691,,,
,0.161,0.506,0.001
15,2.990,,,
,0.161,0.494,0.002
16,2.135,,,
,0.161,0.497,0.001
17,3.729,,,
,0.155,0.491,0.000
18,2.925,,,
,0.156,0.489,0.001
19,2.913,,,
,0.160,0.494,0.002
20,2.308,,,
,0.163,0.497,0.001
21,3.648,,,
,0.160,0.493,0.000
22,2.553,,,
,0.156,0.489,0.002
23,3.285,,,
,0.155,0.494,0.000
24,2.577,,,
,0.161,0.494,0.001
25,3.341,,,
,0.164,0.494,0.000
26,1.960,,,
,0.160,0.496,0.000
27,3.783,,,
,0.155,0.490,0.001
28,3.347,,,
,0.156,0.490,0.002
29,2.345,,,
,0.161,0.494,0.002
30,3.330,,,
,0.163,0.494,0.001
31,2.618,,,
,0.159,0.491,0.000
32,2.910,,,
,0.163,0.494,0.001
33,3.083,,,
,0.159,0.491,0.000
34,2.863,,,
,0.155,0.488,0.001
35,2.227,,,
,0.161,0.493,0.001
36,2.565,,,
,0.160,0.498,0.002
37,3.309,,,
,0.160,0.498,0.002
38,1.933,,,
,0.155,0.491,0.000
39,4.033,,,
,0.155,0.488,0.002
40,2.956,,,
,0.161,0.494,0.002
41,2.580,,,
,0.160,0.495,0.001
42,1.838,,,
,0.161,0.494,0.000
43,3.833,,,
,0.157,0.492,0.001
44,2.918,,,
,0.155,0.491,0.001
45,2.904,,,
,0.161,0.497,0.001
46,2.639,,,
,0.160,0.495,0.001
47,3.346,,,
,0.159,0.492,0.002
48,3.236,,,
,0.160,0.495,0.001
49,3.219,,,
,0.155,0.491,0.001
50,2.956,,,
,0.155,0.492,0.002
51,2.251,,,
,0.160,0.496,0.000
52,2.935,,,
,0.163,0.496,0.002
53,3.179,,,
,0.160,0.494,0.014
54,2.061,,,
,0.154,0.487,0.001
55,3.583,,,
,0.155,0.490,0.001
56,3.350,,,
,0.167,0.494,0.002
57,3.036,,,
,0.159,0.496,0.002
58,2.192,,,
,0.167,0.494,0.002
59,2.780,,,
,0.155,0.490,0.002
60,2.622,,,
,0.156,0.500,0.000
61,2.290,,,
,0.160,0.493,0.002
62,3.270,,,
,0.165,0.493,0.000
63,3.147,,,
,0.160,0.494,0.001
64,2.521,,,
,0.165,0.493,0.000
65,2.471,,,
,0.154,0.493,0.000
66,2.934,,,
,0.155,0.492,0.000
67,2.865,,,
,0.166,0.494,0.002
68,3.426,,,
,0.155,0.492,0.000
69,2.759,,,
,0.160,0.495,0.001
70,3.652,,,
,0.160,0.498,0.000
71,2.944,,,
,0.160,0.493,0.001
72,2.834,,,
,0.160,0.494,0.001
73,2.678,,,
,0.172,0.495,0.000
74,2.409,,,
,0.162,0.494,0.002
75,2.845,,,
,0.156,0.494,0.000
76,3.669,,,
,0.171,0.502,0.000
77,2.316,,,
,0.160,0.495,0.001
78,3.144,,,
,0.156,0.489,0.001
79,2.514,,,
,0.160,0.495,0.001
80,2.690,,,
,0.161,0.496,0.001
81,2.817,,,
,0.156,0.490,0.000
82,3.217,,,
,0.155,0.494,0.002
83,2.514,,,
,0.161,0.496,0.000
84,3.131,,,
,0.160,0.493,0.001
85,2.852,,,
,0.160,0.494,0.002
86,2.576,,,
,0.154,0.496,0.000
87,3.243,,,
,0.155,0.491,0.001
88,3.030,,,
,0.161,0.497,0.001
89,2.849,,,
,0.160,0.494,0.002
90,2.512,,,
,0.168,0.492,0.002
91,3.261,,,
,0.154,0.493,0.001
92,4.005,,,
,0.163,0.501,0.001
93,6.286,,,
,0.160,0.495,0.001
94,3.503,,,
,0.163,0.501,0.001
95,3.562,,,
,0.158,0.497,0.001
96,3.502,,,
,0.165,0.506,0.002
97,2.558,,,
,0.156,0.495,0.000
98,3.599,,,
,0.161,0.497,0.001
99,3.170,,,
,0.161,0.499,0.001
100,3.170,,,
,0.157,0.498,0.002
101,2.957,,,
,0.160,0.496,0.000
102,2.346,,,
,0.167,0.500,0.001
103,2.358,,,
,0.155,0.494,0.000
104,2.816,,,
,0.155,0.491,0.001
105,2.787,,,
,0.159,0.496,0.001
106,2.003,,,
,0.163,0.496,0.001
107,2.530,,,
,0.154,0.491,0.001
108,3.093,,,
,0.162,0.495,0.002
109,1.853,,,
,0.160,0.496,0.001
110,3.331,,,
,0.158,0.496,0.002
111,2.394,,,
,0.161,0.497,0.002
112,2.752,,,
,0.162,0.496,0.002
113,2.835,,,
,0.155,0.489,0.002
114,3.503,,,
,0.163,0.512,0.002
115,2.067,,,
,0.160,0.492,0.001
116,3.799,,,
,0.154,0.492,0.002
117,2.411,,,
,0.160,0.492,0.001
118,2.438,,,
,0.165,0.495,0.001
119,1.890,,,
,0.156,0.491,0.000
120,3.009,,,
,0.154,0.488,0.002
121,2.741,,,
,0.164,0.496,0.002
122,2.386,,,
,0.161,0.494,0.002
123,2.787,,,
,0.156,0.495,0.001
124,2.412,,,
,0.160,0.496,0.000
125,2.243,,,
,0.160,0.497,0.001
126,3.126,,,
,0.154,0.489,0.001
127,3.281,,,
,0.155,0.489,0.002
128,2.624,,,
,0.161,0.496,0.002
129,3.509,,,
,0.155,0.489,0.002
130,2.289,,,
,0.162,0.495,0.000
131,3.129,,,
,0.161,0.497,0.000
132,3.486,,,
,0.155,0.494,0.002
133,3.120,,,
,0.161,0.497,0.000
134,2.385,,,
,0.161,0.495,0.000
135,3.301,,,
,0.178,0.494,0.000
136,3.122,,,
,0.161,0.496,0.000
137,2.765,,,
,0.158,0.494,0.001
138,2.431,,,
,0.160,0.497,0.001
139,3.092,,,
,0.160,0.494,0.002
140,3.049,,,
,0.161,0.495,0.001
141,2.636,,,
,0.161,0.496,0.002
142,3.390,,,
,0.155,0.493,0.001
143,3.416,,,
,0.161,0.496,0.002
144,2.282,,,
,0.161,0.496,0.000
145,3.437,,,
,0.157,0.490,0.001
146,3.030,,,
,0.161,0.492,0.002
147,2.676,,,
,0.161,0.494,0.002
148,2.598,,,
,0.155,0.492,0.002
149,3.629,,,
,0.160,0.496,0.002
150,2.429,,,
,0.161,0.496,0.000
151,2.261,,,
,0.160,0.494,0.001
152,3.610,,,
,0.154,0.492,0.000
153,3.055,,,
,0.160,0.494,0.001
154,2.383,,,
,0.161,0.495,0.001
155,2.901,,,
,0.157,0.504,0.000
156,4.820,,,
,0.169,0.494,0.001
157,3.027,,,
,0.159,0.499,0.001
158,3.354,,,
,0.161,0.495,0.001
159,3.100,,,
,0.161,0.496,0.001
160,3.050,,,
,0.161,0.495,0.001
161,2.877,,,
,0.154,0.494,0.002
162,3.094,,,
,0.160,0.498,0.002
163,2.392,,,
,0.160,0.495,0.000
164,3.187,,,
,0.154,0.493,0.001
165,2.827,,,
,0.160,0.492,0.002
166,2.788,,,
,0.160,0.504,0.002
167,2.366,,,
,0.155,0.491,0.001
168,3.389,,,
,0.154,0.489,0.001
169,2.729,,,
,0.160,0.496,0.002
170,3.046,,,
,0.160,0.497,0.000
171,2.777,,,
,0.155,0.492,0.002
172,3.051,,,
,0.161,0.496,0.002
173,2.415,,,
,0.163,0.499,0.000
174,4.262,,,
,0.155,0.491,0.000
175,4.293,,,
,0.160,0.497,0.000
176,2.581,,,
,0.162,0.495,0.001
177,4.254,,,
,0.166,0.495,0.001
178,4.367,,,
,0.161,0.493,0.001
179,2.435,,,
,0.161,0.495,0.001
180,3.172,,,
,0.155,0.491,0.000
181,2.814,,,
,0.160,0.496,0.000
182,3.012,,,
,0.162,0.496,0.004
183,2.948,,,
,0.155,0.496,0.000
184,4.288,,,
,0.155,0.490,0.000
185,4.411,,,
,0.159,0.498,0.000
186,2.702,,,
,0.161,0.497,0.001
187,4.553,,,
,0.155,0.493,0.001
188,3.745,,,
,0.164,0.494,0.001
189,2.668,,,
,0.161,0.506,0.001
190,4.056,,,
,0.155,0.512,0.001
191,3.948,,,
,0.160,0.496,0.001
192,2.607,,,
,0.160,0.498,0.002
193,4.074,,,
,0.155,0.488,0.002
194,3.295,,,
,0.161,0.499,0.001
195,2.953,,,
,0.162,0.501,0.000
196,3.341,,,
,0.156,0.490,0.001
197,3.180,,,
,0.161,0.494,0.001
198,3.225,,,
,0.166,0.495,0.001
199,3.251,,,
,0.160,0.494,0.000
200,3.443,,,
,0.173,0.494,0.002
201,3.092,,,
,0.160,0.495,0.001
202,3.425,,,
,0.161,0.496,0.000
203,3.120,,,
,0.155,0.492,0.001
204,3.583,,,
,0.173,0.495,0.001
205,2.641,,,
,0.171,0.495,0.001
206,3.566,,,
,0.157,0.493,0.001
207,3.751,,,
,0.162,0.497,0.001
208,2.649,,,
,0.161,0.496,0.000
209,4.150,,,
,0.155,0.491,0.000
210,3.639,,,
,0.163,0.496,0.001
211,2.666,,,
,0.160,0.495,0.000
212,3.699,,,
,0.155,0.492,0.000
213,3.226,,,
,0.160,0.494,0.001
214,3.313,,,
,0.161,0.507,0.001
215,3.061,,,
,0.154,0.494,0.000
216,4.142,,,
,0.154,0.488,0.002
217,3.267,,,
,0.160,0.519,0.001
218,3.088,,,
,0.162,0.498,0.000
219,3.781,,,
,0.156,0.490,0.001
220,3.839,,,
,0.161,0.494,0.001
221,3.689,,,
,0.164,0.499,0.001
222,3.993,,,
,0.161,0.494,0.000
223,3.603,,,
,0.160,0.506,0.002
224,2.920,,,
,0.170,0.496,0.001
225,3.442,,,
,0.155,0.490,0.000
226,4.173,,,
,0.161,0.498,0.000
227,2.945,,,
,0.161,0.495,0.001
228,4.453,,,
,0.155,0.492,0.000
229,4.038,,,
,0.160,0.494,0.000
230,3.521,,,
,0.161,0.498,0.002
231,3.530,,,
,0.155,0.492,0.002
232,3.826,,,
,0.154,0.494,0.003
233,3.593,,,
,0.161,0.496,0.000
234,3.690,,,
,0.160,0.496,0.001
235,4.667,,,
,0.163,0.503,0.001
236,7.048,,,
,0.161,0.498,0.001
237,3.320,,,
,0.161,0.498,0.002
238,6.606,,,
,0.162,0.507,0.002
239,5.819,,,
,0.161,0.498,0.002
240,4.880,,,
,0.162,0.507,0.002
241,5.525,,,
,0.156,0.498,0.002
242,5.064,,,
,0.172,0.510,0.002
243,3.122,,,
,0.162,0.498,0.002
244,4.136,,,
,0.155,0.499,0.001
245,4.290,,,
,0.164,0.512,0.001
246,4.065,,,
,0.161,0.505,0.001
247,4.123,,,
,0.160,0.502,0.000
248,5.227,,,
,0.155,0.498,0.002
249,4.402,,,
,0.160,0.502,0.000
250,3.427,,,
,0.161,0.506,0.000
251,4.535,,,
,0.156,0.495,0.001
252,4.052,,,
,0.166,0.505,0.001
253,3.973,,,
,0.161,0.505,0.001
254,4.285,,,
,0.158,0.497,0.000
255,3.599,,,
,0.161,0.500,0.002
256,3.347,,,
,0.161,0.501,0.000
257,3.749,,,
,0.156,0.497,0.001
258,5.083,,,
,0.162,0.508,0.001
259,3.483,,,
,0.154,0.496,0.000
260,4.522,,,
,0.155,0.499,0.001
261,3.421,,,
,0.154,0.496,0.000
262,3.165,,,
,0.160,0.496,0.001
263,3.882,,,
,0.155,0.494,0.001
264,3.306,,,
,1766152437657.141,0.495,0.001
265,6.121,,,
,0.156,0.502,0.001
266,3.395,,,
,0.154,0.495,0.001
267,3.869,,,
,9.171,0.498,0.001
268,4.136,,,
,0.154,0.498,0.001
269,3.059,,,
,0.158,0.498,0.001
270,3.619,,,
,0.155,0.502,0.000
271,3.747,,,
,0.154,0.495,0.000
272,3.151,,,
,0.154,0.496,0.002
273,3.854,,,
,0.154,0.509,0.001
274,4.014,,,
,0.162,0.501,0.000
275,3.610,,,
,0.153,0.495,0.000
276,3.114,,,
,0.155,0.494,0.001
277,3.263,,,
,0.154,0.495,0.000
278,3.834,,,
,0.155,0.500,0.000
279,3.358,,,
,0.157,0.510,0.001
280,3.113,,,
,0.160,0.514,0.002
281,4.144,,,
,0.158,0.508,0.001
282,4.468,,,
,0.158,0.510,0.002
283,3.607,,,
,0.156,0.508,0.002
284,3.412,,,
,0.170,0.514,0.002
285,4.168,,,
,0.157,0.508,0.001
286,4.058,,,
,0.158,0.512,0.001
287,3.849,,,
,0.158,0.508,0.000
288,3.885,,,
,0.158,0.510,0.002
289,3.559,,,
,0.158,0.508,0.002
290,4.336,,,
,0.178,0.508,0.001
291,4.527,,,
,0.158,0.510,0.001
292,4.512,,,
,0.158,0.508,0.002
293,4.383,,,
,0.157,0.510,0.002
294,4.217,,,
,0.158,0.511,0.001
295,3.516,,,
,0.157,0.510,0.000
296,3.767,,,
,0.157,0.513,0.001
297,5.065,,,
,0.157,0.511,0.001
298,4.240,,,
,0.157,0.508,0.002
299,4.841,,,
,0.157,0.510,0.001
300,4.148,,,
,0.158,0.509,0.001
301,4.264,,,
,0.157,0.512,0.000
302,4.107,,,
,0.158,0.508,0.001
303,4.398,,,
,0.162,0.510,0.001
304,4.958,,,
,0.159,0.510,0.001
305,4.123,,,
,0.162,0.510,0.001
306,3.657,,,
,0.159,0.509,0.001
307,3.298,,,
,0.157,0.518,0.000
308,4.475,,,
,0.157,0.510,0.002
309,4.514,,,
,0.156,0.506,0.002
310,4.091,,,
,0.158,0.519,0.002
311,4.220,,,
,0.158,0.506,0.001
312,3.940,,,
,0.157,0.512,0.002
313,3.908,,,
,0.158,0.512,0.001
314,4.130,,,
,0.156,0.510,0.001
315,3.841,,,
,0.160,0.522,0.000
316,4.818,,,
,0.158,0.513,0.002
317,4.387,,,
,0.160,0.522,0.000
318,3.431,,,
,0.161,0.524,0.002
319,4.200,,,
,0.160,0.536,0.000
320,4.782,,,
,0.162,0.524,0.001
321,4.290,,,
,0.161,0.524,0.001
322,4.583,,,
,0.164,0.524,0.002
323,4.178,,,
,0.161,0.524,0.001
324,4.205,,,
,0.161,0.530,0.002
325,4.066,,,
,0.160,0.523,0.000
326,3.850,,,
,0.161,0.525,0.002
327,3.974,,,
,0.161,0.523,0.001
328,3.662,,,
,0.160,0.526,0.000
329,3.514,,,
,0.162,0.527,0.002
330,4.009,,,
,0.160,0.526,0.002
331,4.178,,,
,0.164,0.527,0.000
332,3.918,,,
,0.160,0.525,0.002
333,3.407,,,
,0.161,0.524,0.000
334,3.740,,,
,0.174,0.526,0.001
335,3.782,,,
,0.177,0.526,0.001
336,5.469,,,
,0.161,0.524,0.001
337,7.729,,,
,0.161,0.537,0.002
338,4.236,,,
,0.161,0.524,0.001
339,6.301,,,
,0.160,0.525,0.001
340,4.648,,,
,0.160,0.526,0.000
341,3.583,,,
,0.161,0.524,0.002
342,3.799,,,
,0.161,0.526,0.002
343,4.700,,,
,0.160,0.524,0.001
344,3.985,,,
,0.165,0.529,0.000
345,4.382,,,
,0.160,0.530,0.002
346,4.602,,,
,0.162,0.538,0.001
347,3.628,,,
,0.160,0.524,0.000
348,3.897,,,
,0.160,0.528,0.001
349,4.067,,,
,0.161,0.525,0.001
350,3.695,,,
,0.160,0.530,0.001
351,4.244,,,
,0.160,0.524,0.001
352,3.990,,,
,0.163,0.530,0.001
353,3.884,,,
,0.161,0.522,0.002
354,3.400,,,
,0.160,0.528,0.000
355,4.193,,,
,0.161,0.530,0.001
356,4.289,,,
,0.163,0.543,0.000
357,4.267,,,
,0.163,0.539,0.002
358,4.351,,,
,0.164,0.537,0.002
359,3.667,,,
,0.162,0.541,0.000
360,3.734,,,
,0.163,0.547,0.001
361,4.787,,,
,0.162,0.540,0.001
362,4.652,,,
,0.164,0.543,0.002
363,4.967,,,
,0.163,0.537,0.001
364,4.624,,,
,0.165,0.542,0.001
365,4.274,,,
,0.163,0.542,0.001
366,4.268,,,
,0.163,0.538,0.001
367,3.895,,,
,0.162,0.539,0.002
368,4.052,,,
,0.163,0.539,0.000
369,4.284,,,
,0.162,0.539,0.000
370,4.669,,,
,0.170,0.549,0.001
371,4.204,,,
,0.162,0.540,0.001
372,4.021,,,
,0.163,0.541,0.001
373,3.595,,,
,0.163,0.541,0.001
374,4.117,,,
,0.162,0.540,0.001
375,3.981,,,
,0.163,0.539,0.001
376,4.741,,,
,0.164,0.543,0.002
377,4.100,,,
,0.162,0.540,0.001
378,4.128,,,
,0.162,0.544,0.001
379,4.367,,,
,0.162,0.545,0.002
380,3.761,,,
,0.163,0.544,0.000
381,5.219,,,
,0.163,0.541,0.001
382,5.136,,,
,0.164,0.554,0.001
383,4.791,,,
,0.163,0.541,0.002
384,5.161,,,
,0.162,0.548,0.000
385,4.951,,,
,0.164,0.538,0.001
386,5.127,,,
,0.162,0.545,0.000
387,5.226,,,
,0.163,0.537,0.001
388,4.659,,,
,0.162,0.540,0.001
389,5.348,,,
,0.162,0.541,0.000
390,5.532,,,
,0.163,0.538,0.001
391,5.462,,,
,0.162,0.555,0.002
392,6.054,,,
,0.163,0.555,0.002
393,5.841,,,
,0.165,0.555,0.001
394,5.945,,,
,0.164,0.556,0.004
395,5.322,,,
,0.164,0.557,0.002
396,5.503,,,
,0.165,0.557,0.002
397,5.085,,,
,0.165,0.557,0.001
398,5.337,,,
,0.181,0.554,0.001
399,4.891,,,
,0.163,0.553,0.001
400,4.727,,,
,0.164,0.555,0.000
401,4.443,,,
,0.164,0.554,0.000
402,5.273,,,
,0.165,0.554,0.002
403,4.770,,,
,0.164,0.559,0.000
404,4.761,,,
,0.179,0.551,0.002
405,4.333,,,
,0.164,0.553,0.002
406,4.354,,,
,0.165,0.553,0.002
407,4.342,,,
,0.164,0.556,0.000
408,4.196,,,
,0.164,0.556,0.001
409,5.268,,,
,0.164,0.555,0.001
410,5.154,,,
,0.168,0.555,0.000
411,4.762,,,
,0.164,0.559,0.000
412,5.108,,,
,0.165,0.557,0.002
413,4.235,,,
,0.164,0.553,0.000
414,4.571,,,
,0.166,0.555,0.000
415,5.452,,,
,0.168,0.554,0.001
416,5.796,,,
,0.166,0.555,0.000
417,4.727,,,
,0.168,0.554,0.001
418,4.658,,,
,0.164,0.555,0.002
419,4.474,,,
,0.165,0.554,0.002
420,4.683,,,
,0.166,0.553,0.001
421,5.014,,,
,0.168,0.554,0.001
422,5.152,,,
,0.164,0.556,0.001
423,4.017,,,
,0.165,0.554,0.001
424,4.163,,,
,0.164,0.555,0.002
425,4.646,,,
,0.164,0.567,0.001
426,4.606,,,
,0.165,0.554,0.001
427,4.008,,,
,0.178,0.560,0.001
428,5.488,,,
,0.179,0.576,0.002
429,6.701,,,
,0.180,0.576,0.002
430,5.082,,,
,0.180,0.577,0.002
431,5.888,,,
,0.179,0.578,0.001
432,6.189,,,
,0.182,0.590,0.002
433,5.856,,,
,0.179,0.579,0.000
434,4.105,,,
,0.182,0.590,0.002
435,5.770,,,
,0.177,0.578,0.001
436,4.568,,,
,0.191,0.577,0.000
437,4.653,,,
,0.181,0.577,0.001
438,4.853,,,
,0.183,0.589,0.001
439,4.904,,,
,0.180,0.573,0.001
440,4.481,,,
,0.178,0.574,0.000
441,4.376,,,
,0.179,0.583,0.000
442,4.518,,,
,0.178,0.578,0.001
443,5.588,,,
,0.180,0.576,0.001
444,4.615,,,
,0.179,0.580,0.005
445,4.507,,,
,0.192,0.572,0.002
446,4.635,,,
,0.182,0.574,0.002
447,4.436,,,
,0.179,0.590,0.000
448,5.313,,,
,0.180,0.574,0.002
449,4.703,,,
,0.179,0.572,0.002
450,5.424,,,
,0.178,0.577,0.001
451,4.317,,,
,0.179,0.572,0.002
452,5.164,,,
,0.180,0.584,0.001
453,3.839,,,
,0.179,0.576,0.001
454,6.195,,,
,0.179,0.575,0.000
455,5.325,,,
,0.183,0.578,0.002
456,4.292,,,
,0.179,0.580,0.002
457,4.756,,,
,0.179,0.575,0.001
458,4.728,,,
,0.184,0.580,0.001
459,4.874,,,
,0.179,0.573,0.000
460,5.675,,,
,0.179,0.581,0.001
461,5.777,,,
,0.181,0.592,0.001
462,6.561,,,
,0.182,0.594,0.001
463,4.812,,,
,0.181,0.592,0.001
464,5.042,,,
,0.181,0.593,0.001
465,4.446,,,
,0.185,0.592,0.002
466,4.236,,,
,0.181,0.593,0.001
467,5.138,,,
,0.179,0.592,0.001
468,5.271,,,
,0.181,0.594,0.000
469,4.851,,,
,0.180,0.596,0.001
470,5.005,,,
,0.181,0.606,0.001
471,4.136,,,
,0.181,0.594,0.002
472,4.473,,,
,0.181,0.592,0.001
473,5.284,,,
,0.181,0.596,0.001
474,4.417,,,
,0.181,0.593,0.001
475,5.010,,,
,0.181,0.593,0.001
476,5.079,,,
,0.181,0.598,0.001
477,4.954,,,
,0.184,0.593,0.001
478,4.609,,,
,0.180,0.597,0.001
479,4.914,,,
,0.180,0.594,0.002
480,4.439,,,
,0.187,0.594,0.006
481,5.005,,,
,0.182,0.590,0.002
482,4.881,,,
,0.181,0.594,0.001
483,4.375,,,
,0.181,0.592,0.002
484,4.327,,,
,0.182,0.601,0.000
485,4.944,,,
,0.183,0.592,0.000
486,6.039,,,
,0.180,0.590,0.002
487,5.153,,,
,0.183,0.591,0.001
488,6.701,,,
,0.180,0.590,0.001
489,4.525,,,
,0.190,0.602,0.000
490,4.365,,,
,0.179,0.590,0.002
491,4.433,,,
,0.182,0.592,0.002
492,4.846,,,
,0.181,0.598,0.001
493,5.934,,,
,0.181,0.600,0.001
494,4.876,,,
,0.183,0.592,0.002
495,5.424,,,
,0.180,0.596,0.001
496,6.617,,,
,0.188,0.596,0.000
497,4.764,,,
,0.181,0.604,0.001
498,6.098,,,
,0.182,0.602,0.002
499,4.733,,,
,0.181,0.604,0.001
500,5.373,,,
,0.181,0.609,0.001
501,5.458,,,
,0.180,0.604,0.001
502,4.938,,,
,0.182,0.604,0.002
503,4.901,,,
,0.180,0.605,0.001
504,7.668,,,
,0.182,0.607,0.002
505,4.615,,,
,0.180,0.605,0.001
506,5.423,,,
,0.187,0.605,0.000
507,4.807,,,
,0.181,0.602,0.002
508,4.557,,,
,0.182,0.602,0.001
509,4.671,,,
,0.182,0.601,0.001
510,4.442,,,
,0.182,0.603,0.000
511,4.993,,,
,0.180,0.602,0.000
512,4.628,,,
,0.181,0.600,0.001
513,5.830,,,
,0.183,0.602,0.000
514,4.971,,,
,0.181,0.603,0.001
515,5.369,,,
,0.191,0.605,0.001
516,4.587,,,
,0.185,0.602,0.000
517,4.444,,,
,0.186,0.604,0.002
518,9.478,,,
,0.182,0.605,0.001
519,7.709,,,
,0.186,0.604,0.002
520,5.437,,,
,0.185,0.600,0.001
521,5.362,,,
,0.182,0.614,0.002
522,5.361,,,
,0.181,0.602,0.002
523,4.998,,,
,0.180,0.601,0.001
524,5.065,,,
,0.186,0.602,0.001
525,4.515,,,
,0.180,0.600,0.001
526,4.894,,,
,0.183,0.606,0.001
527,4.588,,,
,0.184,0.601,0.001
528,5.409,,,
,0.182,0.604,0.001
529,5.129,,,
,0.182,0.602,0.000
530,4.955,,,
,0.195,0.600,0.001
531,4.486,,,
,0.190,0.602,0.002
532,5.277,,,
,0.181,0.601,0.002
533,5.535,,,
,0.187,0.610,0.000
534,4.875,,,
,0.183,0.611,0.000
535,5.106,,,
,0.183,0.626,0.001
536,5.865,,,
,0.182,0.609,0.001
537,5.445,,,
,0.182,0.612,0.001
538,5.124,,,
,0.183,0.612,0.001
539,4.634,,,
,0.183,0.608,0.000
540,4.700,,,
,0.183,0.614,0.001
541,5.388,,,
,0.182,0.612,0.001
542,4.487,,,
,0.181,0.612,0.001
543,5.093,,,
,0.182,0.606,0.001
544,5.557,,,
,0.183,0.613,0.001
545,4.955,,,
,0.181,0.619,0.001
546,5.080,,,
,0.183,0.612,0.001
547,4.941,,,
,0.189,0.616,0.001
548,5.063,,,
,0.182,0.616,0.000
549,5.667,,,
,0.182,0.608,0.002
550,6.232,,,
,0.183,0.622,0.000
551,5.688,,,
,0.185,0.620,0.001
552,6.002,,,
,0.185,0.612,0.002
553,5.595,,,
,0.183,0.612,0.000
554,4.862,,,
,0.181,0.610,0.001
555,6.228,,,
,0.183,0.616,0.001
556,5.300,,,
,0.182,0.612,0.003
557,5.303,,,
,0.182,0.617,0.001
558,5.842,,,
,0.183,0.612,0.001
559,5.553,,,
,0.183,0.609,0.002
560,5.576,,,
,0.183,0.616,0.002
561,5.073,,,
,0.182,0.612,0.001
562,5.624,,,
,0.184,0.612,0.001
563,6.028,,,
,0.183,0.611,0.002
564,6.242,,,
,0.182,0.612,0.002
565,5.784,,,
,0.181,0.610,0.000
566,5.353,,,
,0.190,0.623,0.001
567,5.101,,,
,0.183,0.611,0.002
568,5.557,,,
,0.186,0.631,0.000
569,5.604,,,
,0.185,0.629,0.002
570,5.242,,,
,0.184,0.632,0.001
571,6.227,,,
,0.189,0.630,0.000
572,5.334,,,
,0.185,0.639,0.001
573,6.068,,,
,0.186,0.630,0.002
574,5.401,,,
,0.187,0.629,0.001
575,5.610,,,
,0.185,0.629,0.000
576,6.324,,,
,0.185,0.637,0.000
577,6.560,,,
,0.186,0.631,0.002
578,6.648,,,
,0.184,0.645,0.000
579,6.179,,,
,0.185,0.634,0.001
580,5.657,,,
,0.186,0.629,0.002
581,6.005,,,
,0.185,0.631,0.001
582,6.240,,,
,0.188,0.632,0.001
583,5.761,,,
,0.183,0.633,0.001
584,5.673,,,
,0.185,0.633,0.002
585,5.620,,,
,0.184,0.631,0.001
586,5.473,,,
,0.185,0.629,0.001
587,5.858,,,
,0.187,0.631,0.001
588,6.367,,,
,0.184,0.633,0.000
589,5.810,,,
,0.184,0.632,0.001
590,6.114,,,
,0.185,0.633,0.002
591,6.118,,,
,0.185,0.646,0.000
592,5.350,,,
,0.186,0.631,0.002
593,6.008,,,
,0.192,0.639,0.002
594,5.417,,,
,0.184,0.632,0.001
595,5.434,,,
,0.184,0.632,0.001
596,5.289,,,
,0.185,0.636,0.002
597,5.364,,,
,0.184,0.632,0.001
598,5.849,,,
,0.184,0.630,0.000
599,6.110,,,
,13.949,0.643,0.002
600,7.966,,,
,0.188,0.648,0.001
601,8.133,,,
,0.185,0.643,0.002
602,10.500,,,
,0.187,0.641,0.001
603,7.696,,,
,0.191,0.645,0.000
604,8.696,,,
,0.186,0.639,0.000
605,7.304,,,
,0.191,0.645,0.000
606,5.513,,,
,0.187,0.639,0.002
607,5.697,,,
,0.186,0.643,0.000
608,6.086,,,
,0.186,0.640,0.001
609,5.584,,,
,0.186,0.642,0.002
610,6.277,,,
,0.186,0.643,0.002
611,5.615,,,
,0.186,0.643,0.000
612,5.564,,,
,0.188,0.640,0.001
613,6.373,,,
,0.185,0.642,0.001
614,5.471,,,
,0.186,0.642,0.001
615,5.359,,,
,0.185,0.642,0.002
616,5.482,,,
,0.185,0.640,0.002
617,5.367,,,
,0.185,0.641,0.002
618,5.699,,,
,0.186,0.642,0.002
619,5.162,,,
,0.186,0.640,0.002
620,5.572,,,
,0.187,0.642,0.001
621,7.345,,,
,0.187,0.639,0.000
622,5.615,,,
,0.185,0.643,0.001
623,5.896,,,
,0.186,0.639,0.002
624,5.832,,,
,0.186,0.649,0.001
625,5.313,,,
,0.197,0.641,0.001
626,6.178,,,
,0.187,0.641,0.001
627,6.785,,,
,0.184,0.651,0.001
628,6.154,,,
,0.186,0.641,0.000
629,6.264,,,
,0.186,0.639,0.002
630,5.784,,,
,0.190,0.662,0.001
631,5.584,,,
,0.191,0.660,0.001
632,6.211,,,
,0.188,0.663,0.001
633,5.383,,,
,0.189,0.670,0.002
634,5.860,,,
,0.189,0.666,0.002
635,5.397,,,
,0.192,0.663,0.001
636,6.356,,,
,0.188,0.663,0.001
637,6.258,,,
,0.201,0.665,0.001
638,6.601,,,
,0.201,0.661,0.000
639,6.293,,,
,0.194,0.664,0.000
640,7.162,,,
,0.188,0.662,0.001
641,6.349,,,
,0.188,0.668,0.002
642,6.644,,,
,0.188,0.662,0.002
643,7.608,,,
,0.188,0.666,0.000
644,6.239,,,
,0.189,0.682,0.001
645,7.876,,,
,0.188,0.662,0.000
646,7.381,,,
,0.189,0.666,0.002
647,6.262,,,
,0.187,0.665,0.001
648,6.716,,,
,0.190,0.676,0.001
649,11.974,,,
,0.188,0.676,0.001
650,11.056,,,
,0.191,0.664,0.001
651,11.049,,,
,0.192,0.666,0.000
652,10.102,,,
,0.191,0.688,0.001
653,9.446,,,
,0.203,0.692,0.000
654,10.338,,,
,0.197,0.690,0.002
655,11.939,,,
,0.203,0.692,0.000
656,7.853,,,
,0.197,0.694,0.001
657,9.422,,,
,0.190,0.694,0.002
658,12.954,,,
,0.192,0.688,0.000
659,11.358,,,
,0.192,0.687,0.001
660,12.902,,,
,0.191,0.692,0.000
661,10.832,,,
,0.192,0.689,0.002
662,12.222,,,
,0.191,0.692,0.000
663,15.746,,,
,0.192,0.691,0.002
664,12.887,,,
,0.193,0.705,0.002
665,13.043,,,
,1.163,1.316,0.001
666,19.161,,,
,1.148,1.298,0.002
667,193.063,,,
,2.271,9.966,0.002
668,40.317,,,
,1.148,1.298,0.002
669,30.403,,,
,2.271,9.966,0.002
670,19.520,,,
,2.309,10.058,0.002
671,13.289,,,
,2.271,10.137,0.002
672,14.532,,,
,4.712,11.235,0.002
673,27.687,,,
,2.457,10.165,0.002
674,10.242,,,
,4.712,11.235,0.002
675,8.704,,,
,2.277,10.136,0.001
676,8.969,,,
,2.459,10.194,0.001
677,9.642,,,
,4.745,11.188,0.001
678,12.380,,,
,4.877,11.328,0.002
679,7.228,,,
,0.414,3.056,0.001
680,10.410,,,
,0.413,3.052,0.000
681,11.213,,,
,0.414,3.040,0.001
682,10.468,,,
,0.412,3.047,0.002
683,10.834,,,
,0.414,3.040,0.001
684,6.512,,,
,0.412,3.047,0.002
685,10.179,,,
,0.412,3.045,0.000
686,11.344,,,
,0.411,3.046,0.001
687,11.236,,,
,0.408,2.988,0.001
688,11.038,,,
,0.406,2.987,0.001
689,9.522,,,
,0.408,2.988,0.001
690,6.175,,,
,0.406,2.987,0.001
691,7.650,,,
,0.407,2.983,0.001
692,12.886,,,
,0.409,2.988,0.000
693,13.783,,,
,0.406,2.988,0.002
694,11.005,,,
,0.409,2.988,0.000
695,5.746,,,
,0.416,2.696,0.002
696,10.804,,,
,0.357,2.504,0.002
697,8.523,,,
,0.416,2.696,0.002
698,7.941,,,
,0.357,2.504,0.002
699,5.768,,,
,0.358,2.502,0.002
700,10.392,,,
,0.357,2.501,0.002
701,6.909,,,
,0.358,2.502,0.002
702,5.778,,,
,0.359,2.503,0.001
703,7.227,,,
,0.364,2.511,0.001
704,11.105,,,
,0.360,2.499,0.000
705,6.330,,,
,0.364,2.511,0.001
706,6.034,,,
,0.360,2.504,0.003
707,10.776,,,
,0.358,2.497,0.000
708,7.232,,,
,0.360,2.504,0.003
709,5.592,,,
,0.358,2.477,0.001
710,11.848,,,
,0.357,2.465,0.006
711,9.592,,,
,0.369,2.465,0.002
712,8.999,,,
,0.357,2.467,0.001
713,9.597,,,
,0.357,2.473,0.001
714,10.879,,,
,0.358,2.468,0.004
715,11.071,,,
,0.357,2.466,0.001
716,11.749,,,
,0.358,2.468,0.004
717,7.218,,,
,0.332,2.140,0.002
718,10.558,,,
,0.333,2.142,0.000
719,10.380,,,
,0.332,2.140,0.002
720,8.092,,,
,0.331,2.114,0.002
721,9.869,,,
,0.343,2.144,0.000
722,10.524,,,
,0.334,2.141,0.001
723,12.051,,,
,0.343,2.144,0.000
724,8.673,,,
,0.344,2.154,0.002
725,12.576,,,
,0.331,2.108,0.002
726,11.640,,,
,0.334,2.140,0.001
727,12.317,,,
,0.331,2.108,0.002
728,9.075,,,
,0.330,2.118,0.000
729,10.872,,,
,0.331,2.099,0.002
730,11.695,,,
,0.333,2.152,0.002
731,11.403,,,
,0.331,2.099,0.002
732,9.477,,,
,0.338,2.127,0.001
733,11.415,,,
,0.331,2.108,0.002
734,11.117,,,
,0.334,2.141,0.001
735,11.173,,,
,0.336,2.114,0.000
736,14.970,,,
,0.334,2.114,0.001
737,11.819,,,
,0.330,2.105,0.000
738,12.618,,,
,0.334,2.114,0.001
739,7.288,,,
,0.348,2.159,0.001
740,14.231,,,
,0.335,2.152,0.000
741,10.920,,,
,0.333,2.143,0.002
742,10.352,,,
,0.333,2.133,0.001
743,11.188,,,
,0.333,2.143,0.002
744,7.729,,,
,0.332,2.124,0.002
745,10.398,,,
,0.333,2.123,0.000
746,12.613,,,
,0.332,2.124,0.002
747,8.747,,,
,0.333,2.123,0.000
748,8.454,,,
,0.335,2.154,0.002
749,12.087,,,
,0.334,2.165,0.002
750,10.720,,,
,0.335,2.154,0.002
751,10.512,,,
,0.337,2.190,0.002
752,10.311,,,
,0.336,2.199,0.001
753,10.089,,,
,0.336,2.202,0.002
754,11.197,,,
,0.336,2.199,0.001
755,9.640,,,
,0.340,2.144,0.000
756,10.298,,,
,0.334,2.152,0.002
757,10.682,,,
,0.338,2.196,0.002
758,9.937,,,
,0.337,2.188,0.001
759,13.458,,,
,0.336,2.179,0.002
760,10.835,,,
,0.336,2.179,0.001
761,12.149,,,
,0.336,2.171,0.001
762,11.750,,,
,0.338,2.157,0.002
763,11.133,,,
,0.333,2.136,0.002
764,12.759,,,
,0.338,2.157,0.002
765,9.383,,,
,0.333,2.122,0.002
766,12.218,,,
,0.336,2.161,0.001
767,12.217,,,
,0.335,2.165,0.006
768,12.021,,,
,0.332,2.123,0.002
769,10.386,,,
,0.335,2.165,0.006
770,7.492,,,
,0.331,2.123,0.000
771,13.803,,,
,0.336,2.130,0.002
772,10.679,,,
,0.341,2.130,0.002
773,11.721,,,
,0.336,2.130,0.002
774,8.922,,,
,0.341,2.130,0.002
775,10.067,,,
,0.346,2.132,0.000
776,12.819,,,
,0.333,2.123,0.000
777,10.182,,,
,0.333,2.122,0.001
778,10.699,,,
,0.339,2.174,0.001
779,10.977,,,
,0.340,2.196,0.000
780,10.035,,,
,0.338,2.201,0.002
781,9.357,,,
,0.338,2.199,0.003
782,10.583,,,
,0.338,2.201,0.002
783,8.180,,,
,0.337,2.186,0.001
784,8.613,,,
,0.338,2.185,0.001
785,11.789,,,
,0.338,2.204,0.000
786,10.860,,,
,0.338,2.205,0.000
787,13.034,,,
,0.334,2.143,0.001
788,10.655,,,
,0.335,2.148,0.000
789,10.868,,,
,0.335,2.155,0.001
790,10.445,,,
,0.334,2.179,0.002
791,9.792,,,
,0.337,2.175,0.001
792,9.475,,,
,0.337,2.174,0.001
793,8.988,,,
,0.337,2.179,0.000
794,11.046,,,
,0.335,2.146,0.001
795,10.605,,,
,0.337,2.179,0.000
796,7.347,,,
,0.334,2.160,0.000
797,9.435,,,
,0.335,2.135,0.001
798,9.484,,,
,0.339,2.188,0.002
799,9.525,,,
,0.334,2.149,0.002
800,9.767,,,
,0.339,2.188,0.002
801,7.118,,,
,0.334,2.174,0.002
802,10.195,,,
,0.336,2.134,0.002
803,10.917,,,
,0.334,2.146,0.002
804,11.050,,,
,0.335,2.146,0.002
805,11.514,,,
,0.332,2.151,0.000
806,10.915,,,
,0.338,2.149,0.002
807,10.920,,,
,0.332,2.133,0.002
808,11.062,,,
,0.340,2.159,0.001
809,12.323,,,
,0.332,2.133,0.002
810,8.809,,,
,0.340,2.159,0.001
811,8.462,,,
,0.334,2.134,0.000
812,12.068,,,
,0.335,2.148,0.001
813,10.517,,,
,0.336,2.174,0.002
814,10.364,,,
,0.344,2.178,0.000
815,9.735,,,
,0.336,2.170,0.002
816,9.261,,,
,0.339,2.175,0.002
817,10.451,,,
,0.333,2.132,0.002
818,10.373,,,
,0.339,2.145,0.000
819,13.218,,,
,0.334,2.158,0.000
820,12.915,,,
,0.336,2.181,0.000
821,10.996,,,
,0.334,2.158,0.000
822,8.367,,,
,0.333,2.132,0.000
823,10.835,,,
,0.332,2.147,0.001
824,9.401,,,
,0.334,2.167,0.002
825,9.255,,,
,0.332,2.147,0.001
826,6.902,,,
,0.338,2.187,0.000
827,12.809,,,
,0.337,2.189,0.001
828,10.327,,,
,0.339,2.185,0.000
829,10.701,,,
,0.334,2.154,0.002
830,11.494,,,
,0.336,2.179,0.001
831,11.045,,,
,0.336,2.176,0.002
832,10.432,,,
,0.336,2.175,0.000
833,10.693,,,
,0.336,2.171,0.000
834,11.034,,,
,0.336,2.175,0.000
835,8.743,,,
,0.336,2.175,0.002
836,10.873,,,
,0.334,2.177,0.000
837,10.544,,,
,0.335,2.150,0.001
838,10.038,,,
,0.341,2.149,0.000
839,10.059,,,
,0.341,2.156,0.001
840,10.173,,,
,0.336,2.172,0.002
841,10.444,,,
,0.335,2.187,0.001
842,10.143,,,
,0.336,2.172,0.002
843,6.708,,,
,0.337,2.157,0.001
844,11.814,,,
,0.339,2.223,0.003
845,10.127,,,
,0.337,2.157,0.001
846,8.002,,,
,0.336,2.162,0.001
847,13.745,,,
,0.342,2.165,0.001
848,11.773,,,
,0.335,2.166,0.001
849,13.686,,,
,0.336,2.175,0.001
850,11.889,,,
,0.335,2.167,0.015
851,11.820,,,
,0.336,2.175,0.001
852,8.108,,,
,0.335,2.167,0.015
853,6.471,,,
,0.342,2.178,0.001
854,12.369,,,
,0.336,2.175,0.010
855,7.229,,,
,0.337,2.202,0.002
856,11.941,,,
,0.339,2.206,0.002
857,9.680,,,
,0.337,2.202,0.002
858,8.116,,,
,0.338,2.200,0.002
859,9.935,,,
,0.339,2.202,0.000
860,9.272,,,
,0.339,2.204,0.001
861,10.491,,,
,0.338,2.199,0.001
862,12.079,,,
,0.349,2.203,0.002
863,16.670,,,
,0.335,2.148,0.002
864,13.522,,,
,0.334,2.145,0.002
865,13.760,,,
,0.335,2.148,0.002
866,9.757,,,
,0.343,2.147,0.004
867,12.252,,,
,0.336,2.162,0.001
868,12.101,,,
,0.334,2.144,0.001
869,11.630,,,
,0.334,2.145,0.002
870,10.872,,,
,0.336,2.141,0.000
871,11.638,,,
,0.334,2.145,0.002
872,9.059,,,
,0.336,2.141,0.000
873,8.765,,,
,0.332,2.125,0.000
874,10.019,,,
,0.346,2.157,0.001
875,7.615,,,
,0.332,2.125,0.000
876,10.374,,,
,0.337,2.200,0.001
877,11.313,,,
,0.337,2.198,0.002
878,11.002,,,
,0.337,2.184,0.002
879,10.960,,,
,0.337,2.198,0.002
880,8.376,,,
,0.335,2.149,0.002
881,9.667,,,
,0.335,2.140,0.001
882,9.174,,,
,0.335,2.149,0.002
883,8.816,,,
,0.336,2.173,0.001
884,9.194,,,
,0.335,2.173,0.001
885,10.404,,,
,0.336,2.173,0.001
886,8.862,,,
,0.337,2.175,0.002
887,9.237,,,
,0.338,2.203,0.001
888,11.976,,,
,0.337,2.201,0.001
889,10.215,,,
,0.337,2.202,0.002
890,9.055,,,
,0.337,2.204,0.000
891,10.606,,,
,0.337,2.202,0.002
892,10.185,,,
,0.337,2.200,0.002
893,9.376,,,
,0.335,2.204,0.000
894,9.357,,,
,0.338,2.209,0.001
895,11.596,,,
,0.335,2.204,0.000
896,7.691,,,
,0.338,2.171,0.001
897,11.107,,,
,0.339,2.173,0.001
898,9.603,,,
,0.338,2.171,0.001
899,10.480,,,
,0.335,2.155,0.002
900,10.356,,,
,0.335,2.152,0.001
901,11.101,,,
,0.335,2.155,0.002
902,8.282,,,
,0.336,2.186,0.003
903,9.895,,,
,0.339,2.204,0.001
904,13.676,,,
,0.337,2.205,0.003
905,10.482,,,
,0.339,2.204,0.001
906,8.694,,,
,0.337,2.204,0.001
907,9.258,,,
,0.338,2.198,0.000
908,13.576,,,
,0.337,2.204,0.001
909,11.041,,,
,0.338,2.198,0.000
910,9.576,,,
,0.338,2.198,0.002
911,8.965,,,
,0.335,2.161,0.002
912,12.109,,,
,0.336,2.173,0.000
913,11.299,,,
,0.335,2.161,0.002
914,7.206,,,
,0.339,2.187,0.000
915,12.031,,,
,0.338,2.183,0.001
916,8.091,,,
,0.336,2.188,0.001
917,10.972,,,
,0.336,2.183,0.001
918,8.040,,,
,0.336,2.188,0.001
919,6.970,,,
,0.344,2.202,0.001
920,12.908,,,
,0.338,2.201,0.001
921,11.476,,,
,0.338,2.206,0.002
922,9.975,,,
,0.337,2.199,0.001
923,11.057,,,
,0.338,2.202,0.001
924,11.420,,,
,0.337,2.199,0.001
925,8.663,,,
,0.338,2.202,0.001
926,6.601,,,
,0.340,2.240,0.001
927,12.715,,,
,0.334,2.165,0.002
928,6.772,,,
,0.339,2.230,0.001
929,12.214,,,
,0.340,2.232,0.001
930,9.979,,,
,0.339,2.230,0.001
931,7.481,,,
,0.341,2.217,0.001
932,12.108,,,
,0.339,2.220,0.001
933,6.777,,,
,0.338,2.216,0.000
934,12.402,,,
,0.339,2.212,0.001
935,11.139,,,
,0.338,2.222,0.002
936,9.855,,,
,0.339,2.212,0.001
937,9.313,,,
,0.342,2.206,0.000
938,9.908,,,
,0.339,2.202,0.002
939,7.425,,,
,0.339,2.207,0.000
940,12.567,,,
,0.340,2.204,0.001
941,10.244,,,
,0.359,2.189,0.003
942,11.198,,,
,0.340,2.204,0.001
943,9.223,,,
,0.339,2.152,0.002
944,10.396,,,
,0.334,2.153,0.003
945,10.591,,,
,0.339,2.152,0.002
946,7.249,,,
,0.344,2.173,0.001
947,11.439,,,
,0.337,2.172,0.000
948,10.829,,,
,0.344,2.173,0.001
949,7.709,,,
,0.334,2.141,0.002
950,12.435,,,
,0.333,2.152,0.002
951,10.593,,,
,0.338,2.142,0.001
952,10.903,,,
,0.333,2.152,0.002
953,6.993,,,
,0.336,2.173,0.000
954,12.124,,,
,0.337,2.199,0.001
955,12.976,,,
,0.346,1.977,0.001
956,3.885,,,
,0.338,1.976,0.001
957,3.799,,,
,0.339,1.980,0.001
958,5.633,,,
,0.365,1.995,0.001
959,3.767,,,
,0.349,1.980,0.001
960,3.869,,,
,0.365,1.995,0.001
961,0.986,,,
,0.349,1.980,0.001
962,1.998,,,
,0.364,2.823,0.001
963,3.989,,,
,0.341,2.988,0.001
964,0.934,,,
,0.362,3.033,0.002
965,6.179,,,
,0.370,2.505,0.002
966,0.720,,,
,0.368,3.673,0.001
967,6.747,,,
,0.370,2.507,0.000
968,0.773,,,
,0.368,3.673,0.001
969,1.257,,,
,0.468,3.364,0.001
970,1.095,,,
,0.465,4.390,0.001
971,0.745,,,
,0.470,3.100,0.001
972,0.797,,,
,0.465,4.644,0.001
973,1.425,,,
,0.521,4.837,0.001
974,1.104,,,
,0.511,3.406,0.002
975,1.195,,,
,0.501,3.301,0.001
976,5.444,,,
,1.265,3.904,0.002
977,1.080,,,
,0.501,3.301,0.001
978,0.713,,,
,0.496,3.301,0.000
979,1.102,,,
,1.251,3.890,0.000
980,0.873,,,
,0.478,3.157,0.001
981,1.043,,,
,0.479,3.142,0.001
982,4.791,,,
,0.478,4.517,0.001
983,1.086,,,
,0.479,3.142,0.001
984,1.244,,,
,0.463,3.045,0.001
985,1.205,,,
,0.458,4.424,0.001
986,0.928,,,
,0.465,3.054,0.000
987,0.916,,,
,0.464,3.050,0.002
988,4.658,,,
,1.165,3.615,0.002
989,0.857,,,
,0.464,3.050,0.002
990,1.185,,,
,0.459,2.966,0.002
991,4.667,,,
,0.458,2.965,0.000
992,4.580,,,
,0.459,2.966,0.002
993,0.994,,,
,0.458,2.965,0.000
994,0.943,,,
,0.457,2.968,0.002
995,0.683,,,
,0.446,4.221,0.001
996,1.181,,,
,0.450,4.176,0.002
997,0.762,,,
,0.440,2.890,0.002
998,1.118,,,
,0.437,4.155,0.001
999,0.831,,,
,0.439,4.168,0.002
1000,0.687,,,
,0.436,3.135,0.000
1001,0.884,,,
,0.435,4.114,0.001
1002,1.051,,,
,0.441,4.170,0.001
1003,0.768,,,
,0.440,2.894,0.000
1004,0.868,,,
,0.436,4.130,0.000
1005,1.156,,,
,0.443,4.114,0.001
1006,0.934,,,
,0.432,2.846,0.000
1007,0.675,,,
,0.430,4.057,0.001
1008,1.241,,,
,0.433,4.082,0.000
1009,0.842,,,
,0.437,2.845,0.002
1010,1.462,,,
,0.430,3.084,0.001
1011,4.834,,,
,0.431,4.059,0.001
1012,1.065,,,
,0.430,3.084,0.001
1013,0.917,,,
,0.430,2.849,0.002
1014,1.258,,,
,0.434,4.108,0.001
1015,0.818,,,
,0.439,2.894,0.000
1016,0.718,,,
,1.109,3.428,0.001
1017,0.972,,,
,1.112,3.429,0.002
1018,0.918,,,
,0.437,2.851,0.001
1019,0.815,,,
,0.427,4.045,0.002
1020,1.073,,,
,0.435,4.059,0.000
1021,0.798,,,
,0.429,3.088,0.001
1022,2.800,,,
,0.430,4.049,0.001
1023,1.118,,,
,0.432,4.063,0.000
1024,0.914,,,
,0.430,3.078,0.001
1025,1.480,,,
,1.087,3.371,0.001
1026,1.320,,,
,0.434,4.021,0.002
1027,0.958,,,
,0.430,3.078,0.001
1028,0.883,,,
,0.428,4.043,0.002
1029,1.349,,,
,0.436,4.052,0.001
1030,1.039,,,
,0.440,2.890,0.000
1031,0.942,,,
,0.441,2.885,0.001
1032,5.046,,,
,0.440,4.153,0.000
1033,0.981,,,
,0.441,2.885,0.001
1034,0.907,,,
,0.428,3.084,0.001
1035,4.829,,,
,0.430,4.043,0.001
1036,0.797,,,
,0.428,3.084,0.001
1037,0.797,,,
,0.429,3.079,0.000
1038,4.623,,,
,0.428,4.042,0.001
1039,0.749,,,
,0.429,3.079,0.000
1040,0.763,,,
,0.428,3.076,0.002
1041,0.867,,,
,0.434,4.041,0.002
1042,0.722,,,
,0.431,3.088,0.002
1043,0.697,,,
,0.434,4.114,0.000
1044,0.816,,,
,0.438,4.141,0.001
1045,0.936,,,
,0.439,3.135,0.001
1046,0.819,,,
,0.433,4.112,0.001
1047,1.063,,,
,0.441,4.164,0.002
1048,0.736,,,
,0.436,3.132,0.001
1049,1.916,,,
,0.443,2.849,0.001
1050,4.698,,,
,0.442,4.159,0.000
1051,0.875,,,
,0.443,2.849,0.001
1052,0.757,,,
,0.434,2.844,0.001
1053,0.846,,,
,0.429,4.043,0.000
1054,0.686,,,
,0.431,3.079,0.000
1055,0.720,,,
,0.429,4.038,0.000
1056,0.831,,,
,0.433,4.054,0.001
1057,1.577,,,
,0.430,3.080,0.001
1058,0.696,,,
,0.429,4.043,0.000
1059,1.066,,,
,0.434,4.076,0.001
1060,0.930,,,
,0.430,3.084,0.000
1061,2.711,,,
,0.431,4.041,0.001
1062,0.982,,,
,0.434,4.056,0.001
1063,0.755,,,
,0.435,3.083,0.001
1064,1.664,,,
,0.450,2.849,0.001
1065,5.782,,,
,0.436,2.839,0.002
1066,4.559,,,
,0.450,2.849,0.001
1067,2.606,,,
,0.436,2.839,0.002
1068,0.779,,,
,0.430,2.834,0.002
1069,0.836,,,
,0.429,4.054,0.005
1070,1.241,,,
,0.458,4.057,0.002
1071,0.973,,,
,0.435,2.843,0.000
1072,0.736,,,
,0.429,4.039,0.001
1073,0.846,,,
,0.444,4.047,0.001
1074,1.761,,,
,0.432,3.082,0.000
1075,0.715,,,
,0.427,4.030,0.002
1076,1.057,,,
,0.435,4.065,0.002
1077,0.929,,,
,0.437,3.127,0.002
1078,2.777,,,
,0.431,4.111,0.001
1079,1.155,,,
,0.440,4.157,0.001
1080,0.935,,,
,0.440,2.885,0.001
1081,1.007,,,
,0.435,4.142,0.001
1082,1.119,,,
,1.116,3.422,0.001
1083,0.781,,,
,0.440,2.891,0.001
1084,0.744,,,
,0.435,4.125,0.001
1085,1.257,,,
,0.438,4.117,0.002
1086,1.080,,,
,0.430,2.847,0.001
1087,0.798,,,
,1.084,3.362,0.001
1088,1.210,,,
,1.101,3.365,0.002
1089,0.822,,,
,0.429,2.835,0.001
1090,0.678,,,
,0.437,2.844,0.001
1091,4.823,,,
,0.431,4.096,0.000
1092,0.933,,,
,0.437,2.844,0.001
1093,0.895,,,
,0.432,2.843,0.000
1094,0.980,,,
,0.432,2.845,0.001
1095,0.723,,,
,0.432,3.085,0.001
1096,4.422,,,
,0.430,3.195,0.002
1097,13.142,,,
,0.389,2.752,0.001
1098,13.661,,,
,0.430,3.195,0.002
1099,9.398,,,
,0.389,2.752,0.001
1100,8.711,,,
,0.382,2.744,0.002
1101,8.199,,,
,0.343,2.288,0.001
1102,14.087,,,
,0.340,2.245,0.000
1103,9.880,,,
,0.343,2.288,0.001
1104,13.728,,,
,0.340,2.245,0.000
1105,8.460,,,
,0.336,2.163,0.002
1106,9.511,,,
,0.335,2.158,0.001
1107,8.979,,,
,0.337,2.191,0.000
1108,10.876,,,
,0.336,2.201,0.001
1109,10.268,,,
,0.337,2.191,0.000
1110,8.413,,,
,0.336,2.201,0.001
1111,10.048,,,
,0.338,2.188,0.000
1112,10.715,,,
,0.336,2.190,0.001
1113,8.965,,,
,0.338,2.188,0.000
1114,10.178,,,
,0.338,2.208,0.002
1115,11.275,,,
,0.336,2.204,0.002
1116,10.311,,,
,0.338,2.208,0.002
1117,9.549,,,
,0.338,2.206,0.001
1118,10.154,,,
,0.339,2.203,0.001
1119,12.274,,,
,0.338,2.206,0.001
1120,9.270,,,
,0.337,2.206,0.001
1121,11.360,,,
,0.343,2.195,0.000
1122,10.077,,,
,0.339,2.191,0.001
1123,10.069,,,
,0.343,2.195,0.000
1124,11.465,,,
,0.338,2.174,0.001
1125,10.053,,,
,0.336,2.154,0.001
1126,11.883,,,
,0.336,2.176,0.000
1127,12.463,,,
,0.336,2.154,0.001
1128,14.601,,,
,0.334,2.143,0.001
1129,15.682,,,
,0.334,2.150,0.002
1130,12.165,,,
,0.334,2.154,0.001
1131,13.668,,,
,0.333,2.144,0.002
1132,11.453,,,
,0.334,2.154,0.001
1133,12.491,,,
,0.334,2.155,0.001
1134,11.825,,,
,0.334,2.177,0.002
1135,13.574,,,
,0.334,2.146,0.000
1136,11.541,,,
,0.334,2.177,0.002
1137,9.286,,,
,0.334,2.161,0.001
1138,10.463,,,
,0.334,2.173,0.002
1139,11.310,,,
,0.337,2.185,0.000
1140,11.979,,,
,0.334,2.173,0.002
1141,9.326,,,
,0.347,2.194,0.002
1142,10.273,,,
,0.339,2.202,0.002
1143,10.519,,,
,0.347,2.194,0.002
1144,10.919,,,
,0.339,2.202,0.002
1145,8.325,,,
,0.335,2.151,0.001
1146,12.877,,,
,0.336,2.165,0.000
1147,11.666,,,
,0.339,2.200,0.001
1148,11.579,,,
,0.342,2.206,0.000
1149,11.988,,,
,0.348,2.191,0.001
1150,11.919,,,
,0.335,2.189,0.001
1151,10.250,,,
,0.333,2.144,0.001
1152,16.891,,,
,0.335,2.189,0.001
1153,8.457,,,
,0.333,2.144,0.001
1154,7.541,,,
,0.335,2.156,0.001
1155,9.926,,,
,0.335,2.155,0.001
1156,8.114,,,
,0.338,2.206,0.002
1157,12.910,,,
,0.342,2.200,0.002
1158,11.555,,,
,0.338,2.206,0.002
1159,9.948,,,
,0.346,2.206,0.001
1160,11.810,,,
,0.336,2.189,0.000
1161,10.956,,,
,0.336,2.183,0.000
1162,12.263,,,
,0.336,2.192,0.000
1163,11.921,,,
,0.336,2.183,0.000
1164,9.726,,,
,0.337,2.190,0.001
1165,11.112,,,
,0.338,2.189,0.004
1166,9.994,,,
,0.337,2.190,0.001
1167,7.590,,,
,0.335,2.179,0.000
1168,12.821,,,
,0.337,2.180,0.002
1169,11.619,,,
,0.351,2.181,0.000
1170,10.964,,,
,0.343,2.179,0.002
1171,10.940,,,
,0.339,2.206,0.002
1172,17.402,,,
,0.343,2.179,0.002
1173,10.542,,,
,0.337,2.183,0.000
1174,11.316,,,
,0.336,2.180,0.002
1175,9.404,,,
,0.337,2.191,0.004
1176,11.906,,,
,0.337,2.188,0.001
1177,10.739,,,
,0.337,2.195,0.002
1178,12.283,,,
,0.337,2.188,0.001
1179,9.782,,,
,0.337,2.195,0.002
1180,8.078,,,
,0.337,2.185,0.000
1181,13.568,,,
,0.337,2.189,0.001
1182,11.420,,,
,0.337,2.185,0.000
1183,9.611,,,
,0.337,2.189,0.001
1184,9.140,,,
,0.338,2.175,0.000
1185,11.220,,,
,0.340,2.202,0.000
1186,7.572,,,
,0.351,2.207,0.001
1187,12.461,,,
,0.339,2.203,0.000
1188,12.339,,,
,0.337,2.191,0.001
1189,12.330,,,
,0.339,2.203,0.000
1190,8.514,,,
,0.337,2.198,0.004
1191,10.363,,,
,0.337,2.207,0.001
1192,11.919,,,
,0.337,2.198,0.004
1193,8.449,,,
,0.337,2.211,0.002
1194,9.937,,,
,0.338,2.204,0.001
1195,11.635,,,
,0.337,2.211,0.002
1196,8.165,,,
,0.339,2.202,0.002
1197,10.370,,,
,0.339,2.221,0.001
1198,11.278,,,
,0.338,2.218,0.000
1199,11.009,,,
,0.339,2.221,0.001
1200,8.621,,,
,0.335,2.167,0.004
1201,9.812,,,
,0.336,2.166,0.001
1202,9.844,,,
,0.335,2.167,0.004
1203,9.066,,,
,0.337,2.178,0.002
1204,11.229,,,
,0.348,2.217,0.001
1205,7.811,,,
,0.337,2.178,0.002
1206,10.606,,,
,0.338,2.201,0.002
1207,10.016,,,
,0.338,2.191,0.002
1208,9.540,,,
,0.339,2.198,0.001
1209,10.916,,,
,0.342,2.202,0.002
1210,10.738,,,
,0.337,2.208,0.002
1211,10.467,,,
,0.337,2.200,0.001
1212,10.598,,,
,0.337,2.208,0.001
1213,11.866,,,
,0.337,2.205,0.000
1214,11.245,,,
,0.341,2.155,0.001
1215,11.523,,,
,0.337,2.205,0.000
1216,7.877,,,
,0.334,2.154,0.000
1217,12.596,,,
,0.337,2.197,0.001
1218,15.599,,,
,0.337,2.192,0.001
1219,13.956,,,
,0.337,2.197,0.001
1220,8.635,,,
,0.334,2.145,0.000
1221,11.160,,,
,0.337,2.172,0.000
1222,12.473,,,
,0.340,2.202,0.003
1223,11.016,,,
,0.337,2.172,0.000
1224,9.058,,,
,0.340,2.202,0.003
1225,8.520,,,
,0.337,2.171,0.004
1226,10.028,,,
,0.334,2.167,0.001
1227,9.731,,,
,0.344,2.266,0.000
1228,9.893,,,
,0.340,2.245,0.001
1229,13.688,,,
,0.344,2.220,0.001
1230,10.822,,,
,0.340,2.245,0.001
1231,7.876,,,
,0.336,2.177,0.000
1232,12.820,,,
,0.335,2.171,0.005
1233,8.341,,,
,0.336,2.177,0.000
1234,7.352,,,
,0.338,2.200,0.001
1235,13.426,,,
,0.344,2.209,0.001
1236,10.929,,,
,0.338,2.200,0.001
1237,7.622,,,
,0.344,2.209,0.001
1238,9.998,,,
,0.337,2.206,0.002
1239,13.269,,,
,0.338,2.191,0.003
1240,12.271,,,
,0.337,2.189,0.000
1241,12.117,,,
,0.339,2.152,0.001
1242,11.051,,,
,0.338,2.191,0.001
1243,10.790,,,
,0.339,2.152,0.001
1244,7.714,,,
,0.337,2.179,0.002
1245,13.384,,,
,0.335,2.165,0.000
1246,8.854,,,
,0.337,2.179,0.002
1247,9.151,,,
,0.339,2.176,0.001
1248,11.136,,,
,0.343,2.233,0.002
1249,10.912,,,
,0.339,2.176,0.001
1250,7.208,,,
,0.343,2.233,0.002
1251,10.143,,,
,0.339,2.201,0.001
1252,12.073,,,
,0.339,2.205,0.001
1253,8.464,,,
,0.345,2.208,0.001
1254,11.376,,,
,0.337,2.208,0.002
1255,11.348,,,
,0.345,2.208,0.001
1256,8.574,,,
,0.335,2.152,0.001
1257,13.639,,,
,0.336,2.164,0.001
1258,11.491,,,
,0.337,2.169,0.000
1259,13.669,,,
,0.336,2.167,0.001
1260,13.370,,,
,0.340,2.136,0.000
1261,12.220,,,
,0.336,2.167,0.001
1262,10.840,,,
,0.335,2.128,0.001
1263,17.536,,,
,0.335,2.161,0.001
1264,11.637,,,
,0.334,2.119,0.001
1265,10.252,,,
,0.332,2.128,0.001
1266,15.701,,,
,0.341,2.169,0.002
1267,10.547,,,
,0.332,2.128,0.001
1268,8.409,,,
,0.341,2.169,0.002
1269,10.736,,,
,0.339,2.207,0.001
1270,10.360,,,
,0.342,2.214,0.000
1271,11.884,,,
,0.339,2.205,0.001
1272,11.312,,,
,0.338,2.219,0.004
1273,11.493,,,
,0.335,2.154,0.002
1274,11.893,,,
,0.334,2.165,0.002
1275,10.986,,,
,0.336,2.167,0.000
1276,13.692,,,
,0.334,2.142,0.004
1277,11.375,,,
,0.334,2.140,0.004
1278,12.081,,,
,0.337,2.157,0.002
1279,11.226,,,
,0.334,2.140,0.004
1280,9.727,,,
,0.337,2.157,0.002
1281,8.970,,,
,0.337,2.187,0.001
1282,12.526,,,
,0.337,2.198,0.001
1283,11.103,,,
,0.337,2.187,0.001
1284,10.448,,,
,0.336,2.173,0.003
1285,10.993,,,
,0.335,2.144,0.000
1286,12.244,,,
,0.345,2.176,0.002
1287,12.457,,,
,0.336,2.177,0.002
1288,11.619,,,
,0.344,2.154,0.002
1289,12.791,,,
,0.337,2.173,0.001
1290,12.100,,,
,0.334,2.167,0.002
1291,12.012,,,
,0.338,2.165,0.002
1292,12.086,,,
,0.335,2.164,0.001
1293,11.291,,,
,0.335,2.146,0.001
1294,13.193,,,
,0.335,2.164,0.001
1295,9.633,,,
,0.336,2.178,0.001
1296,14.447,,,
,0.334,2.141,0.001
1297,13.346,,,
,0.345,2.171,0.000
1298,12.237,,,
,0.334,2.166,0.000
1299,12.553,,,
,0.345,2.171,0.000
1300,7.459,,,
,0.334,2.140,0.001
1301,12.756,,,
,0.335,2.159,0.000
1302,10.964,,,
,0.341,2.169,0.000
1303,11.424,,,
,0.338,2.183,0.001
1304,10.012,,,
,0.338,2.213,0.000
1305,16.064,,,
,0.339,2.191,0.002
1306,13.171,,,
,0.359,1.919,0.000
1307,3.945,,,
,0.339,2.191,0.002
1308,0.892,,,
,0.362,1.925,0.000
1309,3.120,,,
,0.362,1.921,0.001
1310,0.754,,,
,0.362,1.925,0.000
1311,0.663,,,
,0.362,1.931,0.001
1312,0.620,,,
,0.352,2.527,0.000
1313,0.703,,,
,0.379,2.800,0.002
1314,5.961,,,
,0.388,2.431,0.001
1315,1.028,,,
,0.379,2.813,0.001
1316,5.599,,,
,0.390,2.481,0.001
1317,0.883,,,
,0.394,4.024,0.001
1318,7.258,,,
,0.388,2.486,0.001
1319,0.675,,,
,0.394,4.024,0.001
1320,0.794,,,
,0.543,3.874,0.001
1321,0.715,,,
,0.546,3.584,0.002
1322,5.533,,,
,0.544,5.081,0.001
1323,1.333,,,
,0.546,3.584,0.002
1324,0.943,,,
,0.545,3.580,0.001
1325,5.737,,,
,0.541,5.085,0.002
1326,0.768,,,
,0.545,3.580,0.001
1327,0.787,,,
,0.543,3.619,0.000
1328,0.945,,,
,1.175,3.634,0.001
1329,0.887,,,
,0.482,3.075,0.001
1330,0.743,,,
,0.464,4.348,0.001
1331,1.065,,,
,1.180,3.630,0.002
1332,0.796,,,
,0.471,3.066,0.001
1333,1.105,,,
,0.467,4.363,0.002
1334,1.273,,,
,1.178,3.631,0.002
1335,0.921,,,
,0.471,3.068,0.001
1336,1.037,,,
,0.473,3.070,0.002
1337,5.058,,,
,1.178,3.629,0.001
1338,0.859,,,
,0.473,3.070,0.002
1339,0.679,,,
,0.464,3.324,0.001
1340,1.091,,,
,0.456,4.302,0.001
1341,0.879,,,
,0.460,2.982,0.001
1342,0.929,,,
,0.462,2.986,0.001
1343,4.913,,,
,0.460,4.231,0.002
1344,0.896,,,
,0.462,2.986,0.001
1345,0.709,,,
,0.462,2.981,0.001
1346,4.576,,,
,0.462,2.913,0.002
1347,4.819,,,
,0.462,2.981,0.001
1348,0.988,,,
,0.462,2.913,0.002
1349,0.896,,,
,0.457,2.916,0.000
1350,0.878,,,
,0.445,4.188,0.001
1351,1.051,,,
,0.452,4.191,0.001
1352,1.821,,,
,0.445,2.907,0.001
1353,0.843,,,
,0.455,2.902,0.000
1354,4.724,,,
,0.456,4.187,0.000
1355,1.286,,,
,0.455,2.902,0.000
1356,1.133,,,
,0.444,2.906,0.000
1357,1.306,,,
,0.443,4.138,0.001
1358,5.531,,,
,0.453,2.903,0.001
1359,1.204,,,
,0.452,2.901,0.001
1360,4.813,,,
,0.446,2.906,0.002
1361,1.078,,,
,0.452,2.901,0.001
1362,4.538,,,
,0.448,2.904,0.002
1363,1.234,,,
,0.452,2.901,0.001
1364,0.953,,,
,0.454,2.809,0.000
1365,1.082,,,
,0.425,2.951,0.001
1366,4.474,,,
,0.428,3.920,0.001
1367,0.969,,,
,0.425,2.951,0.001
1368,1.074,,,
,0.429,2.720,0.001
1369,0.788,,,
,0.444,2.851,0.000
1370,0.779,,,
,0.438,4.110,0.000
1371,1.162,,,
,0.445,4.122,0.000
1372,0.831,,,
,0.450,2.860,0.001
1373,0.870,,,
,0.439,4.073,0.001
1374,1.035,,,
,0.445,4.117,0.002
1375,0.849,,,
,0.441,3.103,0.000
1376,0.793,,,
,0.440,4.057,0.000
1377,1.214,,,
,0.446,4.118,0.001
1378,1.137,,,
,0.453,2.978,0.001
1379,0.941,,,
,1.145,3.536,0.000
1380,1.101,,,
,0.457,4.237,0.001
1381,5.684,,,
,0.462,3.237,0.000
1382,0.909,,,
,0.457,4.237,0.001
1383,0.773,,,
,0.463,2.981,0.001
1384,0.849,,,
,0.456,4.282,0.001
1385,0.943,,,
,0.461,4.189,0.002
1386,0.852,,,
,0.456,2.981,0.000
1387,0.994,,,
,0.456,4.276,0.002
1388,1.223,,,
,0.463,4.229,0.002
1389,0.785,,,
,0.464,2.982,0.000
1390,1.721,,,
,1.138,3.531,0.000
1391,1.052,,,
,1.149,3.538,0.001
1392,0.791,,,
,0.462,2.975,0.000
1393,0.871,,,
,1.142,3.531,0.000
1394,1.004,,,
,0.460,4.246,0.002
1395,0.800,,,
,0.460,3.233,0.001
1396,0.748,,,
,0.454,4.216,0.001
1397,1.159,,,
,0.453,4.196,0.001
1398,0.915,,,
,0.450,2.906,0.002
1399,0.695,,,
,0.448,4.170,0.002
1400,1.195,,,
,0.452,4.223,0.002
1401,1.003,,,
,0.460,2.980,0.001
1402,1.799,,,
,0.453,4.234,0.002
1403,1.149,,,
,1.157,3.539,0.002
1404,0.827,,,
,0.460,2.984,0.001
1405,0.804,,,
,0.454,4.273,0.001
1406,1.067,,,
,0.459,4.225,0.002
1407,0.750,,,
,0.459,2.981,0.002
1408,1.101,,,
,0.463,2.972,0.002
1409,5.434,,,
,1.218,3.535,0.001
1410,1.357,,,
,0.463,2.972,0.002
1411,2.283,,,
,0.453,2.977,0.002
1412,0.814,,,
,0.453,2.961,0.000
1413,0.750,,,
,0.449,2.854,0.000
1414,4.385,,,
,0.449,4.123,0.002
1415,0.994,,,
,0.449,2.854,0.000
1416,0.830,,,
,0.449,2.856,0.001
1417,1.078,,,
,0.441,3.965,0.000
1418,0.764,,,
,0.430,3.016,0.001
1419,0.827,,,
,0.428,3.955,0.002
1420,1.102,,,
,0.436,3.963,0.001
1421,1.782,,,
,0.429,3.068,0.000
1422,0.822,,,
,0.444,4.132,0.001
1423,1.156,,,
,0.449,4.186,0.002
1424,0.940,,,
,0.444,2.899,0.001
1425,0.929,,,
,0.449,2.908,0.001
1426,4.553,,,
,0.454,2.896,0.002
1427,4.728,,,
,0.449,2.908,0.001
1428,1.084,,,
,0.454,2.896,0.002
1429,0.969,,,
,0.445,2.897,0.001
1430,0.816,,,
,0.441,4.066,0.001
1431,1.293,,,
,0.442,4.073,0.000
1432,0.855,,,
,0.437,3.093,0.000
1433,1.790,,,
,0.435,4.065,0.002
1434,1.039,,,
,0.442,4.070,0.001
1435,0.812,,,
,0.435,3.084,0.000
1436,0.862,,,
,0.435,4.068,0.001
1437,1.144,,,
,0.440,4.071,0.002
1438,0.805,,,
,0.435,3.105,0.001
1439,0.832,,,
,1.109,3.436,0.001
1440,1.114,,,
,1.115,3.422,0.002
1441,0.734,,,
,0.447,2.894,0.002
1442,0.757,,,
,0.441,3.142,0.001
1443,4.540,,,
,0.448,4.180,0.001
1444,0.718,,,
,0.441,3.142,0.001
1445,0.885,,,
,0.440,2.908,0.000
1446,0.764,,,
,0.448,2.894,0.000
1447,0.769,,,
,0.440,4.111,0.002
1448,1.236,,,
,0.439,4.115,0.001
1449,0.829,,,
,0.437,2.849,0.001
1450,0.824,,,
,1.094,3.366,0.001
1451,1.183,,,
,1.107,3.381,0.001
1452,0.879,,,
,0.446,2.890,0.002
1453,2.211,,,
,0.453,2.910,0.000
1454,4.970,,,
,0.446,4.173,0.002
1455,1.237,,,
,0.453,2.910,0.000
1456,0.865,,,
,0.455,2.969,0.000
1457,0.912,,,
,0.449,4.262,0.002
1458,0.746,,,
,0.454,2.966,0.001
1459,0.916,,,
,0.450,4.262,0.001
1460,1.148,,,
,0.451,4.157,0.002
1461,0.909,,,
,0.440,2.896,0.001
1462,0.711,,,
,0.438,4.090,0.000
1463,1.312,,,
,0.443,4.135,0.002
1464,0.835,,,
,0.439,3.135,0.001
1465,1.951,,,
,1.105,3.435,0.001
1466,1.118,,,
,1.117,3.395,0.001
1467,0.903,,,
,0.435,2.841,0.001
1468,0.932,,,
,0.432,4.059,0.001
1469,1.454,,,
,0.436,4.066,0.001
1470,1.110,,,
,0.438,2.847,0.000
1471,0.939,,,
,0.437,2.888,0.000
1472,4.671,,,
,0.442,4.165,0.001
1473,0.831,,,
,0.437,2.888,0.000
1474,0.911,,,
,0.440,2.879,0.000
1475,0.745,,,
,0.436,2.842,0.000
1476,0.721,,,
,0.433,4.046,0.002
1477,1.082,,,
,0.436,4.043,0.000
1478,1.035,,,
,0.432,3.072,0.000
1479,0.828,,,
,0.433,3.957,0.000
1480,1.037,,,
,0.428,3.949,0.000
1481,0.987,,,
,0.428,3.005,0.001
1482,3.153,,,
,0.449,2.888,0.001
1483,5.119,,,
,0.427,3.932,0.001
1484,1.300,,,
,0.449,2.888,0.001
1485,0.960,,,
,0.452,2.886,0.000
1486,0.999,,,
,0.444,2.885,0.000
1487,0.849,,,
,0.441,4.155,0.001
1488,0.984,,,
,0.433,3.514,0.000
1489,6.146,,,
,0.437,3.072,0.000
1490,0.960,,,
,0.433,3.514,0.000
1491,0.956,,,
,0.435,3.070,0.002
1492,0.872,,,
,0.429,2.765,0.000
1493,1.075,,,
,0.425,3.985,0.001
1494,0.915,,,
,0.429,2.763,0.000
1495,0.841,,,
,0.427,3.979,0.001
1496,1.210,,,
,0.433,4.012,0.002
1497,1.132,,,
,0.441,2.887,0.001
1498,0.748,,,
,11.321,2.886,0.000
1499,4.731,,,
,0.445,4.133,0.002
1500,0.762,,,
,0.447,2.886,0.000
1501,0.883,,,
,0.447,2.893,0.000
1502,0.687,,,
,0.446,2.885,0.000
1503,0.764,,,
,0.443,4.121,0.002
1504,1.252,,,
,0.444,4.149,0.001
1505,1.040,,,
,0.443,2.851,0.001
1506,0.942,,,
,0.434,3.076,0.000
1507,4.729,,,
,0.439,4.055,0.001
1508,0.816,,,
,0.434,3.076,0.000
1509,0.847,,,
,0.435,2.828,0.000
1510,1.111,,,
,0.431,4.035,0.002
1511,0.854,,,
,0.436,3.074,0.000
1512,0.815,,,
,0.436,4.030,0.002
1513,1.404,,,
,0.440,4.047,0.001
1514,1.139,,,
,0.448,2.894,0.001
1515,1.499,,,
,0.442,4.137,0.000
1516,1.672,,,
,0.452,4.155,0.001
1517,1.360,,,
,0.444,2.892,0.001
1518,1.391,,,
,0.437,3.075,0.001
1519,4.603,,,
,0.440,4.080,0.001
1520,0.827,,,
,0.437,3.075,0.001
1521,1.234,,,
,0.434,2.838,0.001
1522,0.844,,,
,0.436,4.024,0.001
1523,0.743,,,
,0.443,3.076,0.001
1524,1.463,,,
,0.435,4.075,0.001
1525,0.983,,,
,0.439,4.084,0.000
1526,0.772,,,
,0.436,3.076,0.001
1527,0.695,,,
,0.435,4.043,0.000
1528,1.007,,,
,0.439,4.057,0.001
1529,0.855,,,
,0.453,3.077,0.001
1530,0.715,,,
,0.436,4.016,0.001
1531,1.085,,,
,0.437,4.060,0.002
1532,1.064,,,
,0.443,3.123,0.001
1533,0.847,,,
,0.443,4.127,0.002
1534,1.476,,,
,0.444,4.159,0.001
1535,0.810,,,
,0.450,2.893,0.000
1536,1.671,,,
,0.441,4.116,0.001
1537,1.238,,,
,0.445,4.088,0.001
1538,0.920,,,
,0.435,3.074,0.000
1539,0.964,,,
,0.434,4.090,0.002
1540,1.116,,,
,0.438,4.094,0.000
1541,0.842,,,
,0.439,2.843,0.001
1542,0.825,,,
,0.442,4.154,0.002
1543,1.069,,,
,0.444,4.160,0.001
1544,0.934,,,
,0.440,2.903,0.001
1545,0.913,,,
,0.440,4.129,0.001
1546,1.252,,,
,0.450,4.161,0.000
1547,0.952,,,
,0.446,2.892,0.000
1548,2.740,,,
,1.108,3.422,0.002
1549,1.234,,,
,1.114,3.426,0.001
1550,1.059,,,
,0.445,2.891,0.000
1551,1.247,,,
,0.446,2.891,0.001
1552,4.762,,,
,1.116,3.420,0.001
1553,1.015,,,
,0.446,2.891,0.001
1554,0.984,,,
,0.444,2.884,0.001
1555,0.810,,,
,0.447,2.892,0.002
1556,0.692,,,
,0.438,4.131,0.002
1557,1.094,,,
,0.442,4.162,0.002
1558,0.801,,,
,0.443,2.892,0.001
1559,0.832,,,
,0.432,3.077,0.001
1560,4.677,,,
,0.435,4.097,0.002
1561,0.985,,,
,0.432,3.077,0.001
1562,0.767,,,
,0.437,2.836,0.001
1563,0.884,,,
,0.432,4.055,0.002
1564,0.826,,,
,0.434,3.087,0.000
1565,0.753,,,
,0.432,3.097,0.001
1566,4.752,,,
,0.435,4.059,0.000
1567,0.996,,,
,0.432,3.097,0.001
1568,1.156,,,
,0.440,2.900,0.002
1569,0.935,,,
,0.442,2.884,0.001
1570,0.914,,,
,0.433,2.837,0.001
1571,4.728,,,
,1.114,3.418,0.001
1572,1.048,,,
,0.433,2.837,0.001
1573,0.873,,,
,0.436,2.831,0.001
1574,1.094,,,
,1.087,3.362,0.001
1575,0.687,,,
,0.434,2.835,0.002
1576,1.927,,,
,0.430,3.958,0.001
1577,1.006,,,
,0.426,3.955,0.000
1578,0.777,,,
,0.440,3.000,0.000
1579,1.127,,,
,1.072,3.288,0.001
1580,1.628,,,
,1.074,3.297,0.002
1581,1.196,,,
,0.438,2.892,0.000
1582,1.222,,,
,0.441,2.890,0.000
1583,5.505,,,
,0.445,4.184,0.001
1584,1.354,,,
,0.441,2.890,0.000
1585,1.036,,,
,0.444,2.891,0.001
1586,4.774,,,
,0.439,3.138,0.001
1587,4.436,,,
,0.444,2.891,0.001
1588,0.863,,,
,0.439,3.138,0.001
1589,0.627,,,
,0.427,2.773,0.001
1590,0.706,,,
,0.423,3.944,0.002
1591,0.900,,,
,0.445,3.957,0.001
1592,1.115,,,
,0.426,3.000,0.000
1593,0.829,,,
,0.436,2.843,0.000
1594,4.783,,,
,0.434,4.058,0.002
1595,1.296,,,
,0.436,2.843,0.000
1596,1.046,,,
,0.432,2.840,0.001
1597,0.879,,,
,0.436,4.047,0.001
1598,0.746,,,
,0.437,3.144,0.001
1599,1.154,,,
,0.456,2.889,0.002
1600,4.580,,,
,0.440,4.170,0.001
1601,0.893,,,
,0.456,2.889,0.002
1602,0.895,,,
,0.443,2.900,0.000
1603,0.975,,,
,0.448,3.256,0.001
1604,14.617,,,
,0.439,3.135,0.002
1605,8.365,,,
,0.369,2.613,0.000
1606,11.841,,,
,0.440,3.256,0.000
1607,8.525,,,
,0.369,2.613,0.000
1608,9.038,,,
,0.364,2.416,0.001
1609,7.057,,,
,0.353,2.415,0.002
1610,10.367,,,
,0.352,2.412,0.001
1611,9.654,,,
,0.342,2.275,0.002
1612,14.401,,,
,0.348,2.241,0.001
1613,15.000,,,
,0.342,2.275,0.002
1614,7.924,,,
,0.335,2.152,0.001
1615,12.831,,,
,0.338,2.167,0.000
1616,9.769,,,
,0.335,2.152,0.001
1617,7.000,,,
,0.335,2.169,0.002
1618,12.543,,,
,0.339,2.184,0.001
1619,9.914,,,
,0.335,2.169,0.002
1620,7.337,,,
,0.339,2.184,0.001
1621,11.128,,,
,0.350,2.198,0.002
1622,10.946,,,
,0.344,2.197,0.000
1623,9.352,,,
,0.335,2.195,0.001
1624,10.918,,,
,0.338,2.198,0.000
1625,12.951,,,
,0.337,2.180,0.002
1626,14.456,,,
,0.333,2.136,0.001
1627,15.723,,,
,0.332,2.109,0.001
1628,14.858,,,
,0.331,2.113,0.001
1629,14.047,,,
,0.345,2.101,0.001
1630,16.738,,,
,0.331,2.127,0.001
1631,14.837,,,
,0.327,2.095,0.001
1632,14.580,,,
,0.331,2.095,0.001
1633,13.754,,,
,0.338,2.096,0.001
1634,13.198,,,
,0.329,2.097,0.001
1635,13.662,,,
,0.338,2.096,0.001
1636,12.372,,,
,0.329,2.097,0.001
1637,11.199,,,
,0.332,2.115,0.001
1638,13.338,,,
,0.332,2.111,0.000
1639,14.016,,,
,0.340,2.121,0.001
1640,12.269,,,
,0.329,2.117,0.001
1641,14.132,,,
,0.333,2.150,0.001
1642,14.595,,,
,0.333,2.126,0.001
1643,13.112,,,
,0.333,2.150,0.001
1644,7.782,,,
,0.335,2.179,0.000
1645,12.702,,,
,0.344,2.170,0.001
1646,10.664,,,
,0.335,2.179,0.000
1647,7.337,,,
,0.334,2.171,0.000
1648,12.705,,,
,0.340,2.169,0.002
1649,10.286,,,
,0.334,2.171,0.000
1650,7.738,,,
,0.340,2.169,0.002
1651,9.868,,,
,0.343,2.175,0.000
1652,11.617,,,
,0.336,2.176,0.001
1653,8.121,,,
,0.343,2.175,0.000
1654,16.354,,,
,0.337,2.200,0.001
1655,13.369,,,
,0.346,2.213,0.000
1656,10.495,,,
,0.337,2.199,0.001
1657,10.497,,,
,0.346,2.213,0.000
1658,9.319,,,
,0.337,2.146,0.001
1659,11.278,,,
,0.336,2.198,0.002
1660,7.885,,,
,0.337,2.146,0.001
1661,10.011,,,
,0.336,2.165,0.002
1662,10.170,,,
,0.337,2.170,0.001
1663,10.151,,,
,0.336,2.165,0.002
1664,8.712,,,
,0.344,2.212,0.000
1665,10.876,,,
,0.345,2.300,0.001
1666,8.116,,,
,0.336,2.195,0.002
1667,14.162,,,
,0.337,2.204,0.000
1668,11.604,,,
,0.348,2.204,0.001
1669,11.274,,,
,0.337,2.204,0.000
1670,9.216,,,
,0.337,2.199,0.002
1671,10.459,,,
,0.336,2.198,0.002
1672,12.611,,,
,0.337,2.192,0.004
1673,10.662,,,
,0.337,2.159,0.001
1674,10.860,,,
,0.345,2.177,0.002
1675,11.754,,,
,0.350,2.169,0.002
1676,12.021,,,
,0.345,2.177,0.002
1677,10.605,,,
,0.337,2.157,0.000
1678,12.902,,,
,0.339,2.157,0.001
1679,12.687,,,
,0.333,2.126,0.000
1680,11.924,,,
,0.340,2.158,0.000
1681,10.508,,,
,0.340,2.160,0.000
1682,11.435,,,
,0.340,2.158,0.000
1683,10.267,,,
,0.340,2.160,0.000
1684,9.433,,,
,0.331,2.117,0.000
1685,11.395,,,
,0.332,2.134,0.000
1686,12.390,,,
,0.335,2.150,0.001
1687,12.057,,,
,0.338,2.189,0.001
1688,12.664,,,
,0.343,2.138,0.000
1689,13.191,,,
,0.334,2.134,0.001
1690,13.782,,,
,0.320,2.129,0.001
1691,15.581,,,
,0.339,2.146,0.001
1692,16.603,,,
,0.337,2.138,0.001
1693,17.392,,,
,0.341,2.126,0.002
1694,20.152,,,
,0.332,2.122,0.000
1695,15.884,,,
,0.335,2.121,0.001
1696,15.766,,,
,0.332,2.122,0.000
1697,13.293,,,
,0.332,2.122,0.001
1698,15.447,,,
,0.340,2.148,0.001
1699,19.960,,,
,0.332,2.125,0.002
1700,17.288,,,
,0.333,2.123,0.001
1701,18.519,,,
,0.332,2.125,0.002
1702,15.346,,,
,0.333,2.123,0.001
1703,16.927,,,
,0.332,2.123,0.001
1704,18.912,,,
,0.330,2.126,0.002
1705,16.827,,,
,0.334,2.151,0.000
1706,12.794,,,
,0.336,2.124,0.000
1707,17.795,,,
,0.338,2.129,0.001
1708,15.872,,,
,0.332,2.122,0.002
1709,16.572,,,
,0.338,2.129,0.001
1710,15.321,,,
,0.337,2.123,0.001
1711,12.278,,,
,0.330,2.125,0.001
1712,10.827,,,
,0.336,2.125,0.001
1713,14.755,,,
,0.332,2.124,0.001
1714,13.921,,,
,0.336,2.125,0.001
1715,11.835,,,
,0.337,2.122,0.001
1716,13.368,,,
,0.333,2.123,0.001
1717,10.929,,,
,0.335,2.160,0.001
1718,11.718,,,
,0.334,2.134,0.001
1719,11.459,,,
,0.337,2.183,0.001
1720,10.591,,,
,0.339,2.171,0.000
1721,12.472,,,
,0.337,2.183,0.001
1722,9.938,,,
,0.339,2.171,0.000
1723,9.535,,,
,0.336,2.169,0.002
1724,11.281,,,
,0.336,2.203,0.001
1725,14.361,,,
,0.337,2.173,0.000
1726,12.603,,,
,0.334,2.138,0.002
1727,12.191,,,
,0.337,2.173,0.000
1728,9.710,,,
,0.336,2.158,0.001
1729,11.643,,,
,0.332,2.125,0.001
1730,11.569,,,
,0.333,2.158,0.000
1731,11.657,,,
,0.333,2.161,0.002
1732,12.874,,,
,0.337,2.163,0.000
1733,11.265,,,
,0.333,2.161,0.002
1734,9.318,,,
,0.338,2.136,0.002
1735,12.307,,,
,0.340,2.179,0.002
1736,12.821,,,
,0.338,2.171,0.000
1737,11.532,,,
,0.340,2.179,0.002
1738,8.875,,,
,0.333,2.171,0.001
1739,11.882,,,
,0.335,2.169,0.002
1740,12.490,,,
,0.337,2.171,0.001
1741,12.200,,,
,0.335,2.171,0.000
1742,11.461,,,
,0.337,2.171,0.001
1743,9.670,,,
,0.335,2.171,0.000
1744,9.700,,,
,0.335,2.187,0.001
1745,10.926,,,
,0.335,2.177,0.002
1746,11.482,,,
,0.335,2.187,0.001
1747,7.300,,,
,0.334,2.146,0.001
1748,12.756,,,
,0.333,2.157,0.002
1749,10.594,,,
,0.334,2.146,0.001
1750,8.996,,,
,0.336,2.174,0.001
1751,12.025,,,
,0.337,2.199,0.001
1752,14.879,,,
,0.339,2.201,0.000
1753,10.714,,,
,0.336,2.185,0.001
1754,11.757,,,
,0.339,2.201,0.000
1755,7.564,,,
,0.334,2.159,0.001
1756,12.338,,,
,0.335,2.175,0.002
1757,11.043,,,
,0.343,2.208,0.002
1758,10.999,,,
,0.338,2.214,0.004
1759,10.007,,,
,0.336,2.207,0.000
1760,11.290,,,
,0.339,2.208,0.000
1761,10.834,,,
,0.336,2.207,0.000
1762,8.824,,,
,0.340,2.161,0.001
1763,10.663,,,
,0.334,2.167,0.001
1764,9.773,,,
,0.340,2.161,0.001
1765,11.850,,,
,0.334,2.167,0.001
1766,9.346,,,
,0.348,2.187,0.002
1767,10.427,,,
,0.338,2.188,0.001
1768,13.851,,,
,0.335,2.149,0.001
1769,15.042,,,
,0.340,2.154,0.001
1770,11.604,,,
,0.335,2.149,0.001
1771,9.000,,,
,0.335,2.183,0.002
1772,10.387,,,
,0.336,2.155,0.000
1773,10.165,,,
,0.335,2.183,0.002
1774,8.681,,,
,0.336,2.204,0.000
1775,11.032,,,
,0.342,2.185,0.002
1776,9.618,,,
,0.338,2.234,0.000
1777,10.081,,,
,0.339,2.221,0.002
1778,9.458,,,
,0.338,2.234,0.000
1779,9.976,,,
,0.338,2.226,0.002
1780,9.981,,,
,0.336,2.228,0.001
1781,6.985,,,
,0.340,2.197,0.000
1782,13.194,,,
,0.336,2.210,0.002
1783,10.191,,,
,0.337,2.201,0.003
1784,10.418,,,
,0.336,2.210,0.002
1785,8.562,,,
,0.337,2.201,0.003
1786,9.860,,,
,0.338,2.224,0.002
1787,9.138,,,
,0.334,2.153,0.000
1788,11.811,,,
,0.337,2.164,0.000
1789,12.318,,,
,0.335,2.206,0.000
1790,12.005,,,
,0.337,2.164,0.000
1791,8.569,,,
,0.332,2.146,0.000
1792,10.052,,,
,0.334,2.141,0.001
1793,9.597,,,
,0.332,2.146,0.000
1794,10.231,,,
,0.337,2.212,0.001
1795,11.716,,,
,0.335,2.198,0.002
1796,10.859,,,
,0.337,2.212,0.001
1797,7.487,,,
,0.335,2.198,0.002
1798,10.956,,,
,0.345,2.202,0.001
1799,11.095,,,
,0.336,2.201,0.002
1800,10.390,,,
,0.345,2.202,0.001
1801,7.761,,,
,0.338,2.202,0.001
1802,12.321,,,
,0.338,2.204,0.002
1803,7.721,,,
,0.338,2.202,0.001
1804,10.030,,,
,0.340,2.197,0.000
1805,10.600,,,
,0.334,2.191,0.000
1806,9.732,,,
,0.340,2.197,0.000
1807,10.172,,,
,0.339,2.216,0.002
1808,10.026,,,
,0.337,2.213,0.001
1809,12.071,,,
,0.339,2.216,0.002
1810,7.518,,,
,0.335,2.166,0.001
1811,12.591,,,
,0.335,2.177,0.001
1812,9.943,,,
,0.335,2.166,0.001
1813,7.604,,,
,0.336,2.172,0.002
1814,12.154,,,
,0.337,2.191,0.001
1815,15.088,,,
,0.335,2.201,0.000
1816,15.340,,,
,0.336,2.205,0.001
1817,10.336,,,
,0.335,2.201,0.000
1818,8.312,,,
,0.334,2.148,0.000
1819,12.026,,,
,0.342,2.173,0.000
1820,11.421,,,
,0.337,2.212,0.002
1821,10.349,,,
,0.342,2.173,0.000
1822,7.659,,,
,0.335,2.217,0.001
1823,12.781,,,
,0.339,2.220,0.001
1824,9.893,,,
,0.335,2.217,0.001
1825,7.460,,,
,0.339,2.208,0.000
1826,12.443,,,
,0.338,2.207,0.001
1827,11.431,,,
,0.339,2.208,0.000
1828,7.175,,,
,0.334,2.171,0.001
1829,14.037,,,
,0.335,2.167,0.002
1830,11.934,,,
,0.334,2.171,0.001
1831,8.913,,,
,0.340,2.175,0.001
1832,10.870,,,
,0.337,2.190,0.000
1833,11.558,,,
,0.337,2.200,0.000
1834,11.699,,,
,0.337,2.190,0.000
1835,9.985,,,
,0.335,2.165,0.001
1836,11.320,,,
,0.346,2.163,0.002
1837,10.678,,,
,0.335,2.163,0.000
1838,11.472,,,
,0.346,2.163,0.002
1839,7.755,,,
,0.335,2.186,0.001
1840,12.627,,,
,0.338,2.198,0.000
1841,12.468,,,
,0.335,2.186,0.001
1842,8.841,,,
,0.343,2.173,0.000
1843,10.711,,,
,0.347,2.173,0.001
1844,11.077,,,
,0.341,2.175,0.000
1845,11.065,,,
,0.347,2.173,0.001
1846,7.673,,,
,0.341,2.175,0.000
1847,6.605,,,
,0.336,2.201,0.000
1848,14.094,,,
,0.337,2.197,0.001
1849,9.353,,,
,0.336,2.201,0.000
1850,9.449,,,
,0.340,2.179,0.000
1851,11.222,,,
,0.335,2.188,0.001
1852,11.922,,,
,0.340,2.179,0.000
1853,9.657,,,
,0.346,2.195,0.000
1854,11.698,,,
,0.335,2.171,0.001
1855,11.867,,,
,0.339,2.188,0.001
1856,13.183,,,
,0.335,2.171,0.001
1857,10.788,,,
,0.339,2.188,0.001
1858,15.554,,,
,0.336,2.163,0.002
1859,11.698,,,
,0.336,2.202,0.001
1860,12.033,,,
,0.337,2.204,0.002
1861,10.348,,,
,0.336,2.202,0.001
1862,8.632,,,
,0.337,2.204,0.002
1863,9.047,,,
,0.334,2.170,0.000
1864,11.426,,,
,0.335,2.187,0.001
1865,11.388,,,
,0.334,2.170,0.000
1866,8.930,,,
,0.337,2.186,0.002
1867,10.934,,,
,0.336,2.188,0.001
1868,10.128,,,
,0.335,2.197,0.001
1869,12.977,,,
,0.336,2.188,0.001
1870,10.524,,,
,0.337,2.179,0.002
1871,13.112,,,
,0.336,2.191,0.001
1872,13.279,,,
,0.337,2.190,0.000
1873,13.002,,,
,0.335,2.167,0.001
1874,14.710,,,
,0.336,2.188,0.000
1875,13.639,,,
,0.335,2.188,0.001
1876,12.722,,,
,0.336,2.188,0.000
1877,9.229,,,
,0.335,2.188,0.001
1878,7.638,,,
,0.335,2.187,0.002
1879,15.672,,,
,0.338,2.204,0.003
1880,9.580,,,
,0.335,2.187,0.002
1881,9.326,,,
,0.338,2.204,0.003
1882,7.987,,,
,0.335,2.172,0.003
1883,10.890,,,
,0.337,2.175,0.000
1884,9.748,,,
,0.339,2.237,0.000
1885,12.249,,,
,0.334,2.183,0.001
1886,11.538,,,
,0.339,2.237,0.000
1887,9.016,,,
,0.334,2.171,0.001
1888,11.489,,,
,0.336,2.191,0.000
1889,11.557,,,
,0.334,2.171,0.001
1890,8.484,,,
,0.337,2.200,0.000
1891,9.974,,,
,0.337,2.196,0.000
1892,10.611,,,
,0.337,2.198,0.000
1893,11.740,,,
,0.338,2.203,0.001
1894,7.483,,,
,0.336,2.198,0.000
1895,12.713,,,
,0.341,2.199,0.003
1896,8.188,,,
,0.339,2.198,0.002
1897,10.578,,,
,0.337,2.197,0.001
1898,11.810,,,
,0.335,2.173,0.000
1899,11.064,,,
,0.337,2.197,0.001
1900,8.787,,,
,0.334,2.170,0.001
1901,10.515,,,
,0.337,2.183,0.000
1902,12.483,,,
,0.336,2.187,0.002
1903,11.795,,,
,0.335,2.200,0.002
1904,11.605,,,
,0.336,2.187,0.002
1905,9.273,,,
,0.337,2.149,0.002
1906,12.325,,,
,0.335,2.169,0.001
1907,11.711,,,
,0.340,2.171,0.000
1908,11.943,,,
,0.346,2.154,0.002
1909,10.750,,,
,0.349,2.193,0.002
1910,10.759,,,
,0.346,2.154,0.002
1911,8.176,,,
,0.349,2.193,0.002
1912,9.847,,,
,0.334,2.148,0.000
1913,11.137,,,
,0.337,2.147,0.002
1914,11.337,,,
,0.335,2.185,0.002
1915,12.309,,,
,0.338,2.189,0.001
1916,12.035,,,
,0.335,2.185,0.002
1917,10.803,,,
,0.336,2.171,0.000
1918,12.692,,,
,0.334,2.170,0.001
1919,12.519,,,
,0.332,2.148,0.001
1920,12.765,,,
,0.334,2.165,0.002
1921,12.113,,,
,0.332,2.148,0.001
1922,9.087,,,
,0.334,2.152,0.000
1923,12.265,,,
,0.334,2.179,0.001
1924,11.527,,,
,0.337,2.183,0.001
1925,12.075,,,
,0.336,2.190,0.000
1926,11.432,,,
,0.336,2.175,0.001
1927,12.286,,,
,0.333,2.155,0.000
1928,12.976,,,
,0.336,2.175,0.001
1929,8.883,,,
,0.334,2.157,0.000
1930,15.014,,,
,0.333,2.150,0.002
1931,11.990,,,
,0.334,2.167,0.001
1932,13.058,,,
,0.334,2.150,0.001
1933,13.031,,,
,0.341,2.151,0.000
1934,11.691,,,
,0.334,2.150,0.001
1935,10.675,,,
,0.341,2.151,0.000
1936,11.059,,,
,0.335,2.151,0.001
1937,13.205,,,
,0.334,2.174,0.001
1938,12.076,,,
,0.335,2.171,0.002
1939,12.413,,,
,0.334,2.156,0.001
1940,13.303,,,
,0.337,2.173,0.001
1941,16.052,,,
,0.334,2.151,0.001
1942,15.087,,,
,0.336,2.170,0.003
1943,12.329,,,
,0.336,2.165,0.001
1944,12.468,,,
,0.337,2.153,0.002
1945,12.129,,,
,0.335,2.177,0.002
1946,12.265,,,
,0.335,2.159,0.001
1947,12.277,,,
,0.335,2.177,0.002
1948,10.554,,,
,0.335,2.159,0.001
1949,9.880,,,
,0.336,2.191,0.002
1950,12.570,,,
,0.333,2.144,0.001
1951,13.874,,,
,0.336,2.191,0.002
1952,8.103,,,
,0.336,2.187,0.001
1953,12.566,,,
,0.336,2.191,0.002
1954,11.797,,,
,0.337,2.190,0.001
1955,11.816,,,
,0.335,2.147,0.002
1956,12.118,,,
,0.335,2.150,0.001
1957,12.796,,,
,0.333,2.154,0.001
1958,13.070,,,
,0.334,2.163,0.002
1959,14.594,,,
,0.333,2.167,0.002
1960,12.313,,,
,0.333,2.152,0.001
1961,16.525,,,
,0.338,2.150,0.002
1962,12.889,,,
,0.333,2.157,0.001
1963,12.594,,,
,0.337,2.183,0.002
1964,12.107,,,
,0.335,2.191,0.001
1965,13.262,,,
,0.333,2.164,0.001
1966,11.928,,,
,0.335,2.191,0.001
1967,9.087,,,
,0.333,2.164,0.001
1968,13.153,,,
,0.335,2.169,0.000
1969,14.851,,,
,0.333,2.154,0.001
1970,13.367,,,
,0.332,2.145,0.001
1971,11.851,,,
,0.339,2.146,0.001
1972,12.035,,,
,0.334,2.154,0.001
1973,12.469,,,
,0.342,2.155,0.002
1974,11.808,,,
,0.333,2.146,0.000
1975,13.300,,,
,0.335,2.161,0.000
1976,15.992,,,
,0.333,2.146,0.000
1977,12.336,,,
,0.349,2.157,0.002
1978,11.904,,,
,0.336,2.152,0.001
1979,10.723,,,
,0.335,2.201,0.001
1980,11.752,,,
,0.338,2.187,0.001
1981,10.088,,,
,0.337,2.150,0.001
1982,12.266,,,
,0.336,2.160,0.000
1983,12.791,,,
,0.332,2.162,0.001
1984,11.709,,,
,0.334,2.152,0.001
1985,11.667,,,
,0.335,2.150,0.000
1986,14.001,,,
,0.335,2.150,0.000
1987,12.615,,,
,0.332,2.157,0.002
1988,11.982,,,
,0.336,2.185,0.001
1989,12.439,,,
,0.337,2.183,0.002
1990,12.013,,,
,0.334,2.159,0.000
1991,11.476,,,
,0.333,2.163,0.002
1992,12.549,,,
,0.334,2.159,0.000
1993,10.259,,,
,0.337,2.180,0.002
1994,12.404,,,
,0.335,2.189,0.001
1995,13.127,,,
,0.334,2.152,0.002
1996,12.775,,,
,0.337,2.188,0.001
1997,12.976,,,
,0.336,2.195,0.000
1998,11.667,,,
,0.337,2.188,0.001
1999,10.580,,,
,0.349,2.173,0.000
2000,11.633,,,
,0.334,2.148,0.001
2001,11.184,,,
,0.334,2.177,0.001
2002,11.452,,,
,0.347,2.187,0.001
2003,11.061,,,
,0.336,2.202,0.002
2004,9.996,,,
,0.336,2.205,0.000
2005,11.674,,,
,0.336,2.202,0.002
2006,9.837,,,
,0.337,2.202,0.001
2007,12.053,,,
,0.334,2.153,0.002
2008,11.886,,,
,0.335,2.159,0.000
2009,11.919,,,
,0.334,2.153,0.002
2010,9.560,,,
,0.336,2.191,0.000
2011,12.430,,,
,0.336,2.185,0.002
2012,11.059,,,
,0.336,2.175,0.001
2013,13.065,,,
,0.336,2.185,0.002
2014,7.741,,,
,0.335,2.153,0.001
2015,14.763,,,
,0.334,2.153,0.000
2016,17.828,,,
,0.335,2.153,0.001
2017,12.051,,,
,0.334,2.153,0.000
2018,11.387,,,
,0.333,2.154,0.000
2019,12.364,,,
,0.334,2.153,0.000
2020,9.396,,,
,0.336,2.184,0.002
2021,10.433,,,
,0.337,2.206,0.002
2022,12.891,,,
,0.338,2.199,0.002
2023,12.078,,,
,0.337,2.206,0.002
2024,9.403,,,
,0.338,2.199,0.002
2025,11.133,,,
,0.335,2.171,0.001
2026,11.896,,,
,0.341,2.198,0.004
2027,11.924,,,
,0.335,2.171,0.001
2028,9.651,,,
,0.342,2.148,0.001
2029,11.734,,,
,0.336,2.190,0.002
2030,11.388,,,
,0.336,2.203,0.000
2031,14.252,,,
,0.336,2.215,0.000
2032,10.466,,,
,0.339,2.199,0.002
2033,11.063,,,
,0.337,2.183,0.002
2034,13.841,,,
,0.335,2.187,0.001
2035,12.564,,,
,0.334,2.189,0.001
2036,12.307,,,
,0.334,2.180,0.001
2037,12.759,,,
,0.334,2.189,0.001
2038,9.691,,,
,0.334,2.180,0.001
2039,9.562,,,
,0.337,2.191,0.000
2040,11.963,,,
,0.340,2.186,0.000
2041,13.492,,,
,0.337,2.186,0.001
2042,13.913,,,
,0.337,2.197,0.001
2043,11.511,,,
,0.337,2.186,0.001
2044,10.402,,,
,0.337,2.197,0.001
2045,11.466,,,
,0.337,2.214,0.002
2046,11.239,,,
,0.338,2.214,0.002
2047,15.674,,,
,0.341,2.211,0.001
2048,10.668,,,
,0.337,2.211,0.001
2049,13.384,,,
,0.337,2.208,0.001
2050,12.226,,,
,0.336,2.214,0.002
2051,12.118,,,
,0.337,2.208,0.001
2052,9.245,,,
,0.336,2.213,0.001
2053,11.063,,,
,0.345,2.202,0.001
2054,12.383,,,
,0.336,2.213,0.001
2055,9.738,,,
,0.338,2.215,0.001
2056,12.109,,,
,0.337,2.212,0.002
2057,16.708,,,
,0.338,2.212,0.002
2058,16.455,,,
,0.337,2.214,0.001
2059,11.959,,,
,0.338,2.210,0.001
2060,11.876,,,
,0.337,2.214,0.001
2061,12.179,,,
,0.338,2.210,0.001
2062,11.185,,,
,0.337,2.214,0.001
2063,9.342,,,
,0.339,2.245,0.001
2064,10.729,,,
,0.339,2.228,0.001
2065,8.697,,,
,0.339,2.245,0.001
2066,11.882,,,
,0.350,2.224,0.000
2067,12.759,,,
,0.337,2.225,0.001
2068,14.333,,,
,0.339,2.227,0.000
2069,13.604,,,
,0.337,2.225,0.001
2070,7.838,,,
,0.339,2.218,0.000
2071,13.201,,,
,0.336,2.223,0.001
2072,11.557,,,
,0.339,2.215,0.001
2073,12.387,,,
,0.336,2.223,0.001
2074,9.321,,,
,0.338,2.218,0.002
2075,10.929,,,
,0.337,2.219,0.001
2076,12.004,,,
,0.337,2.216,0.000
2077,12.980,,,
,0.337,2.219,0.001
2078,8.448,,,
,0.337,2.216,0.000
2079,11.238,,,
,0.338,2.216,0.001
2080,11.871,,,
,0.338,2.214,0.002
2081,8.438,,,
,0.338,2.221,0.001
2082,13.252,,,
,0.338,2.218,0.001
2083,12.017,,,
,0.338,2.219,0.001
2084,12.611,,,
,0.338,2.218,0.001
2085,10.220,,,
,0.338,2.212,0.001
2086,12.433,,,
,0.339,2.220,0.001
2087,11.832,,,
,0.337,2.221,0.001
2088,11.560,,,
,0.338,2.216,0.002
2089,12.085,,,
,0.337,2.221,0.001
2090,8.301,,,
,0.338,2.218,0.001
2091,13.967,,,
,0.338,2.217,0.002
2092,11.061,,,
,0.338,2.224,0.001
2093,11.670,,,
,0.338,2.217,0.002
2094,9.274,,,
,0.338,2.218,0.002
2095,13.151,,,
,0.341,2.230,0.002
2096,9.446,,,
,0.337,2.216,0.002
2097,13.027,,,
,0.337,2.216,0.002
2098,13.039,,,
,0.337,2.216,0.002
2099,15.522,,,
,0.337,2.216,0.002
2100,10.262,,,
,0.337,2.221,0.001
2101,11.781,,,
,0.339,2.224,0.000
2102,10.433,,,
,0.338,2.215,0.001
2103,12.270,,,
,0.339,2.224,0.000
2104,7.669,,,
,0.336,2.221,0.003
2105,11.247,,,
,0.336,2.220,0.003
2106,10.879,,,
,0.346,2.229,0.001
2107,10.889,,,
,0.338,2.216,0.000
2108,14.852,,,
,0.337,2.220,0.002
2109,11.819,,,
,0.346,2.228,0.004
2110,11.166,,,
,0.341,2.257,0.004
2111,11.814,,,
,0.338,2.263,0.000
2112,10.741,,,
,0.342,2.253,0.001
2113,11.681,,,
,0.338,2.263,0.000
2114,9.975,,,
,0.340,2.255,0.001
2115,12.602,,,
,0.339,2.259,0.001
2116,9.291,,,
,0.339,2.257,0.002
2117,11.426,,,
,0.340,2.254,0.002
2118,11.823,,,
,0.337,2.253,0.002
2119,10.851,,,
,0.345,2.235,0.001
2120,11.717,,,
,0.338,2.261,0.001
2121,14.112,,,
,0.343,2.255,0.001
2122,13.950,,,
,0.339,2.256,0.001
2123,14.124,,,
,0.339,2.255,0.001
2124,15.442,,,
,0.341,2.257,0.001
2125,13.146,,,
,0.340,2.254,0.000
2126,14.284,,,
,0.341,2.251,0.001
2127,14.039,,,
,0.340,2.254,0.000
2128,10.387,,,
,0.341,2.245,0.001
2129,12.385,,,
,0.340,2.253,0.002
2130,9.218,,,
,0.339,2.238,0.000
2131,12.722,,,
,0.339,2.239,0.000
2132,9.545,,,
,0.337,2.242,0.001
2133,11.965,,,
,0.340,2.247,0.002
2134,9.309,,,
,0.337,2.242,0.001
2135,7.989,,,
,0.346,2.241,0.002
2136,12.978,,,
,0.338,2.245,0.001
2137,12.841,,,
,0.346,2.241,0.002
2138,11.136,,,
,0.338,2.245,0.001
2139,14.209,,,
,0.338,2.249,0.001
2140,11.708,,,
,0.338,2.241,0.001
2141,10.076,,,
,0.343,2.261,0.001
2142,12.051,,,
,0.343,2.266,0.001
2143,13.828,,,
,0.340,2.264,0.001
2144,14.009,,,
,0.345,2.271,0.001
2145,12.654,,,
,0.341,2.269,0.001
2146,10.564,,,
,0.341,2.268,0.002
2147,11.537,,,
,0.348,2.280,0.001
2148,12.841,,,
,0.356,2.266,0.001
2149,13.307,,,
,0.340,2.254,0.000
2150,13.338,,,
,0.356,2.266,0.001
2151,10.777,,,
,0.341,2.280,0.000
2152,11.763,,,
,0.339,2.257,0.002
2153,11.482,,,
,0.341,2.280,0.000
2154,11.219,,,
,0.345,2.259,0.002
2155,13.947,,,
,0.340,2.250,0.003
2156,11.007,,,
,0.341,2.260,0.001
2157,11.945,,,
,0.342,2.284,0.002
2158,13.717,,,
,0.341,2.281,0.001
2159,13.623,,,
,0.341,2.289,0.000
2160,13.100,,,
,0.343,2.286,0.002
2161,13.325,,,
,0.341,2.289,0.000
2162,11.800,,,
,0.342,2.279,0.001
2163,12.744,,,
,0.344,2.286,0.000
2164,12.532,,,
,0.341,2.290,0.001
2165,13.548,,,
,0.344,2.286,0.000
2166,8.201,,,
,0.346,2.271,0.000
2167,14.274,,,
,0.342,2.275,0.001
2168,12.569,,,
,0.341,2.277,0.000
2169,12.550,,,
,0.340,2.277,0.000
2170,13.223,,,
,0.341,2.277,0.000
2171,9.386,,,
,0.340,2.277,0.000
2172,12.023,,,
,0.340,2.280,0.000
2173,12.705,,,
,0.343,2.296,0.001
2174,11.929,,,
,0.340,2.280,0.000
2175,9.889,,,
,0.354,2.306,0.002
2176,11.251,,,
,0.341,2.299,0.001
2177,10.552,,,
,0.343,2.306,0.002
2178,11.435,,,
,0.343,2.302,0.002
2179,14.709,,,
,0.345,2.306,0.001
2180,14.028,,,
,0.343,2.302,0.002
2181,9.345,,,
,0.344,2.331,0.001
2182,10.878,,,
,0.363,2.306,0.001
2183,12.258,,,
,0.344,2.331,0.001
2184,8.245,,,
,0.363,2.306,0.001
2185,12.028,,,
,0.342,2.303,0.001
2186,12.921,,,
,0.346,2.304,0.002
2187,18.346,,,
,0.342,2.302,0.002
2188,13.471,,,
,0.343,2.298,0.000
2189,13.474,,,
,0.343,2.286,0.002
2190,13.396,,,
,0.341,2.293,0.001
2191,13.393,,,
,0.343,2.286,0.002
2192,10.964,,,
,0.347,2.294,0.001
2193,12.099,,,
,0.343,2.286,0.000
2194,12.818,,,
,0.347,2.289,0.003
2195,12.065,,,
,0.342,2.288,0.002
2196,12.915,,,
,0.343,2.292,0.000
2197,13.954,,,
,0.342,2.288,0.002
2198,10.785,,,
,0.342,2.290,0.002
2199,12.249,,,
,0.342,2.285,0.000
2200,12.195,,,
,0.342,2.290,0.002
2201,10.563,,,
,0.342,2.285,0.000
2202,9.056,,,
,0.343,2.292,0.000
2203,14.209,,,
,0.340,2.284,0.002
2204,13.022,,,
,0.345,2.321,0.003
2205,16.983,,,
,0.344,2.316,0.000
2206,14.097,,,
,0.345,2.312,0.001
2207,14.475,,,
,0.346,2.314,0.001
2208,14.211,,,
,0.345,2.316,0.001
2209,13.417,,,
,0.344,2.318,0.001
2210,14.089,,,
,0.344,2.315,0.002
2211,12.048,,,
,0.344,2.308,0.000
2212,14.980,,,
,0.344,2.311,0.000
2213,13.494,,,
,0.345,2.305,0.002
2214,12.596,,,
,0.344,2.311,0.000
2215,9.667,,,
,0.343,2.309,0.000
2216,12.569,,,
,0.343,2.311,0.001
2217,12.781,,,
,0.343,2.339,0.002
2218,14.065,,,
,0.347,2.310,0.000
2219,14.934,,,
,0.344,2.332,0.000
2220,15.714,,,
,0.345,2.331,0.000
2221,14.180,,,
,0.345,2.336,0.000
2222,14.513,,,
,0.347,2.332,0.000
2223,14.585,,,
,0.345,2.347,0.002
2224,13.542,,,
,0.348,2.332,0.001
2225,15.560,,,
,0.345,2.331,0.001
2226,15.411,,,
,0.346,2.313,0.004
2227,13.069,,,
,0.345,2.316,0.002
2228,13.455,,,
,0.345,2.331,0.000
2229,13.120,,,
,0.344,2.331,0.001
2230,13.981,,,
,0.350,2.339,0.001
2231,12.635,,,
,0.344,2.335,0.000
2232,11.428,,,
,0.350,2.339,0.001
2233,10.544,,,
,0.349,2.362,0.001
2234,15.225,,,
,0.347,2.371,0.002
2235,12.271,,,
,0.348,2.364,0.000
2236,13.159,,,
,0.348,2.363,0.001
2237,13.224,,,
,0.348,2.367,0.001
2238,11.792,,,
,0.348,2.363,0.001
2239,9.098,,,
,0.346,2.362,0.001
2240,13.486,,,
,0.358,2.364,0.001
2241,13.038,,,
,0.346,2.349,0.001
2242,12.754,,,
,0.358,2.364,0.001
2243,10.439,,,
,0.352,2.351,0.000
2244,12.091,,,
,0.344,2.350,0.001
2245,13.089,,,
,0.345,2.348,0.001
2246,12.210,,,
,0.346,2.353,0.002
2247,14.286,,,
,0.348,2.347,0.000
2248,13.104,,,
,0.346,2.353,0.002
2249,9.149,,,
,0.351,2.345,0.001
2250,11.108,,,
,19.350,2.355,0.001
2251,10.471,,,
,0.360,2.348,0.002
2252,13.632,,,
,0.347,2.355,0.001
2253,10.048,,,
,0.360,2.348,0.002
2254,11.315,,,
,0.347,2.352,0.001
2255,12.787,,,
,0.349,2.346,0.001
2256,15.326,,,
,0.349,2.352,0.001
2257,14.240,,,
,0.345,2.353,0.002
2258,11.633,,,
,0.349,2.352,0.001
2259,9.730,,,
,0.349,2.348,0.001
2260,10.348,,,
,0.347,2.347,0.001
2261,11.583,,,
,0.349,2.348,0.001
2262,7.398,,,
,0.347,2.344,0.001
2263,13.059,,,
,0.347,2.347,0.002
2264,11.885,,,
,0.349,2.352,0.000
2265,11.659,,,
,0.346,2.349,0.001
2266,10.036,,,
,0.349,2.352,0.000
2267,8.654,,,
,0.349,2.307,0.001
2268,9.993,,,
,0.356,2.296,0.000
2269,6.625,,,
,0.347,2.360,0.000
2270,14.066,,,
,0.347,2.361,0.000
2271,11.037,,,
,0.347,2.360,0.000
2272,7.918,,,
,0.344,2.299,0.001
2273,12.788,,,
,0.349,2.311,0.000
2274,7.891,,,
,0.343,2.302,0.001
2275,11.260,,,
,0.343,2.298,0.001
2276,11.818,,,
,0.343,2.302,0.000
2277,11.042,,,
,0.344,2.300,0.001
2278,11.924,,,
,0.342,2.300,0.001
2279,11.980,,,
,0.343,2.298,0.001
2280,11.589,,,
,0.342,2.300,0.001
2281,8.785,,,
,0.341,2.284,0.001
2282,14.454,,,
,0.354,2.283,0.000
2283,8.564,,,
,0.341,2.284,0.001
2284,10.930,,,
,0.339,2.232,0.000
2285,11.239,,,
,0.341,2.285,0.001
2286,8.108,,,
,0.337,2.213,0.000
2287,12.212,,,
,0.339,2.221,0.001
2288,8.342,,,
,0.337,2.213,0.000
2289,9.543,,,
,0.337,2.214,0.001
2290,11.736,,,
,0.340,2.210,0.000
2291,13.395,,,
,0.337,2.214,0.001
2292,10.661,,,
,0.336,2.200,0.000
2293,12.978,,,
,0.336,2.195,0.001
2294,13.118,,,
,0.337,2.198,0.002
2295,15.355,,,
,0.338,2.198,0.002
2296,15.658,,,
,0.337,2.198,0.002
2297,11.670,,,
,0.336,2.205,0.001
2298,14.576,,,
,0.342,2.202,0.015
2299,12.977,,,
,0.342,2.206,0.001
2300,14.755,,,
,0.338,2.199,0.001
2301,15.977,,,
,0.335,2.195,0.001
2302,12.007,,,
,0.338,2.199,0.001
2303,10.626,,,
,0.335,2.195,0.001
2304,8.626,,,
,0.336,2.202,0.001
2305,13.574,,,
,0.336,2.198,0.000
2306,13.533,,,
,0.337,2.212,0.001
2307,10.904,,,
,0.336,2.198,0.000
2308,8.356,,,
,0.337,2.203,0.000
2309,14.417,,,
,0.336,2.199,0.000
2310,12.985,,,
,0.336,2.201,0.001
2311,12.391,,,
,0.338,2.200,0.002
2312,12.327,,,
,0.337,2.198,0.002
2313,14.305,,,
,0.339,2.194,0.002
2314,12.663,,,
,0.337,2.193,0.002
2315,13.626,,,
,0.341,2.222,0.001
2316,12.302,,,
,0.337,2.193,0.002
2317,11.068,,,
,0.341,2.222,0.001
2318,10.458,,,
,0.336,2.196,0.001
2319,13.151,,,
,0.337,2.203,0.002
2320,12.336,,,
,0.338,2.195,0.000
2321,12.988,,,
,0.335,2.209,0.000
2322,12.585,,,
,0.342,2.198,0.002
2323,12.383,,,
,0.335,2.209,0.000
2324,10.476,,,
,0.342,2.198,0.002
2325,11.225,,,
,0.335,2.195,0.002
2326,13.115,,,
,0.337,2.194,0.001
2327,8.347,,,
,0.335,2.200,0.001
2328,13.213,,,
,0.335,2.199,0.000
2329,13.511,,,
,0.336,2.200,0.001
2330,12.585,,,
,0.337,2.200,0.000
2331,12.213,,,
,0.337,2.197,0.001
2332,12.453,,,
,0.349,2.202,0.000
2333,13.318,,,
,0.344,2.200,0.002
2334,11.623,,,
,0.337,2.210,0.003
2335,11.307,,,
,0.338,2.200,0.001
2336,12.207,,,
,0.336,2.195,0.001
2337,14.684,,,
,0.337,2.206,0.000
2338,20.212,,,
,0.339,2.201,0.000
2339,12.608,,,
,0.336,2.202,0.002
2340,13.566,,,
,0.337,2.204,0.000
2341,12.818,,,
,0.336,2.202,0.002
2342,10.428,,,
,0.337,2.204,0.000
2343,11.647,,,
,0.342,2.194,0.000
2344,12.146,,,
,0.337,2.198,0.001
2345,12.926,,,
,0.336,2.200,0.001
2346,12.091,,,
,0.345,2.193,0.001
2347,13.461,,,
,0.337,2.193,0.000
2348,11.886,,,
,0.335,2.201,0.000
2349,13.055,,,
,0.337,2.193,0.000
2350,8.917,,,
,0.341,2.204,0.002
2351,11.020,,,
,0.344,2.210,0.002
2352,11.599,,,
,0.341,2.204,0.002
2353,9.707,,,
,0.338,2.199,0.000
2354,11.486,,,
,0.337,2.199,0.001
2355,11.377,,,
,0.338,2.199,0.000
2356,9.007,,,
,0.337,2.199,0.001
2357,9.791,,,
,0.336,2.198,0.002
2358,11.106,,,
,0.336,2.199,0.001
2359,9.609,,,
,0.337,2.210,0.001
2360,12.115,,,
,0.337,2.204,0.001
2361,11.985,,,
,0.337,2.202,0.001
2362,12.199,,,
,0.336,2.200,0.001
2363,11.812,,,
,0.336,2.202,0.001
2364,13.201,,,
,0.338,2.201,0.000
2365,12.950,,,
,0.336,2.191,0.002
2366,11.622,,,
,0.338,2.201,0.000
2367,9.817,,,
,0.336,2.200,0.000
2368,11.555,,,
,0.351,2.200,0.000
2369,11.830,,,
,0.336,2.200,0.000
2370,9.033,,,
,0.343,2.202,0.002
2371,11.415,,,
,0.337,2.196,0.002
2372,10.825,,,
,0.343,2.202,0.002
2373,9.230,,,
,0.337,2.203,0.000
2374,10.343,,,
,0.336,2.216,0.001
2375,12.330,,,
,0.337,2.203,0.000
2376,9.893,,,
,0.336,2.216,0.001
2377,7.402,,,
,0.335,2.201,0.000
2378,13.152,,,
,0.338,2.194,0.002
2379,15.837,,,
,0.337,2.201,0.000
2380,13.313,,,
,0.337,2.202,0.002
2381,11.904,,,
,0.336,2.197,0.000
2382,12.585,,,
,0.336,2.205,0.002
2383,10.983,,,
,0.339,2.195,0.001
2384,10.883,,,
,0.337,2.199,0.001
2385,11.846,,,
,0.334,2.208,0.001
2386,10.790,,,
,0.343,2.200,0.001
2387,11.702,,,
,0.336,2.200,0.001
2388,12.668,,,
,0.343,2.200,0.001
2389,9.168,,,
,0.336,2.200,0.001
2390,9.174,,,
,0.336,2.193,0.002
2391,11.169,,,
,0.335,2.204,0.002
2392,11.865,,,
,0.337,2.200,0.002
2393,11.424,,,
,0.337,2.200,0.000
2394,11.062,,,
,0.337,2.204,0.001
2395,12.354,,,
,0.336,2.197,0.000
2396,10.532,,,
,0.336,2.204,0.002
2397,11.960,,,
,0.336,2.197,0.000
2398,10.276,,,
,0.336,2.204,0.002
2399,11.541,,,
,0.337,2.203,0.000
2400,14.398,,,
,0.336,2.212,0.000
2401,12.127,,,
,0.337,2.203,0.000
2402,11.712,,,
,0.337,2.190,0.001
2403,12.208,,,
,0.336,2.187,0.000
2404,12.010,,,
,0.337,2.190,0.001
2405,9.415,,,
,0.336,2.187,0.000
2406,8.266,,,
,0.336,2.194,0.002
2407,11.477,,,
,0.337,2.222,0.002
2408,10.215,,,
,0.337,2.214,0.001
2409,12.797,,,
,0.336,2.197,0.001
2410,12.350,,,
,0.337,2.214,0.001
2411,9.476,,,
,0.336,2.197,0.001
2412,9.621,,,
,0.347,2.196,0.000
2413,12.711,,,
,0.336,2.196,0.002
2414,12.745,,,
,0.347,2.196,0.000
2415,9.703,,,
,0.336,2.196,0.002
2416,8.535,,,
,0.338,2.200,0.000
2417,13.149,,,
,0.337,2.189,0.001
2418,15.543,,,
,0.335,2.189,0.000
2419,12.631,,,
,0.337,2.191,0.003
2420,10.842,,,
,0.335,2.189,0.000
2421,8.184,,,
,0.337,2.191,0.003
2422,10.295,,,
,0.345,2.218,0.001
2423,12.740,,,
,0.337,2.210,0.002
2424,11.396,,,
,0.345,2.218,0.001
2425,9.039,,,
,0.348,2.282,0.001
2426,11.661,,,
,0.344,2.286,0.001
2427,10.220,,,
,0.343,2.281,0.002
2428,11.499,,,
,0.344,2.286,0.001
2429,7.289,,,
,0.343,2.281,0.002
2430,9.287,,,
,0.343,2.283,0.002
2431,7.505,,,
,0.342,2.281,0.002
2432,9.699,,,
,0.342,2.277,0.002
2433,10.159,,,
,0.342,2.285,0.001
2434,11.717,,,
,0.355,2.275,0.001
2435,12.110,,,
,0.342,2.285,0.001
2436,8.943,,,
,0.342,2.277,0.001
2437,10.181,,,
,0.341,2.279,0.000
2438,9.856,,,
,0.340,2.273,0.000
2439,10.670,,,
,0.341,2.275,0.001
2440,7.753,,,
,0.340,2.273,0.000
2441,11.501,,,
,0.342,2.277,0.000
2442,11.715,,,
,0.343,2.279,0.000
2443,11.766,,,
,0.346,2.214,0.000
2444,10.473,,,
,0.338,2.214,0.000
2445,10.515,,,
,0.346,2.214,0.000
2446,9.324,,,
,0.346,2.206,0.001
2447,10.493,,,
,0.341,2.222,0.000
2448,11.789,,,
,0.346,2.206,0.001
2449,9.999,,,
,0.336,2.185,0.001
2450,12.479,,,
,0.336,2.210,0.002
2451,9.498,,,
,0.336,2.189,0.000
2452,12.455,,,
,0.342,2.181,0.001
2453,10.606,,,
,0.336,2.213,0.001
2454,10.527,,,
,0.342,2.181,0.001
2455,9.446,,,
,0.339,2.189,0.001
2456,12.791,,,
,0.336,2.185,0.000
2457,13.473,,,
,0.339,2.189,0.001
2458,7.763,,,
,0.340,2.184,0.000
2459,13.576,,,
,0.336,2.197,0.001
2460,11.453,,,
,0.339,2.207,0.001
2461,15.159,,,
,0.337,2.188,0.000
2462,13.616,,,
,0.336,2.203,0.001
2463,11.673,,,
,0.337,2.188,0.000
2464,8.894,,,
,0.335,2.181,0.000
2465,10.433,,,
,0.338,2.191,0.001
2466,12.004,,,
,0.336,2.195,0.001
2467,11.027,,,
,0.338,2.191,0.001
2468,9.003,,,
,0.337,2.214,0.001
2469,11.166,,,
,0.336,2.208,0.000
2470,10.805,,,
,0.337,2.214,0.001
2471,8.994,,,
,0.336,2.208,0.000
2472,8.705,,,
,0.338,2.215,0.001
2473,11.209,,,
,0.340,2.222,0.000
2474,9.187,,,
,0.337,2.192,0.002
2475,11.971,,,
,0.338,2.186,0.001
2476,9.614,,,
,0.337,2.192,0.002
2477,9.804,,,
,0.338,2.191,0.000
2478,12.287,,,
,0.336,2.187,0.001
2479,12.223,,,
,0.336,2.198,0.001
2480,12.217,,,
,0.336,2.187,0.001
2481,10.082,,,
,0.339,2.180,0.001
2482,12.122,,,
,0.337,2.199,0.001
2483,11.214,,,
,0.335,2.202,0.000
2484,11.955,,,
,0.335,2.191,0.000
2485,11.868,,,
,0.335,2.202,0.000
2486,9.352,,,
,0.336,2.184,0.002
2487,11.229,,,
,0.335,2.195,0.001
2488,10.998,,,
,0.336,2.184,0.002
2489,8.865,,,
,0.335,2.195,0.001
2490,9.459,,,
,0.347,2.200,0.001
2491,10.609,,,
,0.338,2.201,0.001
2492,10.868,,,
,0.337,2.197,0.000
2493,11.631,,,
,0.338,2.202,0.000
2494,11.630,,,
,0.337,2.206,0.001
2495,11.518,,,
,0.338,2.202,0.000
2496,8.876,,,
,0.337,2.206,0.001
2497,7.455,,,
,0.337,2.204,0.000
2498,14.398,,,
,0.337,2.209,0.001
2499,11.973,,,
,0.337,2.204,0.000
2500,9.266,,,
,0.337,2.214,0.001
2501,12.866,,,
,0.344,2.226,0.002
2502,10.907,,,
,0.337,2.214,0.001
2503,9.183,,,
,0.344,2.226,0.002
2504,10.158,,,
,0.341,2.191,0.000
2505,11.097,,,
,0.336,2.183,0.002
2506,10.964,,,
,0.341,2.191,0.000
2507,8.927,,,
,0.343,2.204,0.001
2508,10.180,,,
,0.337,2.204,0.002
2509,10.245,,,
,0.337,2.206,0.001
2510,12.382,,,
,0.337,2.213,0.001
2511,11.522,,,
,0.337,2.206,0.001
2512,8.272,,,
,0.337,2.213,0.001
2513,8.094,,,
,0.350,2.209,0.000
2514,9.926,,,
,0.340,2.224,0.001
2515,10.604,,,
,0.345,2.227,0.001
2516,10.329,,,
,0.340,2.224,0.001
2517,8.615,,,
,0.339,2.240,0.001
2518,9.661,,,
,0.339,2.222,0.000
2519,10.336,,,
,0.342,2.232,0.000
2520,10.673,,,
,0.339,2.228,0.000
2521,7.760,,,
,0.338,2.241,0.001
2522,13.149,,,
,0.338,2.228,0.000
2523,11.385,,,
,0.340,2.228,0.001
2524,10.167,,,
,0.338,2.228,0.000
2525,8.996,,,
,0.336,2.169,0.000
2526,11.021,,,
,0.335,2.174,0.000
2527,10.071,,,
,0.345,2.279,0.001
2528,12.801,,,
,0.335,2.174,0.000
2529,9.427,,,
,0.337,2.206,0.000
2530,11.027,,,
,0.337,2.202,0.000
2531,11.544,,,
,0.341,2.205,0.000
2532,10.667,,,
,0.336,2.208,0.002
2533,11.116,,,
,0.338,2.212,0.000
2534,11.349,,,
,0.336,2.208,0.002
2535,8.746,,,
,0.337,2.219,0.001
2536,10.799,,,
,0.337,2.223,0.002
2537,11.458,,,
,0.338,2.220,0.002
2538,11.418,,,
,0.334,2.154,0.001
2539,11.466,,,
,0.334,2.153,0.001
2540,10.944,,,
,0.342,2.170,0.002
2541,10.857,,,
,0.337,2.196,0.002
2542,10.891,,,
,0.342,2.170,0.002
2543,8.895,,,
,0.336,2.198,0.001
2544,11.188,,,
,0.336,2.204,0.000
2545,11.306,,,
,0.336,2.198,0.001
2546,9.486,,,
,0.333,2.146,0.002
2547,10.791,,,
,0.335,2.173,0.001
2548,11.630,,,
,0.336,2.197,0.000
2549,14.082,,,
,0.335,2.173,0.001
2550,7.230,,,
,0.336,2.208,0.000
2551,12.754,,,
,0.341,2.178,0.001
2552,15.198,,,
,0.334,2.147,0.000
2553,13.282,,,
,0.336,2.191,0.001
2554,10.255,,,
,0.335,2.171,0.002
2555,12.399,,,
,0.334,2.140,0.000
2556,11.809,,,
,0.333,2.155,0.002
2557,11.739,,,
,0.335,2.171,0.000
2558,11.441,,,
,0.333,2.155,0.002
2559,9.281,,,
,0.337,2.198,0.001
2560,10.201,,,
,0.336,2.201,0.000
2561,12.288,,,
,0.337,2.198,0.001
2562,9.378,,,
,0.341,2.157,0.002
2563,11.141,,,
,0.334,2.152,0.001
2564,10.039,,,
,0.339,2.232,0.001
2565,10.646,,,
,0.334,2.152,0.001
2566,8.872,,,
,0.338,2.185,0.002
2567,10.443,,,
,0.338,2.226,0.002
2568,9.074,,,
,0.338,2.185,0.002
2569,8.653,,,
,0.336,2.189,0.001
2570,10.261,,,
,0.337,2.189,0.001
2571,9.062,,,
,0.343,2.204,0.000
2572,10.605,,,
,0.336,2.202,0.002
2573,10.101,,,
,0.337,2.209,0.000
2574,12.245,,,
,0.336,2.202,0.002
2575,7.847,,,
,0.339,2.210,0.002
2576,9.874,,,
,0.339,2.210,0.000
2577,12.712,,,
,0.339,2.210,0.002
2578,9.281,,,
,0.348,2.212,0.001
2579,11.161,,,
,0.342,2.212,0.002
2580,11.434,,,
,0.349,2.213,0.002
2581,11.560,,,
,0.342,2.212,0.002
2582,7.238,,,
,0.335,2.145,0.001
2583,13.291,,,
,0.334,2.163,0.002
2584,10.034,,,
,0.335,2.145,0.001
2585,7.836,,,
,0.334,2.173,0.001
2586,9.900,,,
,0.338,2.222,0.000
2587,10.976,,,
,0.340,2.215,0.001
2588,10.600,,,
,0.340,2.215,0.001
2589,11.773,,,
,0.336,2.210,0.000
2590,12.627,,,
,0.336,2.174,0.001
2591,13.619,,,
,0.339,2.171,0.001
2592,11.927,,,
,0.336,2.174,0.001
2593,10.346,,,
,0.337,2.183,0.001
2594,13.192,,,
,0.333,2.132,0.000
2595,13.445,,,
,0.335,2.173,0.001
2596,12.983,,,
,0.336,2.155,0.001
2597,15.114,,,
,0.333,2.141,0.001
2598,14.072,,,
,0.335,2.161,0.001
2599,13.773,,,
,0.333,2.141,0.001
2600,8.919,,,
,0.333,2.139,0.002
2601,10.711,,,
,0.335,2.179,0.001
2602,12.080,,,
,0.333,2.139,0.002
2603,9.132,,,
,0.337,2.203,0.000
2604,11.579,,,
,0.337,2.200,0.001
2605,12.252,,,
,0.334,2.166,0.000
2606,11.509,,,
,0.335,2.179,0.000
2607,10.757,,,
,0.334,2.166,0.000
2608,8.116,,,
,0.334,2.172,0.002
2609,12.443,,,
,0.337,2.210,0.004
2610,11.596,,,
,0.343,2.229,0.001
2611,10.923,,,
,0.340,2.227,0.002
2612,9.952,,,
,0.339,2.229,0.001
2613,12.028,,,
,0.340,2.226,0.001
2614,11.783,,,
,0.333,2.154,0.002
2615,12.655,,,
,0.335,2.170,0.001
2616,11.905,,,
,0.336,2.171,0.000
2617,11.285,,,
,0.337,2.204,0.001
2618,11.472,,,
,0.336,2.171,0.000
2619,9.302,,,
,0.332,2.146,0.001
2620,10.334,,,
,0.334,2.142,0.002
2621,11.867,,,
,0.336,2.173,0.002
2622,15.556,,,
,0.336,2.205,0.001
2623,12.209,,,
,0.336,2.173,0.002
2624,9.110,,,
,0.336,2.205,0.001
2625,9.031,,,
,0.334,2.157,0.002
2626,11.186,,,
,0.344,2.185,0.001
2627,10.717,,,
,0.336,2.187,0.002
2628,10.320,,,
,0.343,2.211,0.001
2629,12.172,,,
,0.340,2.208,0.002
2630,12.002,,,
,0.343,2.211,0.001
2631,9.345,,,
,0.342,2.184,0.002
2632,10.344,,,
,0.335,2.175,0.002
2633,10.402,,,
,0.341,2.267,0.000
2634,12.658,,,
,0.335,2.175,0.002
2635,8.977,,,
,0.342,2.204,0.000
2636,10.227,,,
,0.337,2.193,0.001
2637,11.368,,,
,0.342,2.204,0.000
2638,9.891,,,
,0.338,2.211,0.001
2639,15.410,,,
,0.338,2.210,0.000
2640,10.138,,,
,0.338,2.211,0.001
2641,12.567,,,
,0.338,2.210,0.000
2642,11.593,,,
,0.337,2.208,0.000
2643,8.357,,,
,0.337,2.200,0.000
2644,13.409,,,
,0.334,2.173,0.001
2645,8.502,,,
,0.337,2.200,0.000
2646,8.010,,,
,0.337,2.195,0.000
2647,10.163,,,
,0.341,2.238,0.000
2648,11.416,,,
,0.340,2.220,0.002
2649,11.072,,,
,0.338,2.229,0.001
2650,11.975,,,
,0.338,2.226,0.002
2651,11.125,,,
,0.338,2.173,0.000
2652,11.422,,,
,0.338,2.226,0.002
2653,8.805,,,
,0.336,2.191,0.000
2654,11.309,,,
,0.334,2.200,0.001
2655,10.816,,,
,0.336,2.191,0.000
2656,9.270,,,
,0.336,2.202,0.002
2657,10.520,,,
,0.338,2.204,0.000
2658,9.405,,,
,0.336,2.204,0.000
2659,11.388,,,
,0.338,2.209,0.002
2660,10.642,,,
,0.339,2.212,0.002
2661,9.896,,,
,0.338,2.209,0.002
2662,8.614,,,
,0.339,2.212,0.002
2663,9.157,,,
,0.335,2.181,0.001
2664,10.178,,,
,0.337,2.190,0.000
2665,9.558,,,
,0.346,2.228,0.001
2666,10.118,,,
,0.339,2.229,0.002
2667,10.499,,,
,0.346,2.228,0.001
2668,9.449,,,
,0.336,2.168,0.000
2669,11.733,,,
,0.342,2.178,0.001
2670,11.018,,,
,0.337,2.185,0.003
2671,10.790,,,
,0.342,2.178,0.001
2672,9.383,,,
,0.337,2.185,0.003
2673,8.821,,,
,0.336,2.214,0.001
2674,11.795,,,
,0.340,2.208,0.000
2675,11.498,,,
,0.336,2.214,0.001
2676,8.851,,,
,0.346,2.211,0.001
2677,11.306,,,
,0.339,2.206,0.001
2678,9.971,,,
,0.337,2.210,0.002
2679,13.697,,,
,0.334,2.144,0.001
2680,11.386,,,
,0.333,2.157,0.002
2681,11.362,,,
,0.335,2.173,0.002
2682,11.665,,,
,0.338,2.200,0.000
2683,11.593,,,
,0.339,2.203,0.001
2684,10.830,,,
,0.337,2.202,0.002
2685,10.315,,,
,0.339,2.203,0.001
2686,9.250,,,
,0.338,2.150,0.002
2687,11.747,,,
,0.335,2.175,0.002
2688,15.479,,,
,0.335,2.174,0.001
2689,12.362,,,
,0.335,2.175,0.002
2690,8.891,,,
,0.337,2.181,0.001
2691,11.210,,,
,0.338,2.223,0.001
2692,10.201,,,
,0.342,2.215,0.002
2693,11.924,,,
,0.333,2.148,0.000
2694,11.454,,,
,0.342,2.215,0.002
2695,8.448,,,
,0.335,2.183,0.001
2696,10.750,,,
,0.334,2.154,0.001
2697,8.228,,,
,0.335,2.183,0.001
2698,7.276,,,
,0.335,2.180,0.001
2699,10.592,,,
,0.336,2.211,0.001
2700,11.888,,,
,0.338,2.216,0.000
2701,9.781,,,
,0.336,2.211,0.001
2702,9.063,,,
,0.338,2.216,0.000
2703,6.959,,,
,0.336,2.226,0.000
2704,12.291,,,
,0.351,2.221,0.001
2705,8.995,,,
,0.337,2.225,0.002
2706,10.361,,,
,0.339,2.224,0.002
2707,12.219,,,
,0.338,2.228,0.001
2708,12.076,,,
,0.338,2.229,0.002
2709,11.417,,,
,0.342,2.226,0.000
2710,10.908,,,
,0.338,2.229,0.002
2711,9.232,,,
,0.342,2.226,0.000
2712,7.844,,,
,0.336,2.199,0.001
2713,13.380,,,
,0.337,2.187,0.002
2714,9.242,,,
,0.336,2.199,0.001
2715,8.084,,,
,0.338,2.199,0.001
2716,10.050,,,
,0.338,2.216,0.002
2717,11.223,,,
,0.336,2.154,0.001
2718,9.699,,,
,0.337,2.208,0.001
2719,11.009,,,
,0.348,2.214,0.000
2720,10.901,,,
,0.337,2.208,0.001
2721,7.370,,,
,0.338,2.210,0.001
2722,13.533,,,
,0.338,2.211,0.001
2723,11.168,,,
,0.338,2.209,0.001
2724,11.216,,,
,0.338,2.211,0.001
2725,7.345,,,
,0.338,2.197,0.001
2726,10.780,,,
,0.337,2.202,0.001
2727,12.012,,,
,0.338,2.197,0.001
2728,9.310,,,
,0.333,2.175,0.002
2729,10.360,,,
,0.336,2.174,0.000
2730,9.519,,,
,0.337,2.179,0.000
2731,10.987,,,
,0.345,2.171,0.000
2732,10.931,,,
,0.337,2.179,0.000
2733,7.609,,,
,0.338,2.210,0.000
2734,13.233,,,
,0.339,2.169,0.002
2735,18.199,,,
,0.339,2.224,0.000
2736,12.311,,,
,0.335,2.148,0.000
2737,11.772,,,
,0.339,2.170,0.001
2738,11.671,,,
,0.342,2.169,0.001
2739,11.307,,,
,0.334,2.164,0.003
2740,10.717,,,
,0.333,2.163,0.001
2741,12.102,,,
,0.334,2.164,0.003
2742,9.232,,,
,0.340,2.150,0.000
2743,11.256,,,
,0.341,2.194,0.002
2744,10.327,,,
,0.337,2.206,0.002
2745,13.382,,,
,0.336,2.214,0.002
2746,10.355,,,
,0.337,2.206,0.002
2747,9.930,,,
,0.336,2.214,0.002
2748,8.619,,,
,0.337,2.214,0.001
2749,9.665,,,
,0.351,2.204,0.001
2750,8.621,,,
,0.344,2.286,0.001
2751,11.976,,,
,0.335,2.173,0.001
2752,9.075,,,
,0.337,2.210,0.001
2753,11.025,,,
,0.337,2.224,0.002
2754,9.958,,,
,0.341,2.280,0.002
2755,11.438,,,
,0.337,2.224,0.002
2756,9.276,,,
,0.345,2.198,0.000
2757,11.617,,,
,0.342,2.281,0.000
2758,8.201,,,
,0.341,2.202,0.001
2759,10.809,,,
,0.342,2.202,0.001
2760,11.871,,,
,0.344,2.191,0.002
2761,11.237,,,
,0.342,2.202,0.001
2762,9.734,,,
,0.335,2.145,0.002
2763,10.568,,,
,0.333,2.143,0.000
2764,10.968,,,
,0.335,2.164,0.000
2765,11.886,,,
,0.333,2.143,0.000
2766,9.195,,,
,0.338,2.214,0.001
2767,10.483,,,
,0.337,2.209,0.001
2768,11.748,,,
,0.338,2.214,0.001
2769,10.036,,,
,0.337,2.209,0.001
2770,10.086,,,
,0.337,2.206,0.001
2771,14.151,,,
,0.336,2.161,0.001
2772,13.152,,,
,0.335,2.175,0.001
2773,12.693,,,
,0.336,2.161,0.001
2774,9.616,,,
,0.335,2.157,0.002
2775,11.577,,,
,0.342,2.177,0.001
2776,10.645,,,
,0.336,2.195,0.001
2777,10.689,,,
,0.336,2.186,0.000
2778,12.172,,,
,0.335,2.166,0.002
2779,11.498,,,
,0.336,2.184,0.002
2780,15.799,,,
,0.335,2.170,0.002
2781,13.639,,,
,0.335,2.143,0.000
2782,11.589,,,
,0.340,2.169,0.001
2783,11.443,,,
,0.340,2.196,0.002
2784,10.697,,,
,0.337,2.186,0.002
2785,10.671,,,
,0.336,2.182,0.001
2786,11.717,,,
,0.337,2.186,0.002
2787,10.040,,,
,0.333,2.150,0.002
2788,11.180,,,
,0.334,2.178,0.001
2789,13.584,,,
,0.334,2.199,0.000
2790,13.626,,,
,0.337,2.167,0.001
2791,13.770,,,
,0.337,2.150,0.001
2792,12.559,,,
,0.335,2.166,0.002
2793,13.835,,,
,0.337,2.150,0.001
2794,9.158,,,
,0.333,2.133,0.001
2795,10.589,,,
,0.331,2.147,0.001
2796,11.843,,,
,0.333,2.133,0.001
2797,9.447,,,
,0.336,2.205,0.001
2798,10.739,,,
,0.338,2.210,0.001
2799,12.699,,,
,0.336,2.205,0.001
2800,9.223,,,
,0.340,2.208,0.000
2801,11.505,,,
,0.341,2.212,0.001
2802,11.316,,,
,0.338,2.169,0.001
2803,14.320,,,
,0.334,2.155,0.000
2804,11.354,,,
,0.338,2.169,0.001
2805,9.780,,,
,0.338,2.185,0.002
2806,10.628,,,
,0.335,2.198,0.002
2807,11.874,,,
,0.336,2.191,0.001
2808,11.253,,,
,0.335,2.198,0.002
2809,8.954,,,
,0.333,2.161,0.001
2810,10.743,,,
,0.335,2.172,0.001
2811,10.305,,,
,0.335,2.206,0.001
2812,12.795,,,
,0.339,2.210,0.001
2813,10.601,,,
,0.338,2.227,0.002
2814,10.946,,,
,0.339,2.210,0.001
2815,9.734,,,
,0.336,2.169,0.001
2816,11.716,,,
,0.335,2.171,0.000
2817,11.655,,,
,0.333,2.175,0.000
2818,11.348,,,
,0.335,2.171,0.000
2819,9.059,,,
,0.338,2.194,0.002
2820,10.593,,,
,0.335,2.205,0.000
2821,11.141,,,
,0.338,2.194,0.002
2822,9.395,,,
,0.342,2.210,0.001
2823,10.277,,,
,0.338,2.214,0.002
2824,15.205,,,
,0.342,2.172,0.002
2825,15.307,,,
,0.333,2.159,0.002
2826,13.018,,,
,0.334,2.160,0.001
2827,11.981,,,
,0.333,2.159,0.002
2828,8.520,,,
,0.334,2.161,0.000
2829,12.779,,,
,0.334,2.169,0.000
2830,8.065,,,
,0.334,2.161,0.000
2831,9.563,,,
,0.336,2.193,0.001
2832,9.675,,,
,0.337,2.201,0.001
2833,11.478,,,
,0.340,2.210,0.001
2834,10.454,,,
,0.337,2.208,0.000
2835,10.713,,,
,0.340,2.210,0.001
2836,8.303,,,
,0.339,2.213,0.003
2837,11.063,,,
,0.339,2.214,0.000
2838,11.575,,,
,0.339,2.213,0.001
2839,11.391,,,
,0.339,2.214,0.000
2840,8.716,,,
,0.336,2.187,0.002
2841,10.873,,,
,0.338,2.188,0.002
2842,10.473,,,
,0.340,2.218,0.001
2843,12.464,,,
,0.338,2.188,0.002
2844,9.413,,,
,0.341,2.177,0.001
2845,10.007,,,
,0.338,2.191,0.001
2846,10.370,,,
,0.337,2.201,0.001
2847,10.904,,,
,0.338,2.191,0.001
2848,9.071,,,
,0.338,2.213,0.001
2849,11.156,,,
,0.336,2.207,0.001
2850,8.328,,,
,0.343,2.210,0.001
2851,10.861,,,
,0.338,2.218,0.002
2852,10.649,,,
,0.337,2.214,0.000
2853,10.870,,,
,0.338,2.218,0.002
2854,9.757,,,
,0.341,2.210,0.002
2855,9.851,,,
,0.337,2.207,0.001
2856,11.784,,,
,0.341,2.210,0.002
2857,9.563,,,
,0.335,2.148,0.002
2858,11.295,,,
,0.342,2.155,0.001
2859,10.433,,,
,0.335,2.148,0.002
2860,8.512,,,
,1766152464031.358,2.171,0.000
2861,12.796,,,
,0.339,2.214,0.000
2862,12.010,,,
,0.339,2.232,0.001
2863,11.658,,,
,0.338,2.229,0.000
2864,11.873,,,
,0.340,2.199,0.001
2865,12.254,,,
,0.338,2.199,0.001
2866,11.442,,,
,0.335,2.173,0.000
2867,10.311,,,
,0.334,2.182,0.000
2868,11.595,,,
,0.335,2.187,0.002
2869,12.382,,,
,0.350,2.206,0.001
2870,12.300,,,
,0.337,2.203,0.001
2871,12.031,,,
,0.333,2.139,0.002
2872,11.000,,,
,0.337,2.203,0.001
2873,8.953,,,
,0.336,2.166,0.001
2874,10.456,,,
,0.342,2.198,0.002
2875,10.657,,,
,0.337,2.207,0.002
2876,12.408,,,
,0.337,2.212,0.001
2877,12.233,,,
,0.337,2.210,0.002
2878,10.928,,,
,0.333,2.160,0.001
2879,12.416,,,
,0.337,2.210,0.002
2880,9.386,,,
,0.338,2.180,0.000
2881,10.969,,,
,0.336,2.197,0.002
2882,11.226,,,
,0.337,2.202,0.001
2883,11.642,,,
,0.336,2.202,0.001
2884,11.499,,,
,0.337,2.202,0.001
2885,8.358,,,
,0.334,2.159,0.000
2886,12.559,,,
,0.347,2.200,0.001
2887,8.211,,,
,0.348,2.175,0.001
2888,12.232,,,
,0.335,2.182,0.000
2889,11.550,,,
,0.341,2.195,0.001
2890,10.783,,,
,0.335,2.182,0.000
2891,7.398,,,
,0.336,2.212,0.001
2892,13.033,,,
,0.347,2.214,0.002
2893,10.670,,,
,0.341,2.226,0.001
2894,10.273,,,
,0.337,2.210,0.002
2895,11.917,,,
,0.337,2.216,0.002
2896,11.433,,,
,0.335,2.148,0.001
2897,11.489,,,
,0.337,2.216,0.002
2898,8.633,,,
,0.335,2.172,0.001
2899,10.370,,,
,0.335,2.183,0.000
2900,11.292,,,
,0.337,2.198,0.001
2901,12.178,,,
,0.335,2.209,0.001
2902,11.751,,,
,0.337,2.198,0.001
2903,9.750,,,
,0.331,2.157,0.001
2904,11.755,,,
,0.339,2.209,0.001
2905,9.780,,,
,0.331,2.157,0.001
2906,9.008,,,
,0.337,2.202,0.003
2907,10.863,,,
,0.339,2.216,0.001
2908,11.986,,,
,0.339,2.218,0.000
2909,11.437,,,
,0.339,2.216,0.001
2910,9.130,,,
,0.336,2.171,0.002
2911,10.232,,,
,0.333,2.172,0.001
2912,10.892,,,
,0.336,2.171,0.002
2913,9.708,,,
,0.340,2.238,0.001
2914,11.632,,,
,0.337,2.220,0.002
2915,10.598,,,
,0.340,2.238,0.001
2916,9.664,,,
,0.338,2.216,0.000
2917,11.522,,,
,0.337,2.212,0.000
2918,12.895,,,
,0.336,2.214,0.000
2919,11.621,,,
,0.334,2.191,0.000
2920,11.453,,,
,0.337,2.189,0.001
2921,11.580,,,
,0.334,2.191,0.000
2922,7.519,,,
,0.335,2.173,0.002
2923,12.751,,,
,0.335,2.178,0.000
2924,8.763,,,
,0.335,2.173,0.002
2925,9.442,,,
,0.336,2.205,0.001
2926,9.153,,,
,0.338,2.212,0.002
2927,10.623,,,
,0.337,2.211,0.000
2928,11.851,,,
,0.337,2.227,0.001
2929,12.366,,,
,0.337,2.211,0.000
2930,8.633,,,
,0.342,2.230,0.001
2931,10.510,,,
,0.338,2.224,0.001
2932,8.994,,,
,0.340,2.230,0.001
2933,11.704,,,
,0.344,2.231,0.000
2934,10.915,,,
,0.338,2.225,0.001
2935,10.332,,,
,0.339,2.225,0.000
2936,11.169,,,
,0.338,2.225,0.001
2937,8.680,,,
,0.335,2.176,0.001
2938,9.982,,,
,0.334,2.171,0.000
2939,10.306,,,
,0.335,2.176,0.001
2940,10.216,,,
,0.337,2.205,0.001
2941,11.521,,,
,0.337,2.196,0.001
2942,11.281,,,
,0.342,2.200,0.000
2943,11.057,,,
,0.337,2.202,0.002
2944,10.518,,,
,0.339,2.197,0.001
2945,11.966,,,
,0.337,2.202,0.002
2946,9.224,,,
,0.333,2.165,0.000
2947,11.101,,,
,0.333,2.169,0.002
2948,11.413,,,
,0.336,2.199,0.001
2949,11.298,,,
,0.335,2.203,0.001
2950,12.131,,,
,0.336,2.199,0.001
2951,8.885,,,
,0.335,2.203,0.001
2952,9.171,,,
,0.334,2.168,0.001
2953,12.681,,,
,0.335,2.163,0.000
2954,7.471,,,
,0.345,2.193,0.002
2955,11.461,,,
,0.334,2.195,0.000
2956,8.695,,,
,0.336,2.201,0.001
2957,10.320,,,
,0.338,2.202,0.001
2958,9.862,,,
,0.339,2.212,0.002
2959,10.828,,,
,0.337,2.224,0.002
2960,10.126,,,
,0.340,2.226,0.000
2961,13.041,,,
,0.337,2.224,0.002
2962,11.919,,,
,0.336,2.201,0.000
2963,11.846,,,
,0.335,2.160,0.000
2964,10.381,,,
,0.333,2.148,0.000
2965,11.934,,,
,0.334,2.150,0.001
2966,11.995,,,
,0.337,2.203,0.001
2967,11.031,,,
,0.339,2.196,0.001
2968,11.530,,,
,0.337,2.203,0.001
2969,11.545,,,
,0.338,2.181,0.001
2970,11.800,,,
,0.333,2.155,0.000
2971,12.261,,,
,0.338,2.181,0.001
2972,9.057,,,
,0.336,2.188,0.001
2973,11.890,,,
,0.333,2.137,0.002
2974,11.024,,,
,0.332,2.148,0.001
2975,11.895,,,
,0.335,2.182,0.002
2976,11.941,,,
,0.337,2.210,0.000
2977,11.625,,,
,0.337,2.206,0.001
2978,11.130,,,
,0.338,2.177,0.001
2979,10.669,,,
,0.337,2.206,0.001
2980,7.707,,,
,0.336,2.165,0.000
2981,13.337,,,
,0.333,2.170,0.000
2982,11.793,,,
,0.335,2.187,0.001
2983,12.959,,,
,0.333,2.170,0.000
2984,11.004,,,
,0.339,2.209,0.001
2985,13.390,,,
,0.334,2.159,0.001
2986,14.361,,,
,0.337,2.177,0.000
2987,13.514,,,
,0.335,2.181,0.001
2988,12.136,,,
,0.336,2.141,0.001
2989,11.592,,,
,0.336,2.171,0.003
2990,11.856,,,
,0.336,2.171,0.000
2991,11.893,,,
,0.336,2.202,0.002
2992,11.344,,,
,0.342,2.198,0.002
2993,12.177,,,
,0.336,2.202,0.002
2994,9.705,,,
,0.342,2.198,0.002
2995,9.581,,,
,0.336,2.168,0.003
2996,10.879,,,
,0.337,2.183,0.002
2997,14.219,,,
,0.334,2.142,0.001
2998,11.823,,,
,0.333,2.139,0.001
2999,12.634,,,
,0.332,2.135,0.001
3000,12.362,,,
,0.333,2.139,0.001
3001,9.649,,,
,0.337,2.186,0.002
3002,12.268,,,
,0.335,2.163,0.001
3003,16.280,,,
,0.333,2.160,0.000
3004,12.252,,,
,0.336,2.162,0.003
3005,11.288,,,
,0.337,2.130,0.001
3006,15.003,,,
,0.332,2.164,0.001
3007,13.743,,,
,0.334,2.142,0.002
3008,10.389,,,
,0.332,2.164,0.001
3009,8.148,,,
,0.334,2.142,0.002
3010,10.265,,,
,0.334,2.170,0.000
3011,11.158,,,
,0.336,2.140,0.000
3012,11.484,,,
,0.333,2.154,0.002
3013,11.647,,,
,0.336,2.140,0.000
3014,9.312,,,
,0.335,2.198,0.001
3015,12.205,,,
,0.337,2.224,0.001
3016,10.453,,,
,0.337,2.193,0.001
3017,10.921,,,
,0.337,2.224,0.001
3018,8.202,,,
,0.337,2.193,0.001
3019,10.331,,,
,0.336,2.185,0.001
3020,12.302,,,
,0.337,2.187,0.001
3021,12.478,,,
,0.333,2.158,0.001
3022,11.099,,,
,0.338,2.168,0.001
3023,11.762,,,
,0.335,2.173,0.002
3024,12.328,,,
,0.333,2.146,0.001
3025,11.704,,,
,0.335,2.173,0.002
3026,9.043,,,
,0.334,2.160,0.003
3027,10.700,,,
,0.336,2.208,0.001
3028,11.884,,,
,0.334,2.160,0.003
3029,9.180,,,
,0.334,2.175,0.000
3030,11.402,,,
,0.335,2.174,0.001
3031,11.438,,,
,0.334,2.175,0.000
3032,10.255,,,
,0.335,2.174,0.001
3033,8.312,,,
,0.334,2.174,0.000
3034,12.381,,,
,0.337,2.191,0.003
3035,10.483,,,
,0.337,2.206,0.001
3036,10.513,,,
,0.337,2.191,0.003
3037,8.716,,,
,0.337,2.206,0.001
3038,10.089,,,
,0.336,2.187,0.001
3039,11.170,,,
,0.336,2.187,0.001
3040,11.265,,,
,0.336,2.187,0.001
3041,8.729,,,
,0.335,2.183,0.002
3042,10.553,,,
,0.336,2.191,0.003
3043,10.415,,,
,0.334,2.160,0.001
3044,15.398,,,
,0.332,2.158,0.001
3045,11.722,,,
,0.331,2.133,0.000
3046,12.512,,,
,0.332,2.158,0.001
3047,7.766,,,
,0.331,2.133,0.000
3048,9.660,,,
,0.334,2.165,0.000
3049,11.023,,,
,0.339,2.158,0.001
3050,11.773,,,
,0.333,2.147,0.002
3051,11.334,,,
,0.339,2.158,0.001
3052,10.191,,,
,0.333,2.147,0.002
3053,9.632,,,
,0.334,2.153,0.000
3054,11.910,,,
,0.335,2.161,0.002
3055,11.589,,,
,0.334,2.153,0.000
3056,9.261,,,
,0.335,2.199,0.001
3057,11.965,,,
,0.335,2.172,0.001
3058,9.358,,,
,0.335,2.150,0.000
3059,10.271,,,
,0.334,2.144,0.000
3060,10.577,,,
,0.335,2.165,0.003
3061,10.791,,,
,0.334,2.144,0.000
3062,9.056,,,
,0.336,2.199,0.001
3063,11.242,,,
,0.336,2.199,0.000
3064,11.636,,,
,0.336,2.211,0.000
3065,11.448,,,
,0.336,2.147,0.001
3066,11.189,,,
,0.333,2.152,0.000
3067,9.629,,,
,0.336,2.147,0.001
3068,9.003,,,
,0.344,2.182,0.000
3069,10.071,,,
,0.334,2.171,0.000
3070,6.897,,,
,0.344,2.182,0.000
3071,10.798,,,
,0.339,2.226,0.001
3072,9.938,,,
,0.338,2.226,0.000
3073,12.030,,,
,0.339,2.226,0.001
3074,8.573,,,
,0.338,2.226,0.000
3075,10.204,,,
,0.338,2.224,0.000
3076,11.243,,,
,0.341,2.212,0.002
3077,10.363,,,
,0.336,2.206,0.002
3078,10.365,,,
,0.341,2.212,0.002
3079,9.170,,,
,0.343,2.157,0.002
3080,11.433,,,
,0.334,2.167,0.001
3081,8.811,,,
,0.343,2.157,0.002
3082,7.958,,,
,0.338,2.210,0.001
3083,13.848,,,
,0.338,2.214,0.002
3084,11.195,,,
,0.338,2.210,0.001
3085,7.732,,,
,0.338,2.214,0.002
3086,11.390,,,
,0.335,2.158,0.001
3087,12.176,,,
,0.340,2.165,0.001
3088,16.499,,,
,0.333,2.169,0.002
3089,12.072,,,
,0.336,2.199,0.001
3090,11.396,,,
,0.337,2.202,0.002
3091,11.702,,,
,0.336,2.199,0.001
3092,9.268,,,
,0.337,2.202,0.002
3093,13.178,,,
,0.334,2.161,0.001
3094,12.325,,,
,0.337,2.193,0.000
3095,11.762,,,
,0.337,2.185,0.002
3096,11.358,,,
,0.337,2.193,0.000
3097,9.620,,,
,0.335,2.186,0.001
3098,12.171,,,
,0.336,2.190,0.002
3099,11.351,,,
,0.334,2.175,0.002
3100,11.341,,,
,0.334,2.171,0.001
3101,11.763,,,
,0.334,2.175,0.002
3102,9.161,,,
,0.335,2.185,0.001
3103,10.843,,,
,0.349,2.200,0.001
3104,10.544,,,
,0.335,2.185,0.001
3105,9.525,,,
,0.336,2.212,0.000
3106,11.330,,,
,0.338,2.211,0.001
3107,11.311,,,
,0.342,2.209,0.001
3108,10.894,,,
,0.336,2.164,0.001
3109,10.287,,,
,0.334,2.167,0.002
3110,11.677,,,
,0.336,2.191,0.001
3111,11.472,,,
,0.334,2.167,0.002
3112,9.573,,,
,0.338,2.204,0.002
3113,10.561,,,
,0.336,2.198,0.000
3114,12.490,,,
,0.338,2.205,0.004
3115,12.485,,,
,0.337,2.167,0.002
3116,11.100,,,
,0.338,2.205,0.004
3117,9.811,,,
,0.334,2.163,0.001
3118,12.494,,,
,0.338,2.189,0.002
3119,11.754,,,
,0.336,2.182,0.001
3120,12.213,,,
,0.335,2.161,0.001
3121,12.645,,,
,0.336,2.182,0.001
3122,7.477,,,
,0.335,2.161,0.001
3123,10.586,,,
,0.336,2.202,0.002
3124,11.613,,,
,0.339,2.194,0.001
3125,10.135,,,
,0.337,2.196,0.000
3126,10.917,,,
,0.336,2.203,0.001
3127,12.956,,,
,0.337,2.196,0.000
3128,9.189,,,
,0.336,2.203,0.001
3129,9.153,,,
,0.334,2.167,0.000
3130,11.975,,,
,0.338,2.193,0.002
3131,13.514,,,
,0.334,2.167,0.000
3132,10.986,,,
,0.338,2.193,0.002
3133,8.832,,,
,0.335,2.193,0.002
3134,10.015,,,
,0.338,2.212,0.000
3135,12.701,,,
,0.338,2.202,0.001
3136,8.944,,,
,0.336,2.173,0.000
3137,10.543,,,
,0.334,2.161,0.002
3138,10.117,,,
,0.336,2.173,0.000
3139,9.479,,,
,0.334,2.161,0.002
3140,7.612,,,
,0.339,2.240,0.003
3141,12.450,,,
,0.344,2.294,0.000
3142,9.046,,,
,0.336,2.201,0.001
3143,10.780,,,
,0.339,2.194,0.001
3144,12.024,,,
,0.338,2.199,0.001
3145,11.502,,,
,0.341,2.212,0.000
3146,11.764,,,
,0.339,2.210,0.000
3147,11.152,,,
,0.338,2.210,0.000
3148,11.602,,,
,0.339,2.210,0.000
3149,8.451,,,
,0.338,2.153,0.000
3150,10.934,,,
,0.334,2.163,0.002
3151,11.411,,,
,0.332,2.177,0.003
3152,10.653,,,
,1766152467465.057,2.200,0.000
3153,11.967,,,
,0.332,2.177,0.003
3154,8.610,,,
,0.337,2.189,0.001
3155,11.636,,,
,0.336,2.179,0.000
3156,10.994,,,
,0.332,2.159,0.002
3157,11.565,,,
,0.336,2.179,0.000
3158,9.481,,,
,0.335,2.185,0.000
3159,10.579,,,
,0.338,2.212,0.002
3160,10.083,,,
,0.335,2.185,0.000
3161,9.268,,,
,0.332,2.167,0.002
3162,11.689,,,
,0.335,2.159,0.001
3163,11.535,,,
,0.344,2.170,0.000
3164,10.832,,,
,0.334,2.168,0.000
3165,10.488,,,
,0.336,2.193,0.001
3166,11.612,,,
,0.337,2.195,0.001
3167,12.087,,,
,0.337,2.193,0.000
3168,12.613,,,
,0.332,2.146,0.000
3169,14.015,,,
,0.335,2.174,0.001
3170,13.632,,,
,0.335,2.168,0.001
3171,14.027,,,
,0.335,2.174,0.001
3172,11.091,,,
,0.337,2.171,0.001
3173,13.339,,,
,0.334,2.181,0.000
3174,11.887,,,
,0.333,2.139,0.002
3175,15.711,,,
,0.336,2.169,0.002
3176,13.647,,,
,0.335,2.167,0.001
3177,11.919,,,
,0.336,2.169,0.002
3178,10.002,,,
,0.342,2.163,0.000
3179,10.741,,,
,0.335,2.174,0.001
3180,10.027,,,
,0.342,2.163,0.000
3181,9.491,,,
,0.335,2.174,0.001
3182,12.358,,,
,0.332,2.159,0.002
3183,13.280,,,
,0.334,2.159,0.000
3184,11.397,,,
,0.336,2.187,0.000
3185,11.859,,,
,0.334,2.159,0.000
3186,9.306,,,
,0.336,2.213,0.001
3187,10.702,,,
,0.339,2.210,0.002
3188,10.925,,,
,0.336,2.217,0.001
3189,12.476,,,
,0.339,2.210,0.002
3190,8.777,,,
,0.335,2.163,0.000
3191,11.968,,,
,0.339,2.163,0.002
3192,11.549,,,
,0.334,2.176,0.000
3193,10.591,,,
,0.336,2.204,0.001
3194,11.766,,,
,0.337,2.211,0.001
3195,11.830,,,
,0.338,2.217,0.001
3196,11.551,,,
,0.337,2.211,0.001
3197,8.701,,,
,0.338,2.217,0.001
3198,7.474,,,
,0.339,2.255,0.001
3199,13.214,,,
,0.339,2.188,0.003
3200,8.514,,,
,0.337,2.183,0.000
3201,11.982,,,
,0.336,2.189,0.001
3202,11.328,,,
,0.333,2.175,0.000
3203,11.602,,,
,0.334,2.183,0.000
3204,11.089,,,
,0.336,2.185,0.000
3205,11.875,,,
,0.337,2.202,0.002
3206,11.030,,,
,0.336,2.185,0.000
3207,7.641,,,
,0.337,2.202,0.002
3208,9.915,,,
,0.336,2.202,0.000
3209,12.384,,,
,0.337,2.200,0.000
3210,7.647,,,
,0.336,2.202,0.000
3211,10.166,,,
,0.336,2.197,0.003
3212,10.822,,,
,0.334,2.169,0.001
3213,11.081,,,
,0.338,2.212,0.002
3214,11.887,,,
,0.337,2.205,0.002
3215,10.939,,,
,0.336,2.174,0.000
3216,12.369,,,
,0.337,2.205,0.002
3217,9.002,,,
,0.337,2.199,0.001
3218,10.495,,,
,0.338,2.214,0.000
3219,14.216,,,
,0.339,2.178,0.000
3220,13.205,,,
,0.335,2.146,0.000
3221,11.583,,,
,0.335,2.191,0.000
3222,11.158,,,
,0.335,2.146,0.000
3223,7.639,,,
,0.335,2.191,0.000
3224,10.619,,,
,0.337,2.200,0.002
3225,7.739,,,
,0.338,2.241,0.002
3226,13.314,,,
,0.340,2.220,0.002
3227,11.197,,,
,0.336,2.202,0.001
3228,12.627,,,
,0.337,2.202,0.001
3229,11.475,,,
,0.334,2.153,0.001
3230,11.621,,,
,0.337,2.202,0.001
3231,9.029,,,
,0.352,2.185,0.001
3232,11.668,,,
,0.343,2.220,0.000
3233,10.860,,,
,0.352,2.185,0.001
3234,9.091,,,
,0.338,2.226,0.002
3235,10.634,,,
,0.340,2.226,0.001
3236,9.111,,,
,0.335,2.196,0.001
3237,10.898,,,
,0.350,2.200,0.001
3238,8.797,,,
,0.336,2.185,0.002
3239,10.518,,,
,0.340,2.256,0.001
3240,11.353,,,
,0.336,2.185,0.002
3241,9.058,,,
,0.340,2.256,0.001
3242,9.486,,,
,0.336,2.191,0.002
3243,12.027,,,
,0.343,2.200,0.000
3244,11.971,,,
,0.336,2.191,0.002
3245,9.315,,,
,0.343,2.200,0.000
3246,9.583,,,
,0.336,2.187,0.001
3247,11.574,,,
,0.337,2.186,0.000
3248,11.641,,,
,0.336,2.187,0.001
3249,9.501,,,
,0.338,2.210,0.000
3250,11.114,,,
,0.335,2.209,0.001
3251,10.798,,,
,0.338,2.210,0.000
3252,9.720,,,
,0.339,2.211,0.001
3253,12.120,,,
,0.337,2.196,0.000
3254,11.188,,,
,0.338,2.202,0.000
3255,11.542,,,
,0.333,2.161,0.002
3256,11.870,,,
,0.335,2.193,0.000
3257,11.492,,,
,0.336,2.190,0.001
3258,11.348,,,
,0.342,2.175,0.000
3259,10.299,,,
,0.336,2.190,0.001
3260,9.311,,,
,0.342,2.175,0.000
3261,8.925,,,
,0.334,2.167,0.001
3262,10.630,,,
,0.343,2.290,0.001
3263,12.681,,,
,0.334,2.167,0.001
3264,8.478,,,
,0.343,2.290,0.001
3265,10.915,,,
,0.339,2.228,0.001
3266,11.418,,,
,0.337,2.231,0.001
3267,10.247,,,
,0.341,2.231,0.000
3268,9.982,,,
,0.337,2.231,0.001
3269,8.161,,,
,0.336,2.202,0.000
3270,10.995,,,
,0.337,2.200,0.001
3271,10.707,,,
,0.337,2.199,0.000
3272,12.084,,,
,0.337,2.203,0.001
3273,11.033,,,
,0.334,2.167,0.000
3274,12.248,,,
,0.335,2.181,0.000
3275,14.172,,,
,0.334,2.167,0.000
3276,9.307,,,
,0.337,2.166,0.001
3277,11.081,,,
,0.339,2.163,0.002
3278,10.748,,,
,0.338,2.204,0.000
3279,11.227,,,
,0.338,2.208,0.000
3280,11.690,,,
,0.338,2.208,0.000
3281,11.890,,,
,0.337,2.212,0.001
3282,12.482,,,
,0.338,2.211,0.002
3283,11.117,,,
,0.337,2.212,0.001
3284,8.883,,,
,0.334,2.160,0.002
3285,10.794,,,
,0.336,2.187,0.001
3286,12.985,,,
,0.334,2.160,0.002
3287,7.925,,,
,0.336,2.186,0.001
3288,12.983,,,
,0.338,2.209,0.000
3289,11.195,,,
,0.349,2.222,0.000
3290,10.454,,,
,0.339,2.219,0.002
3291,10.735,,,
,0.337,2.208,0.000
3292,11.688,,,
,0.335,2.165,0.000
3293,11.446,,,
,0.337,2.208,0.000
3294,9.469,,,
,0.336,2.165,0.001
3295,10.306,,,
,0.335,2.168,0.002
3296,10.605,,,
,0.336,2.165,0.001
3297,9.389,,,
,0.340,2.212,0.000
3298,11.539,,,
,0.337,2.210,0.000
3299,11.561,,,
,0.334,2.159,0.001
3300,11.617,,,
,0.334,2.169,0.001
3301,12.432,,,
,0.335,2.160,0.001
3302,12.446,,,
,0.334,2.167,0.002
3303,10.959,,,
,0.334,2.168,0.002
3304,11.465,,,
,0.335,2.167,0.002
3305,11.131,,,
,0.334,2.168,0.002
3306,9.148,,,
,0.340,2.200,0.001
3307,13.344,,,
,0.337,2.204,0.001
3308,14.532,,,
,0.338,2.162,0.001
3309,12.353,,,
,0.335,2.164,0.000
3310,9.272,,,
,0.338,2.162,0.001
3311,9.523,,,
,0.363,2.155,0.002
3312,11.238,,,
,0.335,2.171,0.001
3313,12.404,,,
,0.343,2.208,0.002
3314,10.803,,,
,0.341,2.206,0.002
3315,10.803,,,
,0.336,2.210,0.002
3316,10.320,,,
,0.338,2.216,0.001
3317,13.293,,,
,0.336,2.210,0.002
3318,10.955,,,
,0.338,2.216,0.001
3319,10.483,,,
,0.335,2.177,0.002
3320,12.092,,,
,0.334,2.173,0.000
3321,11.878,,,
,0.335,2.164,0.001
3322,11.832,,,
,0.334,2.173,0.000
3323,9.441,,,
,0.335,2.164,0.001
3324,9.424,,,
,0.335,2.185,0.001
3325,12.049,,,
,0.335,2.193,0.001
3326,11.799,,,
,0.335,2.167,0.000
3327,12.834,,,
,0.335,2.193,0.001
3328,9.058,,,
,0.344,2.202,0.000
3329,12.795,,,
,0.335,2.157,0.002
3330,12.247,,,
,0.335,2.167,0.002
3331,12.171,,,
,0.335,2.165,0.000
3332,11.908,,,
,0.335,2.162,0.001
3333,12.311,,,
,0.336,2.204,0.002
3334,11.388,,,
,0.335,2.162,0.001
3335,8.926,,,
,0.334,2.166,0.002
3336,13.048,,,
,0.335,2.179,0.000
3337,11.119,,,
,0.334,2.166,0.002
3338,8.072,,,
,0.335,2.160,0.001
3339,12.357,,,
,0.337,2.203,0.001
3340,11.709,,,
,0.338,2.207,0.001
3341,11.172,,,
,0.337,2.203,0.001
3342,8.620,,,
,0.339,2.216,0.004
3343,10.610,,,
,0.337,2.213,0.002
3344,11.025,,,
,0.339,2.216,0.004
3345,9.582,,,
,0.342,2.241,0.001
3346,10.401,,,
,0.338,2.215,0.003
3347,10.498,,,
,0.348,2.177,0.001
3348,14.886,,,
,0.338,2.215,0.003
3349,11.309,,,
,0.348,2.177,0.001
3350,8.426,,,
,0.335,2.163,0.000
3351,12.271,,,
,0.342,2.270,0.000
3352,12.467,,,
,0.335,2.163,0.000
3353,9.705,,,
,0.342,2.205,0.001
3354,10.583,,,
,0.335,2.200,0.001
3355,11.463,,,
,0.336,2.205,0.001
3356,10.527,,,
,0.337,2.207,0.001
3357,13.156,,,
,0.336,2.205,0.001
3358,11.598,,,
,0.334,2.163,0.000
3359,13.286,,,
,0.341,2.201,0.007
3360,12.245,,,
,0.335,2.184,0.001
3361,14.568,,,
,0.341,2.201,0.007
3362,12.044,,,
,0.335,2.171,0.001
3363,20.435,,,
,0.334,2.169,0.001
3364,14.316,,,
,0.335,2.175,0.000
3365,12.110,,,
,0.334,2.169,0.001
3366,8.024,,,
,0.334,2.160,0.000
3367,12.904,,,
,0.335,2.156,0.000
3368,12.070,,,
,0.335,2.198,0.001
3369,11.999,,,
,0.340,2.189,0.002
3370,11.750,,,
,0.335,2.198,0.001
3371,9.116,,,
,0.354,2.213,0.001
3372,11.676,,,
,0.335,2.171,0.001
3373,10.713,,,
,0.337,2.184,0.002
3374,14.134,,,
,0.335,2.171,0.001
3375,9.909,,,
,0.337,2.184,0.002
3376,10.752,,,
,0.336,2.191,0.001
3377,12.267,,,
,0.336,2.202,0.000
3378,11.840,,,
,0.336,2.191,0.001
3379,9.107,,,
,0.346,2.197,0.001
3380,11.277,,,
,0.335,2.166,0.001
3381,11.389,,,
,0.334,2.169,0.000
3382,11.565,,,
,0.334,2.177,0.001
3383,11.502,,,
,0.336,2.188,0.001
3384,12.353,,,
,0.335,2.181,0.000
3385,12.075,,,
,0.336,2.167,0.001
3386,11.825,,,
,0.335,2.183,0.001
3387,11.699,,,
,0.336,2.167,0.001
3388,12.666,,,
,0.335,2.161,0.001
3389,14.835,,,
,0.336,2.178,0.002
3390,11.306,,,
,0.335,2.161,0.001
3391,9.343,,,
,0.335,2.189,0.000
3392,10.470,,,
,0.333,2.182,0.001
3393,10.839,,,
,0.335,2.189,0.000
3394,9.023,,,
,0.336,2.216,0.001
3395,10.295,,,
,0.338,2.213,0.002
3396,10.721,,,
,0.339,2.209,0.003
3397,10.759,,,
,0.338,2.213,0.002
3398,10.182,,,
,0.334,2.167,0.000
3399,10.934,,,
,0.344,2.255,0.000
3400,11.056,,,
,0.334,2.167,0.000
3401,8.595,,,
,0.344,2.255,0.000
3402,10.126,,,
,0.340,2.257,0.001
3403,10.434,,,
,0.339,2.252,0.000
3404,11.709,,,
,0.342,2.257,0.001
3405,10.852,,,
,0.339,2.252,0.000
3406,9.059,,,
,0.341,2.253,0.002
3407,10.540,,,
,0.340,2.253,0.001
3408,11.143,,,
,0.341,2.253,0.002
3409,8.780,,,
,0.344,2.261,0.000
3410,10.476,,,
,0.340,2.255,0.002
3411,9.247,,,
,0.344,2.251,0.000
3412,10.407,,,
,0.345,2.240,0.000
3413,11.657,,,
,0.344,2.251,0.000
3414,6.740,,,
,0.339,2.249,0.004
3415,12.920,,,
,0.351,2.240,0.000
3416,7.886,,,
,0.342,2.243,0.001
3417,12.474,,,
,0.340,2.243,0.001
3418,8.328,,,
,0.342,2.243,0.001
3419,10.247,,,
,0.337,2.187,0.001
3420,11.620,,,
,0.336,2.187,0.001
3421,11.804,,,
,0.334,2.171,0.000
3422,11.534,,,
,0.336,2.187,0.001
3423,8.796,,,
,0.336,2.187,0.001
3424,11.357,,,
,0.341,2.191,0.000
3425,11.773,,,
,0.335,2.190,0.002
3426,11.550,,,
,0.341,2.191,0.000
3427,8.480,,,
,0.335,2.190,0.002
3428,9.544,,,
,0.335,2.167,0.002
3429,10.213,,,
,0.337,2.212,0.002
3430,11.738,,,
,0.338,2.212,0.001
3431,11.735,,,
,0.336,2.175,0.002
3432,11.667,,,
,0.338,2.212,0.001
3433,12.276,,,
,0.336,2.157,0.002
3434,12.053,,,
,0.333,2.133,0.002
3435,9.899,,,
,0.333,2.128,0.002
3436,10.259,,,
,0.333,2.133,0.002
3437,8.930,,,
,0.333,2.128,0.002
3438,8.547,,,
,0.338,2.210,0.002
3439,10.149,,,
,0.338,2.220,0.001
3440,8.460,,,
,0.338,2.208,0.004
3441,10.044,,,
,0.342,2.206,0.000
3442,8.489,,,
,0.338,2.208,0.004
3443,11.549,,,
,1766152470889.300,2.217,0.000
3444,12.818,,,
,0.351,2.212,0.002
3445,11.717,,,
,0.336,2.217,0.000
3446,9.423,,,
,0.334,2.148,0.004
3447,10.381,,,
,0.335,2.184,0.001
3448,13.823,,,
,0.336,2.193,0.001
3449,10.871,,,
,0.334,2.183,0.001
3450,11.362,,,
,0.336,2.193,0.001
3451,9.014,,,
,0.334,2.138,0.000
3452,12.004,,,
,0.335,2.161,0.002
3453,14.274,,,
,0.334,2.174,0.001
3454,11.660,,,
,0.338,2.159,0.004
3455,11.172,,,
,0.334,2.168,0.000
3456,11.226,,,
,0.338,2.159,0.004
3457,8.541,,,
,0.341,2.194,0.000
3458,10.569,,,
,0.337,2.170,0.002
3459,8.898,,,
,0.341,2.194,0.000
3460,7.471,,,
,0.339,2.216,0.001
3461,10.075,,,
,0.342,2.226,0.001
3462,10.640,,,
,0.338,2.224,0.002
3463,10.783,,,
,0.342,2.226,0.001
3464,9.480,,,
,0.338,2.228,0.000
3465,10.766,,,
,0.339,2.223,0.001
3466,9.084,,,
,0.339,2.228,0.001
3467,10.767,,,
,0.338,2.231,0.002
3468,11.888,,,
,0.339,2.222,0.002
3469,11.104,,,
,0.338,2.231,0.002
3470,8.797,,,
,0.337,2.176,0.015
3471,10.476,,,
,0.341,2.235,0.001
3472,11.539,,,
,0.337,2.176,0.015
3473,8.446,,,
,0.335,2.190,0.001
3474,11.013,,,
,0.340,2.246,0.001
3475,8.866,,,
,0.337,2.198,0.000
3476,11.445,,,
,0.337,2.185,0.001
3477,7.742,,,
,0.337,2.210,0.001
3478,16.709,,,
,0.338,2.216,0.002
3479,14.019,,,
,0.338,2.207,0.001
3480,11.197,,,
,0.336,2.173,0.001
3481,12.019,,,
,0.335,2.195,0.001
3482,11.375,,,
,0.343,2.206,0.001
3483,11.052,,,
,0.338,2.199,0.001
3484,11.693,,,
,0.339,2.213,0.002
3485,10.348,,,
,0.335,2.185,0.000
3486,11.734,,,
,0.339,2.213,0.002
3487,9.458,,,
,0.337,2.200,0.001
3488,11.352,,,
,0.336,2.209,0.000
3489,11.592,,,
,0.337,2.211,0.001
3490,10.966,,,
,0.338,2.214,0.002
3491,10.873,,,
,0.337,2.211,0.000
3492,11.676,,,
,0.336,2.192,0.002
3493,12.386,,,
,0.337,2.211,0.000
3494,9.027,,,
,0.341,2.202,0.000
3495,10.304,,,
,0.337,2.224,0.001
3496,11.604,,,
,0.341,2.202,0.000
3497,9.738,,,
,0.335,2.208,0.002
3498,12.192,,,
,0.338,2.214,0.002
3499,11.384,,,
,0.339,2.195,0.001
3500,11.360,,,
,0.343,2.199,0.001
3501,11.098,,,
,0.344,2.189,0.003
3502,10.397,,,
,0.337,2.195,0.000
3503,11.680,,,
,0.337,2.198,0.002
3504,12.530,,,
,0.337,2.195,0.000
3505,9.531,,,
,0.336,2.199,0.007
3506,11.001,,,
,0.337,2.187,0.002
3507,12.029,,,
,0.336,2.208,0.002
3508,9.887,,,
,0.337,2.187,0.002
3509,10.530,,,
,0.336,2.208,0.002
3510,7.961,,,
,0.336,2.184,0.001
3511,13.074,,,
,0.335,2.189,0.000
3512,11.373,,,
,0.336,2.204,0.002
3513,12.413,,,
,0.335,2.189,0.000
3514,9.738,,,
,0.336,2.204,0.002
3515,9.394,,,
,0.335,2.184,0.002
3516,11.838,,,
,0.336,2.189,0.001
3517,11.889,,,
,0.335,2.184,0.002
3518,9.114,,,
,0.346,2.214,0.000
3519,10.617,,,
,0.340,2.209,0.002
3520,9.023,,,
,0.338,2.181,0.000
3521,14.677,,,
,0.336,2.190,0.002
3522,10.992,,,
,0.335,2.187,0.002
3523,10.444,,,
,0.337,2.187,0.001
3524,12.218,,,
,0.336,2.181,0.001
3525,11.916,,,
,0.337,2.187,0.001
3526,9.900,,,
,0.336,2.181,0.001
3527,10.406,,,
,0.338,2.208,0.001
3528,11.590,,,
,0.337,2.206,0.000
3529,11.466,,,
,0.338,2.208,0.001
3530,9.363,,,
,0.338,2.191,0.000
3531,12.228,,,
,0.337,2.191,0.001
3532,11.391,,,
,0.337,2.197,0.000
3533,11.279,,,
,0.337,2.191,0.001
3534,8.664,,,
,0.339,2.210,0.002
3535,10.608,,,
,0.337,2.210,0.001
3536,11.560,,,
,0.339,2.210,0.002
3537,8.986,,,
,16680591601743.453,1766152471988.239,0.000
3538,10.307,,,
,0.336,2.182,0.002
3539,10.864,,,
,0.340,2.255,0.001
3540,11.974,,,
,0.336,2.182,0.002
3541,9.114,,,
,0.337,2.186,0.000
3542,12.764,,,
,0.336,2.185,0.001
3543,14.228,,,
,1766152472058.504,2.188,0.002
3544,11.083,,,
,0.336,2.185,0.001
3545,8.549,,,
,0.337,2.188,0.002
3546,9.119,,,
,0.337,2.200,0.000
3547,12.210,,,
,0.336,2.196,0.001
3548,10.297,,,
,0.338,2.196,0.002
3549,10.610,,,
,0.359,2.187,0.002
3550,13.256,,,
,0.343,2.201,0.001
3551,13.980,,,
,0.337,2.195,0.002
3552,12.331,,,
,0.343,2.201,0.001
3553,11.484,,,
,0.337,2.195,0.002
3554,10.857,,,
,0.340,2.212,0.002
3555,12.095,,,
,0.339,2.228,0.001
3556,10.456,,,
,0.338,2.210,0.000
3557,11.586,,,
,0.339,2.228,0.001
3558,10.107,,,
,0.336,2.183,0.001
3559,13.654,,,
,0.338,2.199,0.001
3560,13.258,,,
,0.336,2.198,0.002
3561,12.240,,,
,0.338,2.199,0.001
3562,10.520,,,
,0.341,2.189,0.000
3563,16.064,,,
,0.337,2.182,0.000
3564,9.271,,,
,0.341,2.189,0.000
3565,9.176,,,
,0.338,2.204,0.000
3566,11.235,,,
,0.336,2.196,0.004
3567,10.463,,,
,0.335,2.197,0.000
3568,12.873,,,
,0.336,2.196,0.004
3569,9.112,,,
,0.342,2.187,0.002
3570,10.246,,,
,0.334,2.188,0.003
3571,10.881,,,
,0.339,2.226,0.001
3572,11.891,,,
,0.334,2.188,0.003
3573,9.736,,,
,0.339,2.226,0.001
3574,11.509,,,
,0.339,2.229,0.002
3575,8.834,,,
,0.339,2.226,0.001
3576,9.735,,,
,0.338,2.213,0.001
3577,11.403,,,
,0.337,2.209,0.001
3578,12.121,,,
,0.338,2.213,0.001
3579,8.834,,,
,0.337,2.209,0.001
3580,8.955,,,
,0.337,2.190,0.001
3581,11.824,,,
,0.335,2.191,0.001
3582,9.017,,,
,0.337,2.190,0.001
3583,7.876,,,
,0.339,2.214,0.002
3584,10.528,,,
,0.338,2.214,0.000
3585,12.277,,,
,0.339,2.214,0.002
3586,8.031,,,
,0.338,2.214,0.000
3587,8.997,,,
,0.336,2.189,0.001
3588,12.539,,,
,0.336,2.200,0.002
3589,11.578,,,
,0.337,2.200,0.001
3590,10.625,,,
,0.336,2.200,0.002
3591,8.597,,,
,0.336,2.197,0.001
3592,10.955,,,
,0.335,2.199,0.002
3593,10.752,,,
,0.339,2.212,0.001
3594,10.827,,,
,0.335,2.199,0.002
3595,9.049,,,
,0.339,2.212,0.001
3596,10.102,,,
,0.336,2.200,0.002
3597,11.399,,,
,0.337,2.224,0.001
3598,10.442,,,
,0.336,2.200,0.002
3599,8.554,,,
,0.337,2.224,0.001
3600,10.257,,,
,0.338,2.209,0.001
3601,10.396,,,
,0.338,2.206,0.000
3602,12.219,,,
,0.338,2.209,0.001
3603,9.242,,,
,0.347,2.228,0.000
3604,10.607,,,
,0.338,2.231,0.001
3605,8.027,,,
,0.347,2.228,0.000
3606,9.934,,,
,0.338,2.212,0.002
3607,11.532,,,
,0.343,2.211,0.001
3608,15.719,,,
,0.338,2.196,0.002
3609,11.221,,,
,0.346,2.203,0.000
3610,11.600,,,
,0.339,2.199,0.001
3611,12.127,,,
,0.334,2.181,0.001
3612,12.207,,,
,0.337,2.184,0.002
3613,12.385,,,
,0.335,2.187,0.002
3614,10.572,,,
,0.337,2.184,0.002
3615,10.465,,,
,0.338,2.208,0.000
3616,10.709,,,
,0.336,2.188,0.002
3617,10.664,,,
,0.338,2.210,0.000
3618,11.407,,,
,0.339,2.210,0.001
3619,11.632,,,
,0.339,2.209,0.002
3620,11.221,,,
,0.339,2.210,0.001
3621,9.305,,,
,0.339,2.209,0.002
3622,7.984,,,
,0.336,2.183,0.001
3623,12.894,,,
,0.335,2.194,0.001
3624,9.491,,,
,0.336,2.183,0.001
3625,8.795,,,
,0.338,2.196,0.002
3626,8.359,,,
,0.337,2.217,0.001
3627,11.275,,,
,0.337,2.215,0.001
3628,10.979,,,
,0.338,2.230,0.002
3629,10.630,,,
,0.337,2.215,0.001
3630,10.072,,,
,0.338,2.230,0.002
3631,9.660,,,
,0.334,2.191,0.000
3632,10.795,,,
,0.336,2.185,0.001
3633,10.023,,,
,0.336,2.222,0.000
3634,11.406,,,
,0.336,2.185,0.001
3635,9.422,,,
,0.341,2.204,0.001
3636,11.312,,,
,0.343,2.201,0.000
3637,12.023,,,
,0.341,2.204,0.001
3638,8.096,,,
,0.343,2.201,0.000
3639,10.813,,,
,0.344,2.187,0.001
3640,10.891,,,
,0.335,2.185,0.002
3641,10.450,,,
,0.344,2.187,0.001
3642,9.265,,,
,0.338,2.216,0.001
3643,11.540,,,
,0.340,2.226,0.000
3644,12.110,,,
,0.345,2.225,0.001
3645,10.845,,,
,0.338,2.236,0.003
3646,10.328,,,
,0.338,2.230,0.001
3647,12.064,,,
,0.338,2.236,0.003
3648,9.122,,,
,0.334,2.161,0.002
3649,10.175,,,
,0.334,2.155,0.001
3650,11.205,,,
,0.339,2.200,0.000
3651,11.737,,,
,0.338,2.204,0.002
3652,13.873,,,
,0.339,2.200,0.000
3653,12.053,,,
,0.338,2.204,0.002
3654,9.936,,,
,0.339,2.198,0.002
3655,11.081,,,
,0.339,2.198,0.002
3656,10.943,,,
,0.339,2.198,0.002
3657,9.911,,,
,0.339,2.198,0.002
3658,9.361,,,
,0.333,2.163,0.001
3659,11.164,,,
,0.342,2.228,0.002
3660,7.633,,,
,0.339,2.181,0.001
3661,13.193,,,
,0.336,2.173,0.000
3662,8.743,,,
,0.346,2.227,0.000
3663,10.794,,,
,0.337,2.204,0.000
3664,8.829,,,
,0.346,2.227,0.000
3665,7.497,,,
,0.338,2.216,0.000
3666,10.923,,,
,0.339,2.238,0.001
3667,11.304,,,
,0.340,2.239,0.001
3668,10.282,,,
,0.339,2.238,0.001
3669,9.453,,,
,0.342,2.225,0.001
3670,10.864,,,
,0.342,2.228,0.001
3671,7.780,,,
,0.342,2.225,0.001
3672,10.533,,,
,0.338,2.231,0.001
3673,7.349,,,
,0.339,2.224,0.001
3674,13.435,,,
,0.338,2.236,0.001
3675,8.072,,,
,0.338,2.227,0.002
3676,10.893,,,
,0.339,2.214,0.002
3677,12.797,,,
,0.338,2.227,0.002
3678,8.411,,,
,0.339,2.214,0.002
3679,10.177,,,
,0.341,2.219,0.000
3680,13.688,,,
,0.341,2.218,0.003
3681,11.458,,,
,0.341,2.219,0.000
3682,8.303,,,
,0.341,2.218,0.003
3683,9.530,,,
,0.335,2.169,0.002
3684,10.406,,,
,0.334,2.175,0.002
3685,11.505,,,
,0.337,2.212,0.000
3686,11.560,,,
,0.334,2.175,0.002
3687,8.875,,,
,0.336,2.228,0.002
3688,10.033,,,
,0.338,2.224,0.002
3689,11.472,,,
,0.338,2.228,0.001
3690,11.088,,,
,0.338,2.224,0.002
3691,9.436,,,
,0.337,2.230,0.003
3692,9.850,,,
,0.342,2.232,0.000
3693,11.931,,,
,0.337,2.230,0.003
3694,9.164,,,
,0.339,2.157,0.001
3695,10.637,,,
,0.339,2.226,0.001
3696,7.167,,,
,0.339,2.157,0.001
3697,10.865,,,
,0.343,2.285,0.002
3698,10.706,,,
,0.343,2.284,0.001
3699,11.765,,,
,0.341,2.290,0.000
3700,12.114,,,
,0.343,2.284,0.001
3701,9.923,,,
,0.346,2.186,0.001
3702,11.622,,,
,0.335,2.179,0.001
3703,7.639,,,
,0.346,2.186,0.001
3704,11.822,,,
,0.350,2.210,0.000
3705,11.245,,,
,0.344,2.235,0.000
3706,10.697,,,
,0.350,2.210,0.000
3707,7.932,,,
,0.344,2.235,0.000
3708,9.860,,,
,0.342,2.229,0.001
3709,11.050,,,
,0.346,2.228,0.002
3710,9.460,,,
,0.342,2.229,0.001
3711,8.998,,,
,0.342,2.148,0.000
3712,11.373,,,
,0.336,2.234,0.001
3713,7.831,,,
,0.342,2.148,0.000
3714,9.531,,,
,0.336,2.200,0.000
3715,10.708,,,
,0.335,2.202,0.000
3716,9.818,,,
,0.336,2.200,0.000
3717,8.462,,,
,0.338,2.228,0.000
3718,10.716,,,
,0.344,2.316,0.000
3719,8.871,,,
,0.336,2.210,0.001
3720,11.256,,,
,0.342,2.216,0.001
3721,12.001,,,
,0.336,2.210,0.001
3722,7.819,,,
,0.342,2.216,0.001
3723,9.748,,,
,0.340,2.230,0.002
3724,10.593,,,
,0.338,2.215,0.001
3725,9.280,,,
,0.340,2.251,0.001
3726,10.219,,,
,0.337,2.224,0.003
3727,10.867,,,
,0.340,2.251,0.001
3728,10.460,,,
,0.337,2.224,0.003
3729,8.028,,,
,0.339,2.230,0.001
3730,13.122,,,
,0.339,2.224,0.001
3731,11.455,,,
,0.339,2.230,0.001
3732,11.624,,,
,0.339,2.224,0.001
3733,10.417,,,
,0.333,2.155,0.000
3734,11.881,,,
,0.334,2.167,0.000
3735,10.033,,,
,0.333,2.155,0.000
3736,8.822,,,
,0.338,2.213,0.000
3737,14.158,,,
,0.339,2.240,0.006
3738,12.389,,,
,0.338,2.224,0.001
3739,12.179,,,
,0.339,2.240,0.006
3740,11.685,,,
,0.340,2.163,0.001
3741,13.440,,,
,0.340,2.160,0.000
3742,14.870,,,
,0.332,2.128,0.002
3743,13.973,,,
,0.341,2.183,0.001
3744,13.017,,,
,0.336,2.168,0.001
3745,14.066,,,
,0.333,2.133,0.001
3746,18.457,,,
,0.330,2.122,0.002
3747,17.522,,,
,0.333,2.133,0.001
3748,13.028,,,
,0.332,2.134,0.001
3749,15.274,,,
,0.333,2.142,0.000
3750,13.541,,,
,0.330,2.122,0.000
3751,12.550,,,
,0.358,2.154,0.002
3752,12.257,,,
,0.340,2.161,0.002
3753,12.030,,,
,0.336,2.198,0.002
3754,10.803,,,
,0.336,2.188,0.004
3755,10.831,,,
,0.335,2.163,0.002
3756,11.669,,,
,0.336,2.188,0.004
3757,8.726,,,
,0.340,2.179,0.000
3758,10.564,,,
,0.333,2.169,0.001
3759,10.028,,,
,0.340,2.179,0.000
3760,9.658,,,
,0.338,2.214,0.000
3761,10.631,,,
,0.339,2.209,0.001
3762,8.972,,,
,0.345,2.228,0.000
3763,10.132,,,
,0.340,2.236,0.000
3764,10.460,,,
,0.345,2.228,0.000
3765,9.251,,,
,0.356,2.298,0.000
3766,11.301,,,
,0.346,2.301,0.001
3767,7.578,,,
,0.341,2.243,0.000
3768,12.976,,,
,0.340,2.244,0.000
3769,9.583,,,
,0.339,2.223,0.000
3770,10.574,,,
,0.338,2.210,0.005
3771,10.508,,,
,0.339,2.223,0.000
3772,9.020,,,
,0.338,2.210,0.005
3773,7.959,,,
,0.338,2.230,0.002
3774,10.513,,,
,0.343,2.223,0.001
3775,9.292,,,
,0.340,2.228,0.001
3776,9.722,,,
,0.338,2.230,0.000
3777,11.642,,,
,0.340,2.228,0.001
3778,8.871,,,
,0.344,2.229,0.000
3779,10.581,,,
,0.338,2.241,0.000
3780,11.607,,,
,0.344,2.229,0.000
3781,8.456,,,
,0.335,2.171,0.002
3782,12.548,,,
,0.336,2.172,0.001
3783,11.156,,,
,0.340,2.166,0.000
3784,10.740,,,
,0.334,2.165,0.004
3785,10.488,,,
,0.340,2.200,0.001
3786,11.062,,,
,0.337,2.224,0.002
3787,11.908,,,
,0.340,2.200,0.001
3788,8.505,,,
,0.337,2.224,0.002
3789,9.395,,,
,0.337,2.214,0.001
3790,12.003,,,
,0.338,2.229,0.001
3791,12.433,,,
,0.337,2.214,0.001
3792,14.227,,,
,0.338,2.229,0.001
3793,9.896,,,
,0.340,2.186,0.002
3794,12.557,,,
,0.333,2.149,0.001
3795,8.610,,,
,0.335,2.185,0.001
3796,11.340,,,
,0.347,2.181,0.000
3797,10.535,,,
,0.335,2.149,0.002
3798,10.791,,,
,0.333,2.170,0.001
3799,11.655,,,
,0.335,2.186,0.000
3800,12.600,,,
,0.333,2.170,0.001
3801,9.088,,,
,0.336,2.200,0.000
3802,11.353,,,
,0.338,2.202,0.001
3803,10.105,,,
,0.336,2.200,0.000
3804,7.408,,,
,0.336,2.184,0.002
3805,12.644,,,
,0.335,2.206,0.001
3806,10.137,,,
,0.336,2.184,0.002
3807,9.255,,,
,0.339,2.185,0.002
3808,11.263,,,
,0.341,2.175,0.001
3809,11.190,,,
,0.337,2.181,0.000
3810,10.204,,,
,0.341,2.175,0.001
3811,8.868,,,
,0.340,2.189,0.001
3812,10.625,,,
,0.340,2.175,0.000
3813,7.354,,,
,0.337,2.212,0.002
3814,12.708,,,
,0.344,2.226,0.001
3815,11.001,,,
,0.337,2.212,0.002
3816,7.649,,,
,0.344,2.226,0.001
3817,9.840,,,
,0.341,2.229,0.000
3818,11.327,,,
,0.343,2.227,0.001
3819,13.212,,,
,0.338,2.226,0.000
3820,12.396,,,
,0.339,2.221,0.001
3821,11.204,,,
,0.337,2.169,0.000
3822,10.495,,,
,0.341,2.167,0.002
3823,10.932,,,
,0.339,2.192,0.002
3824,10.962,,,
,0.341,2.167,0.002
3825,10.022,,,
,0.339,2.192,0.002
3826,8.836,,,
,0.343,2.210,0.001
3827,9.860,,,
,0.339,2.212,0.000
3828,8.385,,,
,0.337,2.204,0.002
3829,9.764,,,
,0.339,2.252,0.001
3830,12.123,,,
,0.340,2.241,0.000
3831,11.525,,,
,0.339,2.252,0.001
3832,8.881,,,
,0.333,2.167,0.001
3833,11.010,,,
,0.346,2.239,0.001
3834,9.619,,,
,0.336,2.189,0.000
3835,11.204,,,
,0.334,2.164,0.001
3836,9.924,,,
,0.336,2.189,0.000
3837,9.699,,,
,0.339,2.228,0.001
3838,15.052,,,
,0.340,2.228,0.001
3839,13.828,,,
,0.334,2.164,0.000
3840,13.642,,,
,0.335,2.170,0.002
3841,11.780,,,
,0.334,2.164,0.000
3842,9.327,,,
,0.335,2.187,0.001
3843,10.525,,,
,0.335,2.187,0.002
3844,11.081,,,
,0.335,2.187,0.001
3845,8.746,,,
,0.341,2.210,0.002
3846,10.528,,,
,0.339,2.229,0.001
3847,11.425,,,
,0.341,2.210,0.002
3848,9.877,,,
,0.342,2.184,0.001
3849,11.170,,,
,0.335,2.189,0.004
3850,10.331,,,
,0.342,2.184,0.001
3851,9.691,,,
,0.343,2.196,0.000
3852,10.283,,,
,0.340,2.210,0.002
3853,10.309,,,
,0.338,2.221,0.000
3854,12.037,,,
,0.340,2.233,0.001
3855,11.940,,,
,0.338,2.221,0.000
3856,9.441,,,
,0.344,2.224,0.000
3857,10.823,,,
,0.342,2.209,0.004
3858,10.049,,,
,0.338,2.213,0.001
3859,11.718,,,
,0.337,2.191,0.000
3860,11.737,,,
,0.334,2.161,0.001
3861,11.335,,,
,0.333,2.164,0.000
3862,11.709,,,
,0.336,2.195,0.001
3863,10.969,,,
,0.341,2.203,0.001
3864,10.370,,,
,0.334,2.200,0.004
3865,11.024,,,
,0.341,2.203,0.001
3866,9.298,,,
,0.339,2.157,0.000
3867,10.582,,,
,0.342,2.161,0.000
3868,11.370,,,
,0.339,2.157,0.000
3869,9.613,,,
,0.337,2.200,0.001
3870,11.905,,,
,0.336,2.202,0.002
3871,11.259,,,
,0.339,2.233,0.000
3872,12.144,,,
,0.341,2.226,0.001
3873,10.891,,,
,0.337,2.234,0.002
3874,10.627,,,
,0.340,2.222,0.001
3875,11.769,,,
,0.336,2.169,0.001
3876,11.963,,,
,0.340,2.222,0.001
3877,9.614,,,
,0.335,2.172,0.004
3878,12.353,,,
,0.337,2.206,0.001
3879,11.948,,,
,0.341,2.208,0.002
3880,11.810,,,
,0.337,2.206,0.001
3881,7.913,,,
,0.337,2.210,0.001
3882,12.278,,,
,0.336,2.189,0.001
3883,17.217,,,
,0.337,2.210,0.001
3884,10.641,,,
,0.335,2.170,0.000
3885,11.240,,,
,0.334,2.160,0.001
3886,8.458,,,
,0.332,2.164,0.001
3887,13.520,,,
,0.333,2.138,0.000
3888,12.174,,,
,0.332,2.164,0.001
3889,8.550,,,
,0.337,2.186,0.002
3890,10.656,,,
,0.333,2.183,0.001
3891,9.146,,,
,0.339,2.226,0.002
3892,11.678,,,
,0.339,2.234,0.000
3893,9.621,,,
,0.337,2.210,0.000
3894,11.251,,,
,0.335,2.195,0.000
3895,10.380,,,
,0.337,2.210,0.000
3896,8.003,,,
,0.335,2.195,0.000
3897,10.152,,,
,0.335,2.163,0.001
3898,11.827,,,
,0.336,2.162,0.001
3899,9.918,,,
,0.337,2.198,0.000
3900,10.896,,,
,0.340,2.216,0.002
3901,10.825,,,
,0.337,2.198,0.000
3902,7.630,,,
,0.338,2.233,0.001
3903,13.446,,,
,0.338,2.228,0.002
3904,8.656,,,
,0.343,2.226,0.001
3905,10.614,,,
,0.337,2.226,0.000
3906,11.443,,,
,0.343,2.226,0.001
3907,8.451,,,
,0.337,2.213,0.002
3908,11.036,,,
,0.345,2.223,0.000
3909,7.660,,,
,0.337,2.208,0.001
3910,12.825,,,
,0.338,2.208,0.000
3911,11.944,,,
,0.334,2.157,0.001
3912,12.599,,,
,0.341,2.171,0.000
3913,11.410,,,
,0.335,2.162,0.001
3914,13.744,,,
,0.341,2.171,0.000
3915,10.810,,,
,0.334,2.165,0.002
3916,11.899,,,
,0.340,2.202,0.001
3917,10.738,,,
,0.338,2.207,0.001
3918,11.029,,,
,0.338,2.218,0.002
3919,10.601,,,
,0.338,2.207,0.001
3920,11.862,,,
,0.335,2.168,0.001
3921,12.928,,,
,0.335,2.157,0.001
3922,9.523,,,
,0.337,2.162,0.001
3923,13.050,,,
,0.334,2.165,0.000
3924,13.798,,,
,0.336,2.165,0.001
3925,16.329,,,
,0.335,2.162,0.002
3926,12.540,,,
,0.336,2.165,0.001
3927,10.648,,,
,0.336,2.160,0.001
3928,12.036,,,
,0.335,2.181,0.000
3929,12.210,,,
,0.336,2.160,0.001
3930,9.756,,,
,0.335,2.181,0.000
3931,9.516,,,
,0.334,2.179,0.005
3932,11.463,,,
,0.336,2.186,0.001
3933,11.273,,,
,0.339,2.198,0.002
3934,11.511,,,
,0.341,2.193,0.001
3935,12.322,,,
,0.334,2.167,0.000
3936,12.809,,,
,0.340,2.196,0.000
3937,13.309,,,
,0.340,2.175,0.000
3938,16.464,,,
,0.340,2.196,0.000
3939,13.773,,,
,0.336,2.167,0.000
3940,15.569,,,
,0.334,2.160,0.001
3941,14.682,,,
,0.334,2.175,0.002
3942,17.885,,,
,0.335,2.177,0.001
3943,14.666,,,
,0.334,2.166,0.001
3944,17.181,,,
,0.335,2.161,0.000
3945,16.702,,,
,0.336,2.163,0.002
3946,16.154,,,
,0.334,2.159,0.001
3947,13.575,,,
,0.337,2.188,0.000
3948,13.280,,,
,0.336,2.161,0.001
3949,14.911,,,
,0.335,2.161,0.001
3950,13.456,,,
,0.335,2.161,0.001
3951,14.252,,,
,0.335,2.161,0.001
3952,13.595,,,
,0.334,2.161,0.002
3953,17.443,,,
,0.335,2.164,0.002
3954,18.460,,,
,0.335,2.165,0.000
3955,16.198,,,
,0.336,2.161,0.001
3956,14.133,,,
,0.335,2.180,0.001
3957,11.330,,,
,0.338,2.195,0.002
3958,10.991,,,
,0.335,2.180,0.001
3959,9.530,,,
,0.338,2.195,0.002
3960,15.142,,,
,0.335,2.163,0.001
3961,13.215,,,
,0.336,2.161,0.001
3962,12.100,,,
,0.334,2.160,0.001
3963,11.459,,,
,0.336,2.161,0.001
3964,9.205,,,
,0.335,2.186,0.002
3965,10.089,,,
,0.337,2.212,0.002
3966,10.822,,,
,0.337,2.209,0.002
3967,10.805,,,
,0.341,2.218,0.003
3968,11.144,,,
,0.339,2.207,0.001
3969,11.768,,,
,0.341,2.163,0.000
3970,12.131,,,
,0.337,2.185,0.001
3971,12.475,,,
,0.341,2.163,0.000
3972,9.190,,,
,0.337,2.185,0.001
3973,8.396,,,
,0.336,2.159,0.002
3974,12.908,,,
,0.334,2.171,0.002
3975,11.140,,,
,0.336,2.159,0.002
3976,8.811,,,
,0.335,2.214,0.003
3977,10.454,,,
,0.338,2.226,0.002
3978,10.435,,,
,0.339,2.225,0.002
3979,11.753,,,
,0.337,2.184,0.000
3980,11.292,,,
,0.338,2.191,0.001
3981,11.064,,,
,0.333,2.168,0.001
3982,11.267,,,
,0.337,2.202,0.000
3983,11.444,,,
,0.333,2.168,0.001
3984,8.334,,,
,0.337,2.202,0.000
3985,10.206,,,
,0.343,2.191,0.001
3986,10.898,,,
,0.336,2.195,0.001
3987,8.374,,,
,0.343,2.191,0.001
3988,10.574,,,
,0.337,2.196,0.001
3989,11.086,,,
,0.345,2.222,0.000
3990,11.342,,,
,0.337,2.196,0.001
3991,9.436,,,
,0.338,2.234,0.002
3992,11.739,,,
,0.334,2.172,0.001
3993,10.708,,,
,0.338,2.234,0.002
3994,9.495,,,
,0.338,2.194,0.001
3995,9.812,,,
,0.338,2.224,0.004
3996,10.882,,,
,0.338,2.227,0.001
3997,12.181,,,
,0.338,2.224,0.004
3998,9.303,,,
,0.343,2.232,0.001
3999,10.632,,,
,0.338,2.226,0.002
4000,10.661,,,
,0.343,2.232,0.001
4001,9.693,,,
,0.335,2.171,0.002
4002,9.998,,,
,0.339,2.188,0.001
4003,19.778,,,
,0.335,2.171,0.002
4004,9.149,,,
,0.336,2.172,0.001
4005,11.672,,,
,0.336,2.200,0.000
4006,12.325,,,
,0.336,2.172,0.001
4007,9.483,,,
,0.341,2.176,0.001
4008,11.357,,,
,0.341,2.173,0.001
4009,11.504,,,
,0.337,2.174,0.002
4010,11.263,,,
,0.335,2.175,0.000
4011,11.688,,,
,0.337,2.174,0.002
4012,9.470,,,
,0.336,2.192,0.002
4013,10.583,,,
,0.337,2.181,0.002
4014,10.190,,,
,0.336,2.192,0.002
4015,10.457,,,
,0.335,2.169,0.001
4016,11.178,,,
,0.338,2.171,0.000
4017,9.783,,,
,0.337,2.233,0.002
4018,12.056,,,
,0.338,2.171,0.000
4019,7.935,,,
,0.341,2.227,0.002
4020,13.512,,,
,0.336,2.234,0.001
4021,11.383,,,
,0.340,2.233,0.001
4022,11.575,,,
,0.336,2.234,0.001
4023,8.098,,,
,0.334,2.175,0.001
4024,12.094,,,
,0.335,2.169,0.001
4025,11.328,,,
,0.338,2.209,0.001
4026,12.690,,,
,0.338,2.213,0.001
4027,11.918,,,
,0.337,2.216,0.001
4028,11.583,,,
,0.338,2.210,0.001
4029,11.336,,,
,0.335,2.167,0.002
4030,11.451,,,
,0.338,2.210,0.001
4031,7.598,,,
,0.337,2.199,0.000
4032,12.919,,,
,0.334,2.181,0.001
4033,9.020,,,
,0.337,2.199,0.000
4034,7.727,,,
,0.340,2.222,0.000
4035,10.423,,,
,0.338,2.232,0.000
4036,10.756,,,
,0.338,2.228,0.000
4037,11.208,,,
,0.338,2.232,0.000
4038,8.619,,,
,0.339,2.232,0.001
4039,10.922,,,
,0.339,2.228,0.003
4040,10.282,,,
,0.338,2.229,0.001
4041,12.166,,,
,0.339,2.230,0.002
4042,11.590,,,
,0.333,2.158,0.001
4043,10.555,,,
,0.339,2.230,0.002
4044,9.490,,,
,0.337,2.171,0.001
4045,12.345,,,
,0.338,2.195,0.001
4046,14.822,,,
,0.333,2.142,0.000
4047,14.046,,,
,0.333,2.142,0.000
4048,11.032,,,
,0.336,2.133,0.000
4049,11.529,,,
,0.333,2.142,0.000
4050,9.234,,,
,0.338,2.196,0.001
4051,11.351,,,
,0.346,2.232,0.001
4052,10.924,,,
,0.340,2.229,0.001
4053,10.642,,,
,0.346,2.232,0.001
4054,9.459,,,
,0.340,2.225,0.001
4055,11.340,,,
,1766152478041.156,2.173,0.001
4056,11.627,,,
,0.340,2.225,0.001
4057,8.602,,,
,0.335,2.175,0.000
4058,10.650,,,
,0.335,2.208,0.001
4059,10.329,,,
,0.335,2.175,0.000
4060,8.955,,,
,0.344,2.217,0.000
4061,10.776,,,
,0.338,2.214,0.000
4062,10.459,,,
,0.338,2.233,0.002
4063,11.081,,,
,0.339,2.224,0.002
4064,10.616,,,
,0.336,2.162,0.001
4065,11.808,,,
,0.335,2.161,0.000
4066,11.597,,,
,0.334,2.185,0.001
4067,10.615,,,
,0.335,2.161,0.000
4068,9.297,,,
,0.338,2.207,0.001
4069,10.541,,,
,0.340,2.210,0.002
4070,12.615,,,
,0.338,2.216,0.000
4071,11.835,,,
,0.340,2.210,0.002
4072,9.043,,,
,0.342,2.152,0.000
4073,11.228,,,
,0.335,2.176,0.001
4074,10.687,,,
,0.336,2.188,0.002
4075,11.034,,,
,0.335,2.176,0.001
4076,9.755,,,
,0.338,2.210,0.001
4077,11.576,,,
,0.343,2.225,0.001
4078,10.473,,,
,0.338,2.210,0.001
4079,7.765,,,
,0.340,2.213,0.001
4080,11.779,,,
,0.337,2.208,0.000
4081,12.495,,,
,0.336,2.177,0.001
4082,10.863,,,
,0.336,2.195,0.002
4083,10.689,,,
,0.338,2.205,0.001
4084,11.812,,,
,0.338,2.202,0.000
4085,11.956,,,
,0.336,2.195,0.001
4086,11.548,,,
,0.338,2.202,0.000
4087,9.437,,,
,0.335,2.188,0.001
4088,11.291,,,
,0.340,2.193,0.001
4089,15.926,,,
,0.336,2.175,0.000
4090,14.106,,,
,0.337,2.198,0.000
4091,11.350,,,
,0.336,2.175,0.000
4092,9.278,,,
,0.337,2.198,0.000
4093,10.351,,,
,0.335,2.179,0.000
4094,12.096,,,
,0.335,2.173,0.001
4095,11.586,,,
,0.335,2.179,0.000
4096,10.102,,,
,0.342,2.186,0.001
4097,11.148,,,
,0.346,2.209,0.000
4098,11.238,,,
,0.336,2.214,0.000
4099,11.712,,,
,0.336,2.179,0.000
4100,10.124,,,
,0.336,2.176,0.003
4101,10.517,,,
,0.337,2.176,0.003
4102,10.317,,,
,0.338,2.209,0.001
4103,11.511,,,
,0.337,2.176,0.003
4104,9.147,,,
,0.339,2.191,0.000
4105,11.081,,,
,0.344,2.217,0.001
4106,10.793,,,
,0.339,2.191,0.000
4107,8.125,,,
,0.336,2.198,0.002
4108,13.129,,,
,0.335,2.170,0.001
4109,11.910,,,
,0.337,2.202,0.001
4110,11.152,,,
,0.335,2.170,0.001
4111,9.138,,,
,0.337,2.202,0.001
4112,7.890,,,
,0.339,2.198,0.000
4113,14.594,,,
,0.338,2.189,0.000
4114,12.504,,,
,0.337,2.167,0.002
4115,13.559,,,
,0.336,2.179,0.001
4116,12.623,,,
,0.336,2.169,0.001
4117,17.704,,,
,0.341,2.179,0.001
4118,11.520,,,
,0.337,2.208,0.001
4119,13.505,,,
,0.341,2.179,0.001
4120,10.786,,,
,0.334,2.177,0.001
4121,13.865,,,
,0.341,2.208,0.000
4122,12.239,,,
,0.334,2.177,0.001
4123,11.105,,,
,0.336,2.187,0.000
4124,12.379,,,
,0.344,2.178,0.001
4125,13.699,,,
,0.334,2.173,0.000
4126,11.694,,,
,0.344,2.178,0.001
4127,12.549,,,
,0.337,2.185,0.001
4128,20.561,,,
,0.337,2.172,0.000
4129,12.821,,,
,0.337,2.185,0.001
4130,10.219,,,
,0.335,2.173,0.001
4131,11.206,,,
,0.337,2.211,0.000
4132,12.411,,,
,0.338,2.210,0.001
4133,12.240,,,
,0.337,2.211,0.000
4134,9.594,,,
,0.336,2.167,0.001
4135,12.985,,,
,0.335,2.202,0.001
4136,12.943,,,
,0.338,2.207,0.001
4137,14.027,,,
,0.341,2.174,0.001
4138,15.178,,,
,0.335,2.172,0.000
4139,13.647,,,
,0.334,2.174,0.001
4140,12.915,,,
,0.335,2.172,0.000
4141,12.203,,,
,0.337,2.196,0.002
4142,15.460,,,
,0.337,2.175,0.000
4143,16.004,,,
,0.337,2.196,0.002
4144,9.101,,,
,0.336,2.178,0.000
4145,12.255,,,
,0.336,2.177,0.001
4146,15.901,,,
,0.336,2.178,0.000
4147,13.400,,,
,0.336,2.177,0.001
4148,12.522,,,
,0.339,2.175,0.000
4149,13.032,,,
,0.338,2.200,0.001
4150,16.577,,,
,0.339,2.175,0.000
4151,12.669,,,
,0.334,2.174,0.001
4152,11.770,,,
,0.336,2.170,0.001
4153,12.080,,,
,0.341,2.174,0.000
4154,13.979,,,
,0.335,2.174,0.001
4155,16.062,,,
,0.345,2.172,0.000
4156,12.852,,,
,0.338,2.180,0.002
4157,12.203,,,
,0.340,2.214,0.000
4158,13.959,,,
,0.334,2.175,0.001
4159,16.916,,,
,0.336,2.174,0.001
4160,14.828,,,
,0.339,2.176,0.001
4161,13.200,,,
,0.347,2.175,0.001
4162,13.581,,,
,0.334,2.175,0.000
4163,16.622,,,
,0.335,2.170,0.001
4164,16.388,,,
,0.334,2.175,0.000
4165,11.947,,,
,0.335,2.170,0.001
4166,10.305,,,
,0.334,2.178,0.002
4167,12.009,,,
,0.334,2.175,0.001
4168,14.409,,,
,0.342,2.208,0.000
4169,17.305,,,
,0.343,2.183,0.000
4170,16.871,,,
,0.342,2.208,0.000
4171,11.851,,,
,0.335,2.177,0.001
4172,14.961,,,
,0.338,2.177,0.001
4173,14.611,,,
,0.335,2.188,0.002
4174,16.344,,,
,0.335,2.168,0.001
4175,13.088,,,
,0.336,2.180,0.002
4176,12.362,,,
,0.336,2.185,0.001
4177,13.240,,,
,0.336,2.185,0.001
4178,11.628,,,
,0.344,2.185,0.001
4179,12.453,,,
,0.335,2.187,0.002
4180,11.480,,,
,0.343,2.218,0.001
4181,12.905,,,
,0.335,2.171,0.001
4182,15.816,,,
,0.338,2.180,0.001
4183,12.822,,,
,0.334,2.188,0.000
4184,12.411,,,
,0.338,2.214,0.001
4185,13.016,,,
,0.334,2.188,0.000
4186,10.805,,,
,0.338,2.214,0.001
4187,11.109,,,
,0.340,2.189,0.001
4188,13.021,,,
,0.337,2.198,0.001
4189,14.017,,,
,0.337,2.213,0.001
4190,13.955,,,
,0.338,2.181,0.002
4191,12.786,,,
,0.336,2.173,0.001
4192,13.002,,,
,0.342,2.171,0.000
4193,13.577,,,
,0.336,2.173,0.001
4194,10.995,,,
,0.336,2.175,0.000
4195,13.039,,,
,0.337,2.177,0.001
4196,15.094,,,
,0.333,2.169,0.001
4197,12.350,,,
,0.337,2.198,0.002
4198,13.586,,,
,0.340,2.207,0.001
4199,11.793,,,
,0.335,2.179,0.000
4200,12.643,,,
,0.337,2.201,0.001
4201,12.994,,,
,0.335,2.179,0.000
4202,8.648,,,
,0.336,2.195,0.001
4203,11.132,,,
,0.335,2.197,0.000
4204,11.134,,,
,0.337,2.198,0.002
4205,12.039,,,
,0.336,2.198,0.000
4206,12.150,,,
,0.337,2.198,0.002
4207,10.226,,,
,0.333,2.177,0.002
4208,12.972,,,
,0.338,2.186,0.002
4209,9.624,,,
,0.336,2.176,0.002
4210,13.748,,,
,0.335,2.174,0.002
4211,14.708,,,
,0.335,2.179,0.000
4212,14.364,,,
,0.336,2.187,0.000
4213,14.668,,,
,0.336,2.172,0.001
4214,14.916,,,
,0.338,2.169,0.001
4215,13.664,,,
,0.336,2.172,0.001
4216,12.164,,,
,0.338,2.169,0.001
4217,12.947,,,
,0.337,2.183,0.000
4218,13.556,,,
,0.347,2.189,0.001
4219,15.057,,,
,0.342,2.184,0.000
4220,17.049,,,
,0.347,2.189,0.001
4221,12.169,,,
,0.342,2.184,0.000
4222,11.814,,,
,0.332,2.174,0.000
4223,13.479,,,
,0.334,2.177,0.002
4224,10.501,,,
,0.335,2.185,0.001
4225,12.765,,,
,0.336,2.189,0.001
4226,14.166,,,
,0.335,2.173,0.000
4227,16.031,,,
,0.342,2.183,0.001
4228,16.867,,,
,0.337,2.167,0.002
4229,15.674,,,
,0.342,2.183,0.001
4230,13.005,,,
,0.353,2.440,0.000
4231,16.984,,,
,0.335,2.177,0.001
4232,11.247,,,
,0.359,2.446,0.000
4233,12.407,,,
,0.354,2.450,0.002
4234,11.518,,,
,0.354,2.442,0.001
4235,13.172,,,
,0.356,2.437,0.001
4236,12.882,,,
,0.354,2.435,0.000
4237,12.697,,,
,0.356,2.437,0.001
4238,8.744,,,
,0.354,2.435,0.000
4239,7.535,,,
,0.352,2.418,0.001
4240,12.351,,,
,0.351,2.414,0.000
4241,11.728,,,
,0.352,2.418,0.001
4242,8.743,,,
,0.352,2.417,0.000
4243,10.646,,,
,0.352,2.419,0.001
4244,8.329,,,
,1766152480643.028,2.413,0.001
4245,11.035,,,
,0.352,2.415,0.001
4246,12.520,,,
,0.354,2.413,0.001
4247,8.273,,,
,0.355,2.415,0.002
4248,11.560,,,
,0.353,2.419,0.002
4249,9.998,,,
,0.355,2.422,0.000
4250,11.808,,,
,0.355,2.419,0.001
4251,11.664,,,
,0.355,2.422,0.000
4252,8.462,,,
,0.355,2.419,0.001
4253,7.021,,,
,0.352,2.419,0.002
4254,10.755,,,
,0.353,2.411,0.002
4255,8.012,,,
,0.353,2.419,0.002
4256,10.812,,,
,0.352,2.413,0.001
4257,12.027,,,
,0.349,2.401,0.001
4258,10.579,,,
,0.349,2.401,0.001
4259,10.647,,,
,0.352,2.391,0.001
4260,11.681,,,
,0.349,2.401,0.001
4261,8.842,,,
,0.350,2.411,0.000
4262,10.909,,,
,0.362,2.405,0.001
4263,7.831,,,
,0.352,2.398,0.002
4264,13.806,,,
,0.350,2.400,0.000
4265,9.446,,,
,0.349,2.412,0.000
4266,10.689,,,
,0.339,2.226,0.001
4267,12.271,,,
,0.349,2.412,0.000
4268,9.474,,,
,0.338,2.224,0.001
4269,11.903,,,
,0.339,2.228,0.000
4270,11.431,,,
,0.339,2.253,0.001
4271,10.809,,,
,0.339,2.228,0.000
4272,7.918,,,
,0.337,2.215,0.001
4273,13.572,,,
,0.338,2.210,0.000
4274,12.877,,,
,0.334,2.169,0.001
4275,11.525,,,
,0.338,2.210,0.000
4276,9.174,,,
,0.336,2.193,0.000
4277,10.522,,,
,0.336,2.203,0.000
4278,12.377,,,
,0.336,2.193,0.000
4279,8.014,,,
,0.336,2.203,0.000
4280,11.017,,,
,0.336,2.210,0.001
4281,10.353,,,
,0.344,2.224,0.000
4282,12.099,,,
,0.339,2.227,0.001
4283,11.237,,,
,0.336,2.169,0.001
4284,11.068,,,
,0.337,2.195,0.000
4285,13.338,,,
,0.337,2.193,0.001
4286,12.484,,,
,0.337,2.198,0.000
4287,12.756,,,
,0.336,2.200,0.001
4288,13.350,,,
,0.337,2.198,0.002
4289,11.968,,,
,0.336,2.198,0.002
4290,14.376,,,
,0.337,2.202,0.001
4291,13.079,,,
,0.337,2.179,0.002
4292,13.287,,,
,0.337,2.202,0.001
4293,8.934,,,
,0.338,2.185,0.002
4294,10.352,,,
,0.335,2.189,0.001
4295,9.325,,,
,0.338,2.185,0.002
4296,9.258,,,
,0.337,2.202,0.001
4297,12.418,,,
,0.336,2.198,0.001
4298,11.721,,,
,0.337,2.191,0.001
4299,11.083,,,
,0.336,2.198,0.001
4300,10.183,,,
,0.339,2.211,0.001
4301,10.989,,,
,0.337,2.223,0.001
4302,11.079,,,
,0.339,2.211,0.001
4303,9.486,,,
,0.337,2.200,0.001
4304,11.847,,,
,0.339,2.193,0.002
4305,11.074,,,
,0.340,2.195,0.001
4306,11.579,,,
,0.344,2.208,0.002
4307,11.125,,,
,0.340,2.195,0.001
4308,7.049,,,
,0.336,2.195,0.001
4309,13.208,,,
,0.336,2.202,0.001
4310,9.023,,,
,0.336,2.195,0.001
4311,9.681,,,
,0.339,2.228,0.001
4312,11.073,,,
,19.649,2.228,0.002
4313,10.431,,,
,0.339,2.228,0.001
4314,9.807,,,
,0.339,2.224,0.002
4315,10.883,,,
,0.337,2.222,0.002
4316,11.689,,,
,0.339,2.224,0.002
4317,10.544,,,
,0.341,2.228,0.002
4318,10.545,,,
,0.337,2.210,0.000
4319,14.844,,,
,0.335,2.167,0.002
4320,13.984,,,
,0.334,2.167,0.000
4321,11.665,,,
,0.335,2.167,0.002
4322,8.728,,,
,0.339,2.166,0.001
4323,11.812,,,
,0.335,2.185,0.002
4324,11.450,,,
,0.338,2.206,0.001
4325,11.572,,,
,0.335,2.185,0.002
4326,8.799,,,
,0.340,2.214,0.001
4327,11.284,,,
,0.338,2.204,0.002
4328,11.857,,,
,0.340,2.214,0.001
4329,9.946,,,
,0.341,2.177,0.001
4330,11.842,,,
,0.343,2.181,0.000
4331,9.178,,,
,0.337,2.199,0.001
4332,11.827,,,
,0.339,2.200,0.000
4333,12.204,,,
,0.338,2.186,0.001
4334,10.728,,,
,0.339,2.173,0.001
4335,12.212,,,
,0.338,2.186,0.001
4336,7.982,,,
,0.339,2.173,0.001
4337,10.545,,,
,0.336,2.169,0.001
4338,11.006,,,
,0.336,2.183,0.001
4339,9.453,,,
,0.336,2.169,0.001
4340,9.275,,,
,0.337,2.209,0.003
4341,10.927,,,
,0.337,2.213,0.001
4342,10.756,,,
,0.337,2.210,0.000
4343,12.800,,,
,0.337,2.213,0.001
4344,10.236,,,
,0.344,2.171,0.000
4345,11.166,,,
,0.336,2.187,0.001
4346,10.349,,,
,0.337,2.189,0.000
4347,12.018,,,
,0.334,2.178,0.001
4348,11.922,,,
,0.337,2.189,0.000
4349,9.202,,,
,0.341,2.187,0.001
4350,10.996,,,
,0.335,2.208,0.001
4351,10.903,,,
,0.341,2.187,0.001
4352,7.729,,,
,0.337,2.210,0.002
4353,12.874,,,
,0.338,2.216,0.000
4354,11.241,,,
,0.353,2.244,0.001
4355,10.885,,,
,0.338,2.229,0.002
4356,10.764,,,
,0.338,2.210,0.001
4357,12.086,,,
,0.337,2.210,0.000
4358,11.327,,,
,0.334,2.172,0.001
4359,11.450,,,
,0.337,2.210,0.000
4360,8.880,,,
,0.334,2.172,0.001
4361,9.866,,,
,0.338,2.210,0.001
4362,15.212,,,
,0.337,2.214,0.000
4363,13.553,,,
,0.340,2.166,0.001
4364,11.620,,,
,0.342,2.200,0.000
4365,11.886,,,
,0.351,2.195,0.002
4366,10.346,,,
,0.338,2.206,0.001
4367,12.107,,,
,0.351,2.195,0.002
4368,9.289,,,
,0.343,2.167,0.002
4369,10.878,,,
,0.340,2.171,0.002
4370,11.235,,,
,0.337,2.204,0.004
4371,10.871,,,
,0.340,2.171,0.002
4372,9.396,,,
,0.344,2.226,0.002
4373,10.017,,,
,0.338,2.224,0.002
4374,10.213,,,
,0.344,2.226,0.002
4375,9.082,,,
,0.338,2.224,0.002
4376,8.775,,,
,0.337,2.228,0.000
4377,7.617,,,
,0.338,2.230,0.000
4378,10.753,,,
,0.343,2.230,0.000
4379,10.500,,,
,0.340,2.229,0.003
4380,11.114,,,
,0.343,2.230,0.000
4381,9.366,,,
,0.340,2.216,0.000
4382,11.134,,,
,0.342,2.210,0.002
4383,10.176,,,
,0.340,2.216,0.000
4384,10.365,,,
,0.342,2.210,0.002
4385,8.702,,,
,0.336,2.210,0.002
4386,10.754,,,
,0.339,2.216,0.002
4387,9.801,,,
,0.338,2.180,0.000
4388,11.144,,,
,0.342,2.195,0.000
4389,11.014,,,
,0.339,2.226,0.000
4390,11.052,,,
,0.342,2.195,0.000
4391,9.435,,,
,0.337,2.182,0.002
4392,11.741,,,
,0.337,2.185,0.000
4393,11.323,,,
,0.337,2.182,0.002
4394,7.576,,,
,0.337,2.209,0.001
4395,13.500,,,
,0.341,2.203,0.000
4396,11.301,,,
,0.337,2.209,0.001
4397,9.387,,,
,0.339,2.207,0.002
4398,11.037,,,
,0.349,2.169,0.002
4399,10.365,,,
,0.339,2.207,0.002
4400,8.656,,,
,0.335,2.171,0.001
4401,12.213,,,
,0.336,2.208,0.002
4402,11.093,,,
,0.337,2.205,0.001
4403,11.546,,,
,0.336,2.208,0.002
4404,7.402,,,
,0.338,2.210,0.000
4405,12.603,,,
,0.337,2.207,0.001
4406,11.886,,,
,0.337,2.209,0.001
4407,13.073,,,
,0.337,2.207,0.001
4408,16.493,,,
,0.337,2.144,0.001
4409,11.759,,,
,0.334,2.167,0.002
4410,12.039,,,
,0.334,2.159,0.000
4411,12.151,,,
,0.334,2.138,0.001
4412,12.184,,,
,0.332,2.141,0.001
4413,12.054,,,
,0.332,2.148,0.001
4414,11.942,,,
,0.338,2.195,0.000
4415,12.073,,,
,0.338,2.192,0.001
4416,11.121,,,
,0.334,2.171,0.000
4417,11.430,,,
,0.335,2.169,0.002
4418,11.692,,,
,0.334,2.171,0.000
4419,9.054,,,
,0.335,2.169,0.002
4420,10.064,,,
,0.334,2.163,0.000
4421,9.008,,,
,0.336,2.195,0.002
4422,10.818,,,
,0.336,2.210,0.002
4423,11.021,,,
,0.338,2.223,0.002
4424,11.665,,,
,0.338,2.222,0.001
4425,11.963,,,
,0.335,2.158,0.001
4426,12.056,,,
,0.336,2.185,0.001
4427,12.310,,,
,0.335,2.189,0.000
4428,12.009,,,
,0.336,2.185,0.001
4429,9.711,,,
,0.336,2.173,0.000
4430,12.297,,,
,0.334,2.172,0.001
4431,12.202,,,
,0.339,2.140,0.002
4432,11.387,,,
,0.336,2.171,0.001
4433,13.247,,,
,0.337,2.177,0.000
4434,12.080,,,
,0.336,2.171,0.001
4435,9.408,,,
,0.331,2.183,0.000
4436,11.750,,,
,1766152482867.006,2.172,0.002
4437,11.355,,,
,0.334,2.170,0.001
4438,11.071,,,
,0.339,2.172,0.002
4439,7.804,,,
,0.334,2.169,0.000
4440,13.704,,,
,0.334,2.156,0.001
4441,11.159,,,
,0.334,2.168,0.001
4442,11.469,,,
,0.337,2.210,0.002
4443,11.492,,,
,0.337,2.230,0.001
4444,11.073,,,
,0.335,2.215,0.001
4445,10.279,,,
,0.337,2.230,0.001
4446,8.069,,,
,0.335,2.215,0.001
4447,10.168,,,
,0.334,2.187,0.001
4448,12.428,,,
,0.339,2.179,0.002
4449,12.121,,,
,0.337,2.171,0.002
4450,17.681,,,
,0.339,2.162,0.000
4451,11.082,,,
,0.337,2.171,0.002
4452,7.599,,,
,0.349,2.159,0.001
4453,13.226,,,
,0.341,2.167,0.001
4454,12.112,,,
,0.349,2.159,0.001
4455,8.611,,,
,0.341,2.167,0.001
4456,9.267,,,
,0.336,2.151,0.001
4457,10.859,,,
,0.333,2.136,0.002
4458,7.562,,,
,0.336,2.151,0.001
4459,9.033,,,
,0.341,2.265,0.001
4460,10.715,,,
,0.340,2.250,0.001
4461,7.532,,,
,0.341,2.265,0.001
4462,10.425,,,
,0.340,2.240,0.001
4463,12.538,,,
,0.342,2.224,0.002
4464,11.114,,,
,0.351,2.228,0.000
4465,11.470,,,
,0.333,2.148,0.001
4466,10.977,,,
,0.351,2.228,0.000
4467,8.844,,,
,0.338,2.175,0.003
4468,10.331,,,
,0.335,2.184,0.001
4469,11.310,,,
,0.338,2.175,0.003
4470,8.539,,,
,0.337,2.213,0.001
4471,10.156,,,
,0.338,2.224,0.001
4472,11.458,,,
,0.338,2.229,0.000
4473,12.387,,,
,0.350,2.226,0.002
4474,12.341,,,
,0.334,2.168,0.001
4475,11.442,,,
,0.336,2.163,0.001
4476,12.736,,,
,0.335,2.156,0.000
4477,13.068,,,
,0.335,2.181,0.000
4478,14.237,,,
,0.334,2.138,0.002
4479,13.983,,,
,0.333,2.134,0.001
4480,13.957,,,
,0.332,2.135,0.001
4481,13.921,,,
,0.335,2.172,0.000
4482,14.950,,,
,0.332,2.135,0.001
4483,9.287,,,
,0.331,2.134,0.000
4484,12.061,,,
,0.334,2.138,0.002
4485,11.995,,,
,0.333,2.130,0.001
4486,12.055,,,
,0.332,2.129,0.001
4487,12.038,,,
,0.337,2.187,0.000
4488,11.516,,,
,0.336,2.179,0.002
4489,11.975,,,
,0.337,2.187,0.000
4490,10.016,,,
,0.336,2.179,0.002
4491,9.985,,,
,0.337,2.165,0.001
4492,18.564,,,
,0.334,2.126,0.000
4493,13.171,,,
,0.337,2.165,0.001
4494,10.191,,,
,0.335,2.186,0.001
4495,11.711,,,
,0.342,2.212,0.000
4496,10.767,,,
,0.345,2.183,0.002
4497,11.334,,,
,0.342,2.212,0.000
4498,9.291,,,
,0.337,2.161,0.001
4499,10.814,,,
,0.337,2.148,0.001
4500,7.684,,,
,0.335,2.189,0.001
4501,11.512,,,
,0.336,2.173,0.002
4502,11.024,,,
,0.335,2.189,0.001
4503,8.760,,,
,0.336,2.173,0.002
4504,8.154,,,
,0.335,2.172,0.001
4505,9.800,,,
,0.335,2.191,0.002
4506,10.564,,,
,0.336,2.200,0.002
4507,11.452,,,
,0.345,2.215,0.000
4508,11.710,,,
,0.336,2.200,0.002
4509,8.909,,,
,0.345,2.215,0.000
4510,7.659,,,
,0.338,2.228,0.001
4511,13.236,,,
,0.339,2.229,0.001
4512,9.231,,,
,0.337,2.228,0.002
4513,10.399,,,
,0.342,2.228,0.001
4514,12.176,,,
,0.337,2.228,0.002
4515,10.044,,,
,0.337,2.239,0.002
4516,11.545,,,
,0.343,2.208,0.000
4517,10.399,,,
,0.339,2.213,0.001
4518,10.784,,,
,0.343,2.208,0.000
4519,9.800,,,
,0.336,2.185,0.002
4520,11.660,,,
,0.335,2.173,0.000
4521,11.847,,,
,0.336,2.185,0.002
4522,9.786,,,
,0.335,2.173,0.000
4523,9.052,,,
,0.335,2.183,0.001
4524,12.526,,,
,0.338,2.197,0.001
4525,12.013,,,
,0.340,2.196,0.001
4526,11.695,,,
,0.336,2.210,0.002
4527,12.556,,,
,0.338,2.207,0.001
4528,12.156,,,
,0.344,2.192,0.001
4529,11.770,,,
,0.338,2.206,0.001
4530,11.069,,,
,0.339,2.210,0.000
4531,11.700,,,
,0.338,2.206,0.001
4532,9.960,,,
,0.336,2.187,0.001
4533,11.842,,,
,0.339,2.198,0.002
4534,11.701,,,
,0.338,2.210,0.002
4535,11.164,,,
,0.339,2.198,0.002
4536,9.873,,,
,0.339,2.193,0.002
4537,12.867,,,
,0.336,2.208,0.000
4538,9.834,,,
,0.337,2.199,0.000
4539,11.911,,,
,0.336,2.196,0.000
4540,11.655,,,
,0.337,2.198,0.003
4541,10.686,,,
,0.336,2.196,0.000
4542,9.633,,,
,0.337,2.198,0.001
4543,12.213,,,
,0.334,2.197,0.001
4544,10.416,,,
,0.338,2.189,0.004
4545,12.103,,,
,0.336,2.210,0.002
4546,12.433,,,
,0.342,2.228,0.001
4547,10.742,,,
,0.337,2.204,0.001
4548,12.147,,,
,0.342,2.228,0.001
4549,9.258,,,
,0.336,2.198,0.004
4550,11.046,,,
,0.336,2.202,0.000
4551,10.887,,,
,0.336,2.198,0.004
4552,9.761,,,
,0.336,2.202,0.000
4553,9.103,,,
,0.341,2.223,0.001
4554,11.838,,,
,0.339,2.195,0.001
4555,8.427,,,
,0.341,2.223,0.001
4556,11.758,,,
,0.338,2.230,0.002
4557,11.789,,,
,0.339,2.218,0.002
4558,12.299,,,
,0.338,2.230,0.002
4559,10.997,,,
,0.341,2.195,0.001
4560,11.192,,,
,0.342,2.192,0.000
4561,11.224,,,
,0.337,2.213,0.001
4562,10.799,,,
,0.342,2.192,0.000
4563,9.196,,,
,0.337,2.213,0.001
4564,11.263,,,
,0.337,2.212,0.005
4565,11.292,,,
,0.337,2.204,0.000
4566,10.948,,,
,0.337,2.204,0.000
4567,10.404,,,
,0.337,2.209,0.002
4568,10.327,,,
,0.335,2.197,0.000
4569,12.134,,,
,0.338,2.202,0.000
4570,12.332,,,
,0.335,2.197,0.000
4571,10.323,,,
,0.336,2.200,0.001
4572,13.682,,,
,0.335,2.189,0.001
4573,6.299,,,
,0.339,2.234,0.002
4574,5.056,,,
,0.361,2.247,0.003
4575,5.010,,,
,0.342,2.253,0.002
4576,5.122,,,
,0.352,2.412,0.000
4577,10.208,,,
,0.350,2.407,0.002
4578,6.746,,,
,0.358,2.410,0.002
4579,6.977,,,
,0.352,2.361,0.002
4580,6.372,,,
,0.353,2.362,0.000
4581,7.503,,,
,0.347,2.365,0.001
4582,6.799,,,
,0.349,2.374,0.001
4583,5.038,,,
,0.347,2.365,0.001
4584,1.965,,,
,0.349,2.374,0.001
4585,1.895,,,
,0.359,2.376,0.002
4586,5.591,,,
,0.347,2.376,0.002
4587,5.682,,,
,0.372,2.600,0.000
4588,5.628,,,
,0.371,2.598,0.001
4589,5.300,,,
,0.372,2.600,0.000
4590,2.417,,,
,0.371,2.598,0.001
4591,2.126,,,
,0.384,2.643,0.003
4592,2.574,,,
,0.393,2.669,0.000
4593,5.987,,,
,0.388,3.547,0.000
4594,2.382,,,
,0.393,2.669,0.000
4595,2.591,,,
,0.399,2.861,0.001
4596,5.914,,,
,0.392,3.948,0.004
4597,2.298,,,
,0.399,2.861,0.001
4598,1.702,,,
,0.404,2.914,0.002
4599,3.515,,,
,0.420,4.049,0.000
4600,1.922,,,
,0.408,2.959,0.002
4601,1.818,,,
,0.397,2.858,0.001
4602,5.492,,,
,0.393,2.863,0.001
4603,6.059,,,
,0.397,2.858,0.001
4604,2.718,,,
,0.393,2.863,0.001
4605,3.370,,,
,0.399,2.859,0.002
4606,2.510,,,
,0.393,3.324,0.008
4607,2.718,,,
,0.445,3.961,0.004
4608,2.027,,,
,0.399,2.871,0.001
4609,2.797,,,
,0.404,3.957,0.001
4610,2.403,,,
,0.400,3.958,0.001
4611,1.751,,,
,0.397,2.846,0.000
4612,1.952,,,
,0.429,3.102,0.001
4613,5.921,,,
,0.424,3.104,0.002
4614,7.859,,,
,0.424,2.994,0.000
4615,6.741,,,
,0.407,2.964,0.001
4616,7.155,,,
,0.416,2.961,0.001
4617,8.007,,,
,0.407,2.964,0.001
4618,2.388,,,
,0.416,2.961,0.001
4619,1.950,,,
,0.372,2.658,0.001
4620,1.959,,,
,0.375,2.654,0.002
4621,1.883,,,
,0.386,2.786,0.002
4622,6.572,,,
,0.393,3.438,0.000
4623,2.130,,,
,0.386,2.786,0.002
4624,2.753,,,
,0.392,2.851,0.000
4625,6.634,,,
,0.394,2.855,0.002
4626,7.674,,,
,0.392,2.851,0.000
4627,2.869,,,
,0.394,2.855,0.002
4628,1.765,,,
,0.395,2.857,0.001
4629,1.762,,,
,0.393,3.931,0.006
4630,4.001,,,
,0.403,3.732,0.002
4631,2.177,,,
,0.378,2.693,0.002
4632,2.214,,,
,0.390,3.467,0.001
4633,2.441,,,
,0.618,3.452,0.000
4634,2.437,,,
,0.404,2.896,0.000
4635,1.689,,,
,0.396,3.959,0.004
4636,2.428,,,
,0.433,4.099,0.001
4637,1.664,,,
,0.399,3.037,0.000
4638,2.920,,,
,1.060,3.609,0.002
4639,2.813,,,
,0.436,4.305,0.004
4640,1.760,,,
,0.438,3.109,0.001
4641,1.842,,,
,1.061,3.543,0.006
4642,2.059,,,
,0.451,4.215,0.002
4643,1.741,,,
,0.417,3.035,0.002
4644,3.620,,,
,1.044,3.539,0.001
4645,2.403,,,
,0.418,4.205,0.002
4646,2.661,,,
,0.426,3.112,0.002
4647,2.303,,,
,0.423,4.317,0.004
4648,2.386,,,
,1.195,3.627,0.000
4649,2.009,,,
,0.422,3.107,0.001
4650,3.459,,,
,0.422,4.354,0.001
4651,2.336,,,
,0.427,4.299,0.001
4652,1.886,,,
,0.430,3.105,0.000
4653,1.994,,,
,0.413,4.246,0.020
4654,2.697,,,
,0.443,4.204,0.007
4655,2.239,,,
,0.417,3.043,0.001
4656,2.619,,,
,0.412,4.157,0.001
4657,2.439,,,
,0.410,4.217,0.002
4658,1.903,,,
,0.406,2.963,0.000
4659,2.611,,,
,0.404,4.069,0.003
4660,3.384,,,
,1.027,3.516,0.001
4661,3.040,,,
,0.423,3.099,0.001
4662,2.009,,,
,0.420,4.358,0.004
4663,2.344,,,
,0.460,4.329,0.000
4664,1.955,,,
,0.421,3.029,0.001
4665,2.906,,,
,0.418,4.246,0.002
4666,3.190,,,
,1.061,3.574,0.002
4667,1.884,,,
,0.414,3.007,0.001
4668,2.109,,,
,0.404,4.100,0.008
4669,4.690,,,
,1.066,3.452,0.001
4670,3.176,,,
,0.406,2.957,0.002
4671,3.749,,,
,0.394,2.855,0.002
4672,9.903,,,
,0.387,2.794,0.002
4673,7.569,,,
,0.394,2.855,0.002
4674,4.117,,,
,0.387,2.794,0.002
4675,2.666,,,
,0.386,2.797,0.001
4676,3.169,,,
,0.387,3.839,0.001
4677,3.637,,,
,0.394,3.813,0.002
4678,3.807,,,
,0.380,2.659,0.002
4679,2.929,,,
,0.372,2.879,0.000
4680,4.134,,,
,0.372,3.642,0.001
4681,2.519,,,
,0.387,2.892,0.000
4682,3.552,,,
,0.995,3.355,0.001
4683,2.627,,,
,0.402,3.996,0.001
4684,2.063,,,
,0.396,2.898,0.001
4685,2.526,,,
,0.394,2.857,0.002
4686,7.429,,,
,0.421,4.055,0.001
4687,3.443,,,
,0.394,2.857,0.002
4688,3.571,,,
,0.393,2.885,0.001
4689,4.083,,,
,0.397,3.361,0.000
4690,2.982,,,
,0.397,2.900,0.002
4691,2.478,,,
,0.383,2.734,0.001
4692,5.846,,,
,1.112,3.213,0.000
4693,4.620,,,
,0.383,2.734,0.001
4694,2.275,,,
,0.381,2.748,0.002
4695,3.721,,,
,0.389,3.424,0.000
4696,2.781,,,
,0.376,2.656,0.000
4697,3.570,,,
,0.373,3.644,0.001
4698,3.391,,,
,0.396,3.974,0.005
4699,8.114,,,
,0.397,2.900,0.001
4700,6.481,,,
,0.396,3.974,0.005
4701,2.767,,,
,0.389,3.829,0.001
4702,7.404,,,
,0.393,2.804,0.001
4703,4.629,,,
,0.392,3.822,0.002
4704,7.283,,,
,0.382,2.746,0.001
4705,7.873,,,
,0.392,3.822,0.002
4706,2.717,,,
,0.380,3.768,0.002
4707,7.490,,,
,0.381,2.739,0.001
4708,3.015,,,
,0.380,3.768,0.002
4709,3.152,,,
,0.370,2.550,0.002
4710,7.229,,,
,0.366,2.548,0.002
4711,5.857,,,
,0.370,2.550,0.002
4712,2.561,,,
,0.376,2.568,0.001
4713,6.802,,,
,0.366,2.561,0.001
4714,6.505,,,
,0.376,2.568,0.001
4715,4.054,,,
,0.366,2.561,0.001
4716,3.542,,,
,0.372,2.642,0.000
4717,8.659,,,
,0.374,3.117,0.000
4718,2.613,,,
,0.372,2.642,0.000
4719,3.436,,,
,0.367,2.599,0.004
4720,8.541,,,
,0.373,3.017,0.002
4721,2.580,,,
,0.367,2.599,0.004
4722,3.396,,,
,0.365,2.574,0.002
4723,8.428,,,
,0.364,2.558,0.002
4724,6.667,,,
,0.365,2.574,0.002
4725,2.698,,,
,0.364,2.558,0.002
4726,2.130,,,
,0.362,2.540,0.002
4727,2.225,,,
,0.360,3.490,0.002
4728,2.642,,,
,0.372,3.632,0.001
4729,2.138,,,
,0.374,2.540,0.002
4730,2.703,,,
,0.905,3.230,0.006
4731,4.477,,,
,0.388,3.844,0.004
4732,7.925,,,
,0.391,2.797,0.002
4733,3.170,,,
,0.388,3.844,0.004
4734,2.784,,,
,0.398,2.893,0.001
4735,3.909,,,
,0.392,2.806,0.000
4736,8.017,,,
,0.398,3.370,0.003
4737,2.762,,,
,0.392,2.806,0.000
4738,2.199,,,
,0.381,2.746,0.000
4739,6.719,,,
,0.963,3.295,0.006
4740,3.018,,,
,0.381,2.746,0.000
4741,3.286,,,
,0.381,2.740,0.001
4742,3.834,,,
,0.378,3.201,0.004
4743,4.321,,,
,0.381,2.737,0.002
4744,2.839,,,
,0.377,2.738,0.002
4745,7.659,,,
,0.380,3.785,0.001
4746,4.579,,,
,0.377,2.738,0.002
4747,3.725,,,
,0.376,2.697,0.002
4748,4.045,,,
,0.375,3.166,0.005
4749,3.754,,,
,0.406,2.637,0.001
4750,7.506,,,
,0.376,3.021,0.002
4751,3.859,,,
,0.406,2.637,0.001
4752,2.972,,,
,0.369,2.608,0.001
4753,3.661,,,
,0.367,3.031,0.000
4754,2.473,,,
,0.401,3.660,0.000
4755,7.921,,,
,0.372,3.697,0.005
4756,4.929,,,
,0.398,2.902,0.003
4757,9.708,,,
,0.399,2.912,0.000
4758,9.858,,,
,0.371,2.663,0.001
4759,7.273,,,
,0.371,2.664,0.000
4760,9.194,,,
,0.371,2.663,0.001
4761,7.610,,,
,0.362,2.465,0.002
4762,6.804,,,
,0.356,2.454,0.002
4763,6.689,,,
,0.357,2.456,0.001
4764,7.936,,,
,0.357,2.460,0.002
4765,8.084,,,
,0.347,2.368,0.000
4766,6.769,,,
,0.350,2.374,0.002
4767,6.887,,,
,0.347,2.360,0.003
4768,8.902,,,
,0.350,2.374,0.002
4769,5.220,,,
,0.358,2.422,0.002
4770,6.782,,,
,0.353,2.416,0.000
4771,7.496,,,
,0.358,2.422,0.002
4772,3.447,,,
,0.353,2.416,0.000
4773,2.486,,,
,0.354,2.414,0.002
4774,6.465,,,
,0.355,2.478,0.000
4775,6.075,,,
,0.354,2.414,0.002
4776,3.358,,,
,0.364,2.473,0.002
4777,7.963,,,
,0.358,2.489,0.000
4778,3.268,,,
,0.364,2.473,0.002
4779,2.965,,,
,0.362,2.523,0.000
4780,3.885,,,
,0.391,2.559,0.001
4781,6.733,,,
,0.366,2.525,0.001
4782,3.561,,,
,0.380,2.689,0.000
4783,9.637,,,
,0.376,2.671,0.004
4784,7.961,,,
,0.380,2.689,0.000
4785,3.270,,,
,0.378,2.658,0.001
4786,7.392,,,
,0.371,2.634,0.001
4787,7.426,,,
,0.378,2.658,0.001
4788,4.244,,,
,0.371,2.634,0.001
4789,2.711,,,
,0.376,2.610,0.001
4790,3.605,,,
,0.376,2.612,0.001
4791,8.259,,,
,0.368,2.605,0.002
4792,6.301,,,
,1766152485814.010,2.563,0.002
4793,6.296,,,
,0.368,2.605,0.002
4794,3.615,,,
,0.364,3.283,0.002
4795,6.952,,,
,0.364,2.582,0.002
4796,6.651,,,
,0.364,3.283,0.002
4797,3.764,,,
,0.364,2.582,0.002
4798,3.376,,,
,0.383,2.644,0.002
4799,7.831,,,
,0.373,2.652,0.002
4800,3.717,,,
,0.371,2.602,0.002
4801,6.508,,,
,0.364,2.576,0.002
4802,8.286,,,
,0.371,2.602,0.002
4803,3.872,,,
,0.364,2.576,0.002
4804,3.746,,,
,0.370,2.502,0.001
4805,7.162,,,
,0.359,2.455,0.000
4806,9.152,,,
,0.370,2.502,0.001
4807,3.424,,,
,0.359,2.455,0.000
4808,2.952,,,
,0.354,2.637,0.002
4809,7.778,,,
,0.361,2.440,0.002
4810,7.510,,,
,0.356,2.503,0.002
4811,6.680,,,
,0.361,2.440,0.002
4812,3.820,,,
,0.371,3.411,0.002
4813,6.928,,,
,0.370,2.654,0.001
4814,3.933,,,
,0.366,2.607,0.000
4815,8.094,,,
,0.368,2.605,0.001
4816,9.007,,,
,0.358,2.478,0.000
4817,6.841,,,
,0.359,2.476,0.000
4818,6.587,,,
,0.357,2.474,0.000
4819,6.967,,,
,0.354,2.460,0.000
4820,7.753,,,
,0.357,2.474,0.000
4821,5.252,,,
,0.354,2.460,0.000
4822,4.720,,,
,0.355,2.461,0.001
4823,4.941,,,
,0.375,2.441,0.001
4824,6.837,,,
,0.353,2.433,0.001
4825,6.739,,,
,0.375,2.441,0.001
4826,4.673,,,
,0.353,2.433,0.001
4827,4.943,,,
,0.393,2.560,0.001
4828,6.922,,,
,0.362,2.638,0.002
4829,7.499,,,
,0.393,2.560,0.001
4830,4.376,,,
,0.362,2.638,0.002
4831,4.606,,,
,0.378,2.662,0.000
4832,8.246,,,
,0.368,2.611,0.001
4833,10.736,,,
,0.368,2.608,0.002
4834,7.240,,,
,0.359,2.464,0.001
4835,8.572,,,
,0.366,2.455,0.000
4836,7.065,,,
,0.359,2.464,0.001
4837,3.564,,,
,0.368,2.462,0.001
4838,7.053,,,
,0.355,2.451,0.001
4839,6.699,,,
,0.362,2.469,0.001
4840,7.421,,,
,0.356,2.474,0.001
4841,8.087,,,
,0.364,2.481,0.000
4842,8.520,,,
,0.356,2.474,0.001
4843,3.501,,,
,0.364,2.481,0.000
4844,2.860,,,
,0.348,2.384,0.000
4845,4.931,,,
,0.358,2.414,0.001
4846,6.268,,,
,0.355,2.383,0.000
4847,3.399,,,
,0.358,2.414,0.001
4848,3.327,,,
,0.347,2.727,0.001
4849,5.353,,,
,0.412,2.741,0.001
4850,7.784,,,
,0.385,2.738,0.001
4851,5.446,,,
,0.399,2.861,0.000
4852,7.693,,,
,0.393,2.862,0.004
4853,5.143,,,
,0.399,2.861,0.000
4854,4.520,,,
,0.395,2.861,0.002
4855,5.377,,,
,0.381,2.692,0.001
4856,8.845,,,
,0.378,2.704,0.000
4857,4.782,,,
,0.400,2.805,0.001
4858,8.018,,,
,0.388,2.794,0.001
4859,7.129,,,
,0.400,2.805,0.001
4860,5.327,,,
,0.410,2.651,0.002
4861,7.573,,,
,0.372,2.656,0.001
4862,3.453,,,
,0.410,2.651,0.002
4863,3.707,,,
,0.365,2.576,0.001
4864,8.371,,,
,0.365,2.561,0.001
4865,6.845,,,
,0.370,2.580,0.001
4866,6.921,,,
,0.365,2.561,0.001
4867,3.803,,,
,0.370,2.580,0.001
4868,3.305,,,
,0.373,2.851,0.002
4869,8.159,,,
,0.372,3.093,0.006
4870,3.391,,,
,0.388,2.741,0.001
4871,8.035,,,
,0.386,2.740,0.003
4872,3.446,,,
,0.388,2.741,0.001
4873,3.769,,,
,0.379,2.736,0.001
4874,4.514,,,
,0.382,3.038,0.008
4875,3.324,,,
,0.368,2.590,0.001
4876,9.463,,,
,0.384,2.736,0.002
4877,7.299,,,
,0.368,2.590,0.001
4878,3.564,,,
,0.384,2.736,0.002
4879,3.406,,,
,0.376,2.859,0.002
4880,8.528,,,
,0.386,3.197,0.004
4881,4.484,,,
,0.376,2.859,0.002
4882,3.427,,,
,0.367,3.353,0.002
4883,7.114,,,
,0.377,2.606,0.005
4884,8.402,,,
,0.367,3.353,0.002
4885,3.640,,,
,0.377,2.606,0.005
4886,3.558,,,
,0.365,2.558,0.002
4887,7.100,,,
,0.368,2.559,0.001
4888,8.367,,,
,0.365,2.543,0.001
4889,9.275,,,
,0.368,2.559,0.001
4890,3.507,,,
,0.365,2.543,0.001
4891,3.457,,,
,0.360,2.458,0.001
4892,8.257,,,
,0.362,2.731,0.010
4893,3.906,,,
,0.361,2.455,0.002
4894,7.846,,,
,0.354,2.460,0.002
4895,3.895,,,
,0.361,2.455,0.002
4896,5.297,,,
,0.361,2.561,0.001
4897,5.007,,,
,0.365,2.565,0.002
4898,4.681,,,
,0.401,2.661,0.001
4899,7.505,,,
,0.383,2.661,0.001
4900,8.087,,,
,0.401,2.661,0.001
4901,4.144,,,
,0.383,2.661,0.001
4902,4.777,,,
,0.375,2.654,0.000
4903,4.909,,,
,0.388,2.656,0.001
4904,8.273,,,
,0.380,2.654,0.001
4905,3.740,,,
,0.377,2.608,0.001
4906,8.539,,,
,0.374,2.605,0.001
4907,7.352,,,
,0.363,2.542,0.000
4908,8.455,,,
,0.369,2.572,0.002
4909,3.746,,,
,0.363,2.542,0.000
4910,3.468,,,
,0.372,2.544,0.002
4911,8.649,,,
,0.363,2.536,0.000
4912,9.645,,,
,0.359,2.505,0.000
4913,7.312,,,
,0.363,2.536,0.000
4914,4.911,,,
,0.367,2.499,0.002
4915,7.045,,,
,0.357,2.474,0.000
4916,7.704,,,
,0.367,2.499,0.002
4917,3.232,,,
,0.357,2.474,0.000
4918,3.762,,,
,0.356,2.480,0.001
4919,5.263,,,
,0.378,2.509,0.000
4920,4.999,,,
,0.358,2.480,0.004
4921,5.074,,,
,0.368,2.500,0.001
4922,7.616,,,
,0.365,2.497,0.003
4923,5.348,,,
,0.380,2.693,0.002
4924,8.658,,,
,0.377,2.691,0.001
4925,4.266,,,
,0.380,2.693,0.002
4926,3.915,,,
,0.375,2.692,0.001
4927,3.726,,,
,0.372,2.544,0.001
4928,7.475,,,
,0.362,2.543,0.001
4929,8.571,,,
,0.382,2.651,0.001
4930,7.332,,,
,0.362,2.543,0.001
4931,4.186,,,
,0.386,2.652,0.001
4932,7.035,,,
,0.373,2.657,0.000
4933,4.407,,,
,0.369,2.550,0.000
4934,6.886,,,
,0.359,2.538,0.002
4935,7.782,,,
,0.369,2.550,0.000
4936,3.632,,,
,0.367,2.845,0.001
4937,6.865,,,
,0.369,2.605,0.001
4938,7.837,,,
,0.367,2.845,0.001
4939,3.491,,,
,0.389,2.589,0.001
4940,7.275,,,
,0.361,2.540,0.001
4941,3.831,,,
,0.369,2.542,0.000
4942,6.920,,,
,0.373,2.519,0.001
4943,8.105,,,
,0.369,2.542,0.000
4944,3.755,,,
,0.398,2.528,0.002
4945,7.767,,,
,0.360,2.519,0.001
4946,4.002,,,
,0.391,2.545,0.001
4947,7.173,,,
,0.360,2.519,0.000
4948,4.638,,,
,0.405,2.689,0.000
4949,7.492,,,
,0.360,2.613,0.000
4950,4.050,,,
,0.371,2.873,0.002
4951,7.250,,,
,0.368,2.611,0.000
4952,8.275,,,
,0.371,2.873,0.002
4953,3.807,,,
,0.400,2.619,0.001
4954,7.479,,,
,0.368,16.393,0.002
4955,8.818,,,
,0.400,2.619,0.001
4956,4.381,,,
,0.365,2.519,0.000
4957,8.441,,,
,0.360,2.495,0.001
4958,8.123,,,
,0.365,2.519,0.000
4959,4.414,,,
,0.386,2.445,0.002
4960,7.303,,,
,0.363,2.500,0.001
4961,3.644,,,
,0.368,2.445,0.002
4962,7.079,,,
,0.352,2.417,0.002
4963,3.872,,,
,0.364,2.767,0.006
4964,6.844,,,
,0.365,2.566,0.000
4965,8.336,,,
,0.364,2.767,0.006
4966,3.818,,,
,0.392,2.576,0.001
4967,7.361,,,
,0.364,2.568,0.001
4968,4.272,,,
,0.369,2.578,0.001
4969,7.012,,,
,0.363,2.540,0.000
4970,5.418,,,
,0.382,2.689,0.001
4971,8.638,,,
,0.376,2.691,0.001
4972,3.674,,,
,0.401,2.666,0.000
4973,7.316,,,
,0.375,2.697,0.000
4974,3.775,,,
,0.378,2.575,0.002
4975,7.448,,,
,0.360,2.546,0.001
4976,3.898,,,
,0.382,2.662,0.001
4977,6.903,,,
,0.371,2.652,0.001
4978,8.343,,,
,0.382,2.662,0.001
4979,4.037,,,
,0.371,2.652,0.001
4980,4.512,,,
,0.367,2.606,0.001
4981,9.909,,,
,0.378,2.640,0.002
4982,3.758,,,
,0.373,2.569,0.001
4983,8.089,,,
,0.366,2.565,0.002
4984,8.720,,,
,0.372,2.529,0.001
4985,7.803,,,
,0.366,2.565,0.002
4986,4.670,,,
,0.386,2.550,0.001
4987,7.390,,,
,0.371,2.522,0.001
4988,4.108,,,
,0.389,2.507,0.002
4989,8.266,,,
,0.358,2.497,0.002
4990,3.888,,,
,0.357,2.499,0.000
4991,8.962,,,
,0.368,2.503,0.000
4992,11.572,,,
,0.357,2.499,0.000
4993,4.288,,,
,0.358,2.395,0.000
4994,9.502,,,
,0.357,2.498,0.001
4995,4.764,,,
,0.379,2.349,0.000
4996,7.862,,,
,0.353,2.399,0.001
4997,4.158,,,
,0.367,2.356,0.001
4998,7.451,,,
,0.347,2.347,0.002
4999,4.282,,,
,0.375,2.569,0.000
5000,7.195,,,
,0.364,2.563,0.000
5001,7.871,,,
,0.375,2.569,0.000
5002,3.831,,,
,0.402,2.568,0.002
5003,7.878,,,
,0.365,2.568,0.001
5004,3.936,,,
,0.392,2.562,0.001
5005,8.129,,,
,0.364,2.560,0.000
5006,4.059,,,
,0.392,2.546,0.000
5007,8.323,,,
,0.361,2.538,0.001
5008,3.907,,,
,0.367,2.520,0.002
5009,8.905,,,
,0.362,2.540,0.001
5010,4.489,,,
,0.361,2.516,0.001
5011,9.666,,,
,0.361,2.520,0.000
5012,8.452,,,
,0.361,2.516,0.001
5013,4.977,,,
,0.379,2.471,0.001
5014,8.537,,,
,0.361,2.519,0.000
5015,5.939,,,
,0.358,2.459,0.001
5016,8.415,,,
,0.355,2.455,0.001
5017,8.619,,,
,0.358,2.459,0.001
5018,4.140,,,
,0.355,2.447,0.001
5019,9.041,,,
,0.355,2.454,0.000
5020,4.033,,,
,0.354,2.415,0.001
5021,8.413,,,
,0.352,2.431,0.002
5022,8.568,,,
,0.355,2.459,0.001
5023,8.592,,,
,0.352,2.431,0.002
5024,3.901,,,
,0.379,2.428,0.001
5025,7.882,,,
,0.352,2.446,0.002
5026,4.641,,,
,0.379,2.428,0.001
5027,5.490,,,
,0.351,2.414,0.002
5028,5.740,,,
,0.361,2.516,0.001
5029,8.733,,,
,0.351,2.456,0.002
5030,3.852,,,
,0.361,2.516,0.001
5031,5.495,,,
,0.365,2.516,0.001
5032,8.274,,,
,0.363,2.524,0.001
5033,3.963,,,
,0.371,2.521,0.000
5034,8.354,,,
,0.360,2.520,0.001
5035,9.075,,,
,0.361,2.517,0.002
5036,8.164,,,
,0.360,2.520,0.001
5037,4.510,,,
,0.364,2.478,0.000
5038,8.769,,,
,0.357,2.478,0.000
5039,5.587,,,
,0.351,2.417,0.001
5040,8.470,,,
,0.350,2.415,0.000
5041,8.843,,,
,0.351,2.417,0.001
5042,4.012,,,
,0.363,2.436,0.001
5043,8.182,,,
,0.350,2.415,0.001
5044,3.924,,,
,0.383,2.435,0.000
5045,7.941,,,
,0.353,2.435,0.000
5046,4.401,,,
,0.354,2.457,0.001
5047,9.162,,,
,0.365,2.478,0.000
5048,9.650,,,
,0.354,2.457,0.001
5049,4.579,,,
,0.367,2.476,0.000
5050,8.923,,,
,0.357,2.477,0.001
5051,4.097,,,
,0.367,2.476,0.000
5052,6.570,,,
,0.354,2.435,0.002
5053,8.818,,,
,0.362,2.462,0.000
5054,7.728,,,
,0.354,2.435,0.002
5055,4.466,,,
,0.362,2.462,0.000
5056,4.778,,,
,0.361,2.433,0.000
5057,9.838,,,
,0.360,2.469,0.002
5058,4.228,,,
,0.367,2.439,0.000
5059,8.524,,,
,0.352,2.433,0.001
5060,4.187,,,
,0.351,2.433,0.002
5061,8.783,,,
,0.357,2.435,0.001
5062,8.748,,,
,0.351,2.433,0.002
5063,4.379,,,
,0.355,2.455,0.001
5064,9.384,,,
,0.353,2.435,0.001
5065,8.055,,,
,0.355,2.455,0.001
5066,8.445,,,
,0.355,2.419,0.004
5067,9.512,,,
,0.355,2.367,0.001
5068,8.202,,,
,0.355,2.419,0.004
5069,5.167,,,
,0.352,2.312,0.000
5070,8.128,,,
,0.346,2.359,0.001
5071,4.435,,,
,0.352,2.312,0.000
5072,5.455,,,
,0.362,2.451,0.001
5073,8.393,,,
,0.351,2.313,0.000
5074,4.495,,,
,0.357,2.474,0.001
5075,8.671,,,
,0.363,2.554,0.000
5076,8.989,,,
,0.357,2.474,0.001
5077,4.661,,,
,0.368,2.548,0.001
5078,7.726,,,
,0.364,2.536,0.000
5079,4.642,,,
,0.368,2.548,0.001
5080,4.708,,,
,0.354,2.455,0.001
5081,10.441,,,
,0.371,2.469,0.002
5082,5.203,,,
,0.367,2.456,0.000
5083,13.020,,,
,0.356,2.457,0.001
5084,7.952,,,
,0.349,2.312,0.001
5085,7.940,,,
,0.356,2.457,0.001
5086,4.682,,,
,0.347,2.316,0.001
5087,8.606,,,
,0.344,2.312,0.000
5088,4.508,,,
,0.343,2.314,0.002
5089,9.572,,,
,0.346,2.359,0.000
5090,9.645,,,
,0.348,2.366,0.001
5091,9.162,,,
,0.349,2.328,0.001
5092,10.477,,,
,0.346,2.321,0.001
5093,11.308,,,
,0.342,2.280,0.007
5094,9.007,,,
,0.342,2.282,0.001
5095,9.023,,,
,0.342,2.280,0.007
5096,9.677,,,
,0.341,2.266,0.001
5097,9.125,,,
,0.341,2.251,0.001
5098,9.031,,,
,0.341,2.253,0.001
5099,11.687,,,
,0.339,2.225,0.003
5100,8.772,,,
,0.339,2.224,0.001
5101,8.227,,,
,0.339,2.225,0.003
5102,4.851,,,
,0.342,2.243,0.002
5103,9.207,,,
,0.353,2.237,0.001
5104,8.943,,,
,0.342,2.243,0.002
5105,4.771,,,
,0.342,2.300,0.000
5106,9.131,,,
,0.343,2.300,0.002
5107,7.891,,,
,0.346,2.325,0.002
5108,9.640,,,
,0.343,2.300,0.002
5109,4.489,,,
,0.346,2.329,0.002
5110,9.245,,,
,0.346,2.331,0.000
5111,9.095,,,
,0.344,2.336,0.001
5112,7.607,,,
,0.351,2.344,0.001
5113,11.656,,,
,0.358,2.329,0.001
5114,7.987,,,
,0.351,2.344,0.001
5115,6.280,,,
,0.344,2.311,0.002
5116,8.711,,,
,0.343,2.314,0.001
5117,4.514,,,
,0.342,2.302,0.000
5118,8.848,,,
,0.349,2.312,0.001
5119,8.979,,,
,0.342,2.302,0.000
5120,4.837,,,
,0.352,2.341,0.000
5121,8.783,,,
,0.346,2.347,0.000
5122,4.414,,,
,0.352,2.415,0.001
5123,9.483,,,
,0.361,2.418,0.001
5124,8.400,,,
,0.352,2.415,0.001
5125,5.573,,,
,0.350,2.380,0.002
5126,13.714,,,
,0.347,2.344,0.000
5127,8.630,,,
,0.345,2.346,0.001
5128,9.167,,,
,0.347,2.344,0.000
5129,5.033,,,
,0.345,2.346,0.001
5130,6.204,,,
,0.346,2.316,0.001
5131,6.013,,,
,0.345,2.375,0.002
5132,9.415,,,
,0.350,2.376,0.002
5133,9.089,,,
,0.345,2.375,0.002
5134,5.176,,,
,0.349,2.365,0.001
5135,9.040,,,
,0.348,2.374,0.002
5136,6.226,,,
,0.351,2.349,0.001
5137,8.528,,,
,0.347,2.368,0.000
5138,4.824,,,
,0.345,2.349,0.000
5139,8.879,,,
,0.346,2.352,0.000
5140,4.387,,,
,0.351,2.437,0.000
5141,10.747,,,
,0.354,2.422,0.001
5142,8.955,,,
,0.351,2.437,0.000
5143,4.944,,,
,0.354,2.422,0.001
5144,6.571,,,
,0.352,2.418,0.002
5145,6.205,,,
,0.350,2.418,0.001
5146,9.547,,,
,0.351,2.417,0.000
5147,9.621,,,
,0.350,2.418,0.001
5148,4.928,,,
,0.351,2.362,0.000
5149,9.840,,,
,0.347,2.365,0.002
5150,5.476,,,
,0.351,2.417,0.002
5151,9.546,,,
,0.350,2.417,0.001
5152,4.719,,,
,0.345,2.367,0.003
5153,10.054,,,
,0.347,2.363,0.000
5154,9.003,,,
,0.345,2.367,0.003
5155,5.189,,,
,0.347,2.362,0.002
5156,8.961,,,
,0.347,2.369,0.000
5157,6.795,,,
,0.344,2.315,0.002
5158,7.524,,,
,0.346,2.312,0.000
5159,10.030,,,
,0.344,2.315,0.002
5160,4.930,,,
,0.344,2.296,0.002
5161,9.268,,,
,0.348,2.296,0.000
5162,7.228,,,
,0.347,2.351,0.000
5163,9.404,,,
,0.347,2.345,0.000
5164,8.273,,,
,0.347,2.351,0.000
5165,6.194,,,
,0.343,2.312,0.001
5166,9.085,,,
,0.344,2.331,0.002
5167,7.870,,,
,0.346,2.365,0.002
5168,9.625,,,
,0.344,2.331,0.002
5169,4.770,,,
,0.346,2.365,0.002
5170,6.187,,,
,0.347,2.370,0.002
5171,6.841,,,
,0.344,2.314,0.001
5172,9.506,,,
,0.346,2.314,0.002
5173,6.621,,,
,0.348,2.396,0.001
5174,9.435,,,
,0.349,2.400,0.001
5175,5.226,,,
,0.348,2.396,0.001
5176,7.001,,,
,0.353,2.435,0.000
5177,10.148,,,
,0.354,2.453,0.001
5178,5.686,,,
,0.348,2.365,0.002
5179,9.697,,,
,0.350,2.399,0.000
5180,9.498,,,
,0.348,2.365,0.002
5181,4.899,,,
,0.348,2.398,0.002
5182,9.267,,,
,0.343,2.334,0.001
5183,11.133,,,
,0.348,2.398,0.002
5184,5.373,,,
,0.343,2.334,0.001
5185,6.327,,,
,0.340,2.285,0.001
5186,9.017,,,
,0.342,2.344,0.001
5187,7.945,,,
,0.350,2.399,0.000
5188,11.902,,,
,0.346,2.331,0.002
5189,10.480,,,
,0.345,2.335,0.002
5190,9.918,,,
,0.338,2.242,0.002
5191,8.150,,,
,0.339,2.232,0.002
5192,9.004,,,
,0.338,2.242,0.002
5193,4.932,,,
,0.341,2.290,0.002
5194,10.418,,,
,0.338,2.293,0.001
5195,6.927,,,
,0.341,2.290,0.002
5196,6.658,,,
,0.342,2.283,0.001
5197,5.106,,,
,0.344,2.271,0.000
5198,9.082,,,
,0.341,2.265,0.000
5199,5.135,,,
,0.356,2.401,0.001
5200,10.719,,,
,0.350,2.388,0.001
5201,5.114,,,
,0.356,2.455,0.000
5202,9.663,,,
,0.354,2.449,0.002
5203,5.298,,,
,0.356,2.380,0.000
5204,9.891,,,
,0.356,2.458,0.000
5205,4.989,,,
,0.346,2.380,0.000
5206,9.725,,,
,0.355,2.416,0.001
5207,8.760,,,
,0.346,2.380,0.000
5208,6.921,,,
,0.355,2.416,0.001
5209,5.239,,,
,0.348,2.355,0.001
5210,9.970,,,
,0.350,2.372,0.001
5211,8.496,,,
,0.348,2.355,0.001
5212,5.788,,,
,0.350,2.372,0.001
5213,7.339,,,
,0.348,2.421,0.002
5214,11.820,,,
,0.361,2.421,0.000
5215,5.124,,,
,0.352,2.398,0.000
5216,9.033,,,
,0.351,2.415,0.001
5217,8.327,,,
,0.352,2.398,0.000
5218,6.321,,,
,0.347,2.344,0.001
5219,8.718,,,
,0.345,2.348,0.001
5220,10.961,,,
,0.345,2.332,0.002
5221,8.424,,,
,0.345,2.348,0.001
5222,6.945,,,
,0.345,2.337,0.001
5223,9.069,,,
,0.346,2.363,0.001
5224,8.416,,,
,0.345,2.337,0.001
5225,6.544,,,
,0.346,2.363,0.001
5226,7.369,,,
,0.345,2.311,0.001
5227,7.761,,,
,0.344,2.312,0.000
5228,8.989,,,
,0.352,2.421,0.000
5229,9.310,,,
,0.351,2.384,0.001
5230,8.216,,,
,0.352,2.421,0.000
5231,7.372,,,
,0.347,2.349,0.001
5232,8.042,,,
,0.343,2.313,0.001
5233,11.463,,,
,0.347,2.349,0.001
5234,5.140,,,
,0.343,2.313,0.001
5235,6.910,,,
,0.346,2.318,0.000
5236,10.138,,,
,0.343,2.296,0.004
5237,5.487,,,
,0.343,2.334,0.001
5238,9.163,,,
,0.344,2.301,0.001
5239,5.757,,,
,0.351,2.398,0.002
5240,11.407,,,
,0.346,2.331,0.004
5241,5.474,,,
,0.351,2.398,0.002
5242,6.917,,,
,0.351,2.393,0.002
5243,7.516,,,
,0.344,2.345,0.001
5244,9.967,,,
,0.350,2.400,0.002
5245,8.902,,,
,0.344,2.345,0.001
5246,7.109,,,
,0.345,2.331,0.001
5247,8.173,,,
,0.345,2.339,0.001
5248,11.141,,,
,0.346,2.298,0.002
5249,12.456,,,
,0.347,2.298,0.000
5250,9.408,,,
,0.336,2.203,0.000
5251,8.774,,,
,0.347,2.298,0.000
5252,7.523,,,
,0.337,2.212,0.001
5253,7.927,,,
,0.338,2.208,0.000
5254,10.710,,,
,0.337,2.212,0.001
5255,5.187,,,
,0.346,2.331,0.002
5256,10.382,,,
,0.344,2.335,0.000
5257,9.223,,,
,0.344,2.299,0.001
5258,8.397,,,
,0.344,2.335,0.000
5259,7.324,,,
,0.340,2.265,0.001
5260,9.087,,,
,0.340,2.267,0.000
5261,10.737,,,
,0.340,2.265,0.001
5262,5.453,,,
,0.352,2.350,0.001
5263,12.076,,,
,0.345,2.353,0.002
5264,5.670,,,
,0.345,2.314,0.004
5265,10.558,,,
,0.347,2.322,0.000
5266,7.468,,,
,0.342,2.279,0.002
5267,9.055,,,
,0.354,2.286,0.002
5268,10.218,,,
,0.339,2.260,0.002
5269,8.604,,,
,0.354,2.286,0.002
5270,7.293,,,
,0.339,2.260,0.002
5271,5.666,,,
,0.340,2.251,0.001
5272,10.576,,,
,0.340,2.253,0.001
5273,6.838,,,
,0.346,2.329,0.002
5274,10.381,,,
,0.345,2.334,0.000
5275,9.004,,,
,0.346,2.329,0.002
5276,5.655,,,
,0.343,2.300,0.003
5277,10.725,,,
,0.350,2.381,0.001
5278,9.677,,,
,0.343,2.300,0.003
5279,5.605,,,
,0.351,2.390,0.000
5280,9.881,,,
,0.347,2.378,0.002
5281,6.643,,,
,0.351,2.390,0.000
5282,5.813,,,
,0.347,2.326,0.001
5283,6.773,,,
,0.344,2.331,0.002
5284,5.552,,,
,0.349,2.359,0.002
5285,10.592,,,
,0.345,2.367,0.000
5286,6.981,,,
,0.349,2.359,0.002
5287,7.119,,,
,0.352,2.381,0.001
5288,5.422,,,
,0.346,2.367,0.002
5289,10.338,,,
,0.348,2.361,0.000
5290,9.848,,,
,0.345,2.329,0.001
5291,8.978,,,
,0.348,2.361,0.000
5292,6.098,,,
,0.345,2.318,0.000
5293,9.649,,,
,0.345,2.319,0.001
5294,5.520,,,
,0.344,2.317,0.002
5295,10.764,,,
,0.345,2.332,0.002
5296,9.152,,,
,0.345,2.324,0.001
5297,10.396,,,
,0.348,2.304,0.000
5298,8.841,,,
,0.345,2.324,0.001
5299,5.526,,,
,0.341,2.267,0.001
5300,10.056,,,
,0.341,2.272,0.001
5301,10.219,,,
,0.341,2.267,0.001
5302,5.057,,,
,0.346,2.332,0.001
5303,9.818,,,
,0.346,2.311,0.001
5304,9.533,,,
,0.342,2.311,0.002
5305,8.831,,,
,0.345,2.298,0.001
5306,10.963,,,
,0.342,2.311,0.002
5307,9.400,,,
,0.345,2.298,0.001
5308,7.229,,,
,0.341,2.288,0.002
5309,6.300,,,
,0.341,2.259,0.003
5310,11.160,,,
,0.345,2.257,0.000
5311,6.094,,,
,0.341,2.259,0.003
5312,7.008,,,
,0.341,2.284,0.002
5313,9.732,,,
,0.343,2.251,0.002
5314,7.349,,,
,0.341,2.284,0.002
5315,6.042,,,
,0.343,2.312,0.000
5316,10.848,,,
,0.344,2.302,0.002
5317,8.610,,,
,0.343,2.312,0.000
5318,7.359,,,
,0.350,2.279,0.001
5319,10.173,,,
,0.340,2.259,0.000
5320,9.702,,,
,0.350,2.279,0.001
5321,6.060,,,
,0.344,2.242,0.001
5322,10.997,,,
,0.342,2.251,0.001
5323,6.225,,,
,0.347,2.351,0.002
5324,10.506,,,
,0.348,2.354,0.002
5325,13.158,,,
,0.347,2.351,0.002
5326,8.332,,,
,0.340,2.259,0.000
5327,11.491,,,
,0.340,2.240,0.001
5328,8.890,,,
,0.340,2.259,0.000
5329,7.423,,,
,0.338,2.229,0.001
5330,9.478,,,
,0.337,2.234,0.000
5331,8.938,,,
,0.338,2.229,0.001
5332,7.757,,,
,0.337,2.234,0.000
5333,5.837,,,
,0.346,2.238,0.001
5334,10.938,,,
,0.340,2.242,0.000
5335,8.422,,,
,0.344,2.313,0.001
5336,11.238,,,
,0.349,2.315,0.002
5337,10.873,,,
,0.341,2.247,0.001
5338,8.997,,,
,0.349,2.315,0.002
5339,7.296,,,
,0.341,2.247,0.001
5340,5.805,,,
,0.338,2.245,0.002
5341,11.097,,,
,0.351,2.245,0.000
5342,8.079,,,
,0.342,2.286,0.001
5343,8.891,,,
,0.342,2.288,0.000
5344,7.774,,,
,0.338,2.253,0.000
5345,10.321,,,
,0.343,2.257,0.000
5346,9.122,,,
,0.338,2.253,0.000
5347,9.107,,,
,0.343,2.257,0.000
5348,7.232,,,
,0.339,2.215,0.001
5349,9.831,,,
,0.340,2.251,0.002
5350,11.039,,,
,0.339,2.215,0.001
5351,8.759,,,
,0.338,2.214,0.002
5352,10.920,,,
,0.339,2.241,0.001
5353,12.128,,,
,0.338,2.214,0.002
5354,9.702,,,
,0.336,2.178,0.001
5355,10.415,,,
,0.334,2.165,0.003
5356,9.563,,,
,0.339,2.230,0.000
5357,13.221,,,
,0.334,2.165,0.003
5358,8.512,,,
,0.338,2.208,0.000
5359,12.838,,,
,0.338,2.226,0.000
5360,11.952,,,
,0.339,2.222,0.001
5361,10.473,,,
,0.338,2.210,0.001
5362,8.816,,,
,0.339,2.222,0.001
5363,7.452,,,
,0.338,2.224,0.001
5364,10.265,,,
,0.339,2.226,0.000
5365,9.486,,,
,0.338,2.224,0.001
5366,6.867,,,
,0.338,2.245,0.002
5367,12.842,,,
,0.340,2.243,0.001
5368,9.221,,,
,0.339,2.236,0.001
5369,8.904,,,
,0.340,2.243,0.001
5370,9.102,,,
,0.341,2.243,0.001
5371,10.499,,,
,0.339,2.241,0.000
5372,9.943,,,
,0.340,2.250,0.001
5373,8.675,,,
,0.339,2.241,0.000
5374,7.776,,,
,0.338,2.226,0.001
5375,9.083,,,
,0.339,2.241,0.001
5376,11.158,,,
,0.338,2.228,0.001
5377,8.483,,,
,0.337,2.228,0.002
5378,10.126,,,
,0.337,2.230,0.001
5379,9.161,,,
,0.337,2.228,0.002
5380,5.678,,,
,0.346,2.311,0.004
5381,10.768,,,
,0.338,2.226,0.001
5382,8.206,,,
,0.345,2.267,0.001
5383,9.622,,,
,0.341,2.269,0.002
5384,8.988,,,
,0.345,2.267,0.001
5385,7.503,,,
,0.345,2.312,0.001
5386,8.978,,,
,0.343,2.298,0.000
5387,6.158,,,
,0.340,2.261,0.001
5388,10.949,,,
,0.339,2.254,0.001
5389,7.479,,,
,0.340,2.261,0.001
5390,5.971,,,
,0.343,2.282,0.002
5391,8.667,,,
,0.341,2.271,0.002
5392,10.948,,,
,0.342,2.263,0.001
5393,9.184,,,
,0.347,2.286,0.000
5394,10.615,,,
,0.341,2.284,0.001
5395,10.355,,,
,0.341,2.241,0.000
5396,9.430,,,
,0.341,2.284,0.001
5397,6.812,,,
,0.338,2.241,0.001
5398,10.351,,,
,0.348,2.253,0.002
5399,8.009,,,
,0.341,2.241,0.001
5400,8.615,,,
,0.337,2.230,0.000
5401,9.040,,,
,0.339,2.345,0.002
5402,9.704,,,
,0.341,2.245,0.001
5403,7.388,,,
,0.345,2.350,0.001
5404,9.039,,,
,0.345,2.350,0.000
5405,9.159,,,
,0.345,2.350,0.001
5406,6.534,,,
,0.343,2.316,0.002
5407,9.556,,,
,0.343,2.320,0.001
5408,8.899,,,
,0.353,2.286,0.000
5409,6.475,,,
,0.342,2.267,0.001
5410,11.832,,,
,0.348,2.370,0.002
5411,10.098,,,
,0.342,2.267,0.001
5412,7.594,,,
,0.348,2.338,0.001
5413,9.503,,,
,0.343,2.310,0.000
5414,11.239,,,
,0.348,2.338,0.001
5415,8.471,,,
,0.345,2.308,0.003
5416,10.072,,,
,0.338,2.245,0.001
5417,10.991,,,
,0.340,2.226,0.000
5418,10.479,,,
,0.338,2.228,0.002
5419,9.198,,,
,0.342,2.222,0.001
5420,11.142,,,
,0.338,2.228,0.002
5421,8.204,,,
,0.342,2.222,0.001
5422,6.416,,,
,0.349,2.206,0.000
5423,13.036,,,
,0.339,2.218,0.002
5424,9.792,,,
,0.338,2.229,0.001
5425,9.572,,,
,0.337,2.228,0.000
5426,13.587,,,
,0.339,2.224,0.002
5427,11.256,,,
,0.334,2.152,0.000
5428,11.428,,,
,0.335,2.159,0.001
5429,11.677,,,
,0.334,2.152,0.000
5430,8.670,,,
,0.337,2.204,0.001
5431,10.360,,,
,0.339,2.226,0.001
5432,10.458,,,
,0.339,2.232,0.002
5433,10.102,,,
,0.337,2.222,0.000
5434,10.453,,,
,0.337,2.225,0.001
5435,11.979,,,
,0.337,2.226,0.001
5436,10.528,,,
,0.337,2.225,0.001
5437,7.306,,,
,0.337,2.201,0.000
5438,11.676,,,
,0.340,2.225,0.001
5439,10.513,,,
,0.337,2.239,0.000
5440,9.669,,,
,0.341,2.232,0.001
5441,9.604,,,
,0.338,2.232,0.000
5442,13.562,,,
,0.334,2.173,0.000
5443,11.726,,,
,0.337,2.207,0.001
5444,11.405,,,
,0.337,2.202,0.002
5445,10.661,,,
,0.341,2.219,0.001
5446,9.866,,,
,0.337,2.202,0.002
5447,6.280,,,
,0.337,2.219,0.001
5448,12.454,,,
,0.344,2.214,0.002
5449,6.707,,,
,0.336,2.228,0.001
5450,12.018,,,
,0.341,2.230,0.003
5451,9.408,,,
,0.336,2.228,0.001
5452,8.715,,,
,0.338,2.223,0.000
5453,9.405,,,
,0.338,2.226,0.000
5454,11.449,,,
,0.338,2.223,0.000
5455,8.983,,,
,0.343,2.217,0.001
5456,9.335,,,
,0.339,2.224,0.000
5457,8.766,,,
,0.338,2.222,0.002
5458,9.748,,,
,0.340,2.239,0.001
5459,12.235,,,
,0.339,2.256,0.001
5460,12.678,,,
,0.340,2.239,0.001
5461,8.113,,,
,0.334,2.162,0.001
5462,13.036,,,
,0.343,2.167,0.001
5463,10.437,,,
,0.337,2.187,0.001
5464,9.509,,,
,0.336,2.184,0.004
5465,10.670,,,
,0.338,2.228,0.002
5466,10.708,,,
,0.341,2.231,0.002
5467,9.814,,,
,0.338,2.228,0.002
5468,6.461,,,
,0.343,2.226,0.001
5469,11.634,,,
,0.339,2.224,0.001
5470,7.337,,,
,0.343,2.230,0.000
5471,10.971,,,
,0.338,2.240,0.001
5472,11.243,,,
,0.343,2.230,0.000
5473,8.902,,,
,0.341,2.224,0.001
5474,12.609,,,
,0.344,2.220,0.002
5475,10.188,,,
,0.339,2.228,0.002
5476,10.752,,,
,0.344,2.220,0.002
5477,7.430,,,
,0.346,2.203,0.000
5478,12.504,,,
,0.342,2.207,0.001
5479,11.135,,,
,0.346,2.203,0.000
5480,7.304,,,
,0.336,2.197,0.000
5481,13.063,,,
,0.336,2.169,0.000
5482,11.365,,,
,0.335,2.175,0.002
5483,9.649,,,
,0.336,2.176,0.002
5484,9.364,,,
,0.335,2.198,0.002
5485,12.864,,,
,0.336,2.210,0.000
5486,11.282,,,
,0.335,2.198,0.002
5487,8.587,,,
,0.341,2.222,0.000
5488,11.366,,,
,0.338,2.228,0.000
5489,11.970,,,
,0.341,2.222,0.000
5490,9.162,,,
,0.338,2.172,0.001
5491,10.181,,,
,0.334,2.170,0.002
5492,10.050,,,
,0.342,2.298,0.000
5493,11.925,,,
,0.345,2.302,0.002
5494,10.814,,,
,0.338,2.226,0.000
5495,10.847,,,
,0.344,2.218,0.002
5496,10.616,,,
,0.338,2.212,0.001
5497,9.579,,,
,0.337,2.226,0.000
5498,13.290,,,
,0.337,2.216,0.002
5499,10.638,,,
,0.337,2.226,0.000
5500,8.720,,,
,0.336,2.202,0.002
5501,10.168,,,
,0.339,2.232,0.001
5502,11.579,,,
,0.336,2.202,0.002
5503,9.441,,,
,0.334,2.179,0.002
5504,9.779,,,
,0.332,2.159,0.001
5505,9.047,,,
,0.336,2.229,0.001
5506,15.758,,,
,0.345,2.214,0.001
5507,12.599,,,
,0.336,2.229,0.001
5508,7.758,,,
,0.334,2.165,0.001
5509,12.429,,,
,0.341,2.164,0.000
5510,12.220,,,
,0.334,2.165,0.001
5511,8.728,,,
,0.335,2.176,0.002
5512,10.485,,,
,0.342,2.212,0.000
5513,10.302,,,
,0.337,2.226,0.002
5514,11.263,,,
,0.342,2.212,0.000
5515,9.782,,,
,0.340,2.223,0.001
5516,9.782,,,
,0.338,2.229,0.001
5517,7.163,,,
,0.340,2.223,0.001
5518,10.510,,,
,0.341,2.243,0.002
5519,10.269,,,
,0.338,2.243,0.000
5520,9.339,,,
,0.341,2.243,0.002
5521,9.767,,,
,0.339,2.243,0.000
5522,6.729,,,
,0.341,2.243,0.002
5523,8.878,,,
,0.340,2.242,0.001
5524,12.259,,,
,0.341,2.239,0.001
5525,8.664,,,
,0.339,2.234,0.001
5526,10.079,,,
,0.339,2.230,0.002
5527,12.460,,,
,0.339,2.227,0.001
5528,11.255,,,
,0.333,2.144,0.002
5529,10.891,,,
,0.335,2.172,0.001
5530,11.886,,,
,0.335,2.173,0.001
5531,11.226,,,
,0.336,2.203,0.001
5532,11.680,,,
,0.336,2.194,0.001
5533,11.667,,,
,0.336,2.203,0.001
5534,9.032,,,
,0.334,2.150,0.002
5535,9.383,,,
,0.336,2.156,0.001
5536,11.245,,,
,0.334,2.150,0.002
5537,9.159,,,
,0.337,2.213,0.000
5538,11.534,,,
,0.337,2.212,0.001
5539,8.695,,,
,0.337,2.213,0.000
5540,8.875,,,
,0.338,2.228,0.002
5541,9.863,,,
,0.338,2.223,0.001
5542,8.953,,,
,0.338,2.228,0.002
5543,9.377,,,
,0.345,2.228,0.001
5544,10.930,,,
,0.339,2.224,0.002
5545,10.805,,,
,0.345,2.228,0.001
5546,9.545,,,
,0.336,2.161,0.001
5547,11.114,,,
,0.334,2.173,0.000
5548,10.165,,,
,0.336,2.161,0.001
5549,8.709,,,
,0.337,2.225,0.001
5550,12.493,,,
,0.345,2.223,0.001
5551,9.010,,,
,0.344,2.226,0.001
5552,10.175,,,
,0.337,2.212,0.002
5553,14.819,,,
,0.338,2.201,0.001
5554,11.296,,,
,0.336,2.186,0.002
5555,10.470,,,
,0.338,2.238,0.001
5556,10.994,,,
,0.336,2.186,0.002
5557,9.715,,,
,0.335,2.184,0.001
5558,9.647,,,
,0.339,2.239,0.001
5559,8.653,,,
,0.335,2.184,0.001
5560,7.494,,,
,0.335,2.185,0.001
5561,13.254,,,
,0.347,2.204,0.001
5562,8.904,,,
,0.338,2.232,0.001
5563,10.395,,,
,0.340,2.241,0.002
5564,12.356,,,
,0.339,2.234,0.002
5565,12.409,,,
,0.340,2.241,0.002
5566,12.174,,,
,0.339,2.234,0.002
5567,11.682,,,
,0.335,2.177,0.001
5568,11.349,,,
,0.336,2.193,0.002
5569,12.012,,,
,0.335,2.202,0.003
5570,11.027,,,
,0.336,2.193,0.002
5571,8.762,,,
,0.335,2.202,0.003
5572,7.326,,,
,0.339,2.199,0.000
5573,13.301,,,
,0.351,2.202,0.002
5574,8.955,,,
,0.337,2.236,0.002
5575,10.328,,,
,0.338,2.229,0.003
5576,10.835,,,
,0.338,2.224,0.001
5577,11.121,,,
,0.337,2.186,0.000
5578,11.578,,,
,0.338,2.224,0.001
5579,10.513,,,
,0.359,2.169,0.002
5580,10.998,,,
,0.336,2.187,0.001
5581,12.010,,,
,0.336,2.171,0.002
5582,12.501,,,
,0.336,2.187,0.001
5583,9.665,,,
,0.341,2.173,0.000
5584,12.172,,,
,0.336,2.172,0.002
5585,7.786,,,
,0.338,2.197,0.001
5586,10.833,,,
,0.339,2.203,0.002
5587,10.664,,,
,0.337,2.169,0.001
5588,11.482,,,
,0.335,2.165,0.001
5589,11.684,,,
,0.337,2.184,0.000
5590,11.439,,,
,0.339,2.186,0.000
5591,10.196,,,
,0.336,2.193,0.001
5592,10.556,,,
,0.335,2.208,0.001
5593,11.211,,,
,0.338,2.220,0.000
5594,10.392,,,
,0.337,2.198,0.002
5595,12.489,,,
,0.338,2.220,0.000
5596,13.259,,,
,0.337,2.198,0.002
5597,9.458,,,
,0.341,2.182,0.000
5598,11.091,,,
,0.346,2.204,0.002
5599,11.179,,,
,0.336,2.220,0.001
5600,10.407,,,
,0.341,2.213,0.001
5601,11.276,,,
,0.336,2.220,0.001
5602,8.826,,,
,0.337,2.168,0.001
5603,11.719,,,
,0.337,2.202,0.000
5604,10.640,,,
,0.336,2.202,0.001
5605,12.087,,,
,0.336,2.181,0.000
5606,12.685,,,
,0.337,2.202,0.002
5607,11.664,,,
,0.336,2.181,0.000
5608,9.069,,,
,0.337,2.179,0.000
5609,10.778,,,
,0.335,2.179,0.001
5610,11.389,,,
,0.345,2.203,0.000
5611,11.165,,,
,0.335,2.179,0.001
5612,10.206,,,
,0.345,2.203,0.000
5613,9.809,,,
,0.336,2.204,0.002
5614,10.749,,,
,0.336,2.189,0.001
5615,12.953,,,
,0.337,2.185,0.000
5616,12.350,,,
,0.337,2.169,0.001
5617,12.236,,,
,0.336,2.206,0.002
5618,13.011,,,
,0.337,2.206,0.005
5619,13.334,,,
,0.336,2.206,0.002
5620,12.352,,,
,0.337,2.206,0.005
5621,12.954,,,
,0.345,2.169,0.000
5622,12.453,,,
,0.336,2.172,0.002
5623,12.274,,,
,0.335,2.171,0.000
5624,14.608,,,
,0.335,2.173,0.002
5625,14.573,,,
,0.336,2.174,0.001
5626,14.449,,,
,0.336,2.172,0.001
5627,14.326,,,
,0.334,2.170,0.001
5628,14.813,,,
,0.338,2.182,0.000
5629,13.458,,,
,0.338,2.165,0.000
5630,16.506,,,
,0.335,2.167,0.001
5631,15.976,,,
,0.338,2.165,0.000
5632,12.622,,,
,0.337,2.171,0.000
5633,21.377,,,
,0.336,2.195,0.002
5634,14.552,,,
,0.335,2.174,0.001
5635,12.486,,,
,0.336,2.167,0.002
5636,12.546,,,
,0.335,2.174,0.001
5637,8.512,,,
,0.336,2.167,0.002
5638,11.562,,,
,0.336,2.187,0.000
5639,11.845,,,
,0.336,2.183,0.001
5640,13.668,,,
,0.339,2.171,0.001
5641,12.261,,,
,0.336,2.183,0.001
5642,11.373,,,
,0.338,2.171,0.000
5643,13.462,,,
,0.343,2.177,0.000
5644,11.181,,,
,0.336,2.168,0.002
5645,12.996,,,
,0.336,2.175,0.001
5646,10.880,,,
,0.342,2.175,0.001
5647,11.089,,,
,0.342,2.183,0.000
5648,11.828,,,
,0.338,2.177,0.000
5649,11.569,,,
,0.334,2.177,0.002
5650,11.040,,,
,0.338,2.168,0.002
5651,12.474,,,
,0.340,2.171,0.000
5652,11.421,,,
,0.337,2.188,0.002
5653,11.688,,,
,0.340,2.171,0.000
5654,9.334,,,
,0.343,2.190,0.000
5655,11.213,,,
,0.348,2.212,0.000
5656,10.876,,,
,0.336,2.198,0.000
5657,11.583,,,
,0.338,2.169,0.002
5658,11.839,,,
,0.338,2.197,0.000
5659,11.939,,,
,0.338,2.198,0.001
5660,11.682,,,
,0.338,2.197,0.000
5661,9.222,,,
,0.334,2.176,0.002
5662,11.076,,,
,0.336,2.187,0.001
5663,10.465,,,
,0.334,2.176,0.002
5664,7.909,,,
,0.340,2.234,0.001
5665,12.944,,,
,0.341,2.229,0.000
5666,11.923,,,
,0.340,2.234,0.001
5667,9.431,,,
,0.336,2.214,0.004
5668,11.679,,,
,0.337,2.196,0.001
5669,11.921,,,
,0.335,2.172,0.001
5670,12.234,,,
,0.339,2.217,0.001
5671,15.691,,,
,0.335,2.172,0.001
5672,12.558,,,
,0.335,2.171,0.001
5673,14.469,,,
,0.338,2.200,0.000
5674,11.656,,,
,0.335,2.171,0.001
5675,9.368,,,
,0.333,2.172,0.000
5676,12.593,,,
,0.335,2.198,0.002
5677,11.562,,,
,0.333,2.172,0.000
5678,10.886,,,
,0.335,2.198,0.002
5679,10.270,,,
,0.333,2.171,0.002
5680,12.656,,,
,0.336,2.173,0.001
5681,13.906,,,
,0.338,2.208,0.001
5682,14.983,,,
,0.335,2.177,0.001
5683,16.444,,,
,0.336,2.189,0.001
5684,13.507,,,
,0.335,2.173,0.002
5685,15.552,,,
,0.336,2.189,0.001
5686,11.919,,,
,0.335,2.173,0.002
5687,13.100,,,
,0.337,2.194,0.001
5688,14.627,,,
,0.337,2.172,0.001
5689,12.613,,,
,0.340,2.175,0.000
5690,14.623,,,
,0.337,2.185,0.002
5691,16.267,,,
,0.340,2.175,0.000
5692,13.754,,,
,0.340,2.185,0.000
5693,14.360,,,
,0.342,2.177,0.001
5694,11.579,,,
,0.337,2.172,0.001
5695,13.294,,,
,0.337,2.215,0.001
5696,12.686,,,
,0.340,2.207,0.001
5697,12.505,,,
,0.337,2.215,0.001
5698,10.728,,,
,0.336,2.198,0.002
5699,12.142,,,
,0.339,2.199,0.000
5700,12.430,,,
,0.336,2.198,0.002
5701,9.061,,,
,0.339,2.199,0.000
5702,10.578,,,
,0.334,2.171,0.000
5703,11.687,,,
,0.337,2.198,0.002
5704,9.217,,,
,0.334,2.171,0.000
5705,8.494,,,
,0.341,2.284,0.002
5706,14.326,,,
,0.344,2.282,0.000
5707,11.962,,,
,0.351,2.292,0.001
5708,12.933,,,
,0.356,2.288,0.002
5709,14.019,,,
,0.351,2.292,0.001
5710,10.405,,,
,0.356,2.288,0.002
5711,12.066,,,
,0.342,2.291,0.000
5712,12.059,,,
,0.340,2.289,0.000
5713,12.377,,,
,0.343,2.274,0.000
5714,12.169,,,
,0.340,2.289,0.000
5715,9.639,,,
,0.341,2.275,0.001
5716,11.278,,,
,0.342,2.292,0.001
5717,11.230,,,
,0.341,2.275,0.001
5718,10.083,,,
,0.342,2.292,0.001
5719,9.373,,,
,0.342,2.293,0.000
5720,11.305,,,
,0.341,2.288,0.002
5721,11.606,,,
,0.342,2.293,0.000
5722,8.613,,,
,0.341,2.288,0.002
5723,10.011,,,
,0.342,2.302,0.002
5724,11.778,,,
,0.344,2.301,0.001
5725,10.849,,,
,0.342,2.302,0.002
5726,7.083,,,
,0.344,2.301,0.001
5727,10.280,,,
,0.341,2.297,0.002
5728,10.141,,,
,0.344,2.295,0.001
5729,10.906,,,
,0.341,2.297,0.002
5730,8.268,,,
,0.344,2.295,0.001
5731,10.406,,,
,0.341,2.292,0.002
5732,11.595,,,
,0.344,2.306,0.000
5733,8.506,,,
,0.341,2.295,0.006
5734,11.262,,,
,0.349,2.284,0.000
5735,13.174,,,
,0.343,2.294,0.000
5736,11.899,,,
,0.343,2.291,0.001
5737,12.220,,,
,0.345,2.311,0.001
5738,11.511,,,
,0.343,2.291,0.001
5739,11.295,,,
,0.345,2.311,0.001
5740,9.770,,,
,0.341,2.245,0.001
5741,11.929,,,
,0.338,2.244,0.003
5742,11.742,,,
,0.339,2.249,0.000
5743,11.392,,,
,0.339,2.245,0.002
5744,10.812,,,
,0.340,2.246,0.001
5745,12.126,,,
,0.340,2.241,0.001
5746,11.268,,,
,0.340,2.246,0.001
5747,8.993,,,
,0.340,2.239,0.002
5748,10.746,,,
,0.338,2.240,0.001
5749,9.530,,,
,0.339,2.230,0.002
5750,11.315,,,
,0.338,2.228,0.001
5751,10.654,,,
,0.337,2.247,0.001
5752,11.489,,,
,0.340,2.230,0.001
5753,10.527,,,
,0.337,2.247,0.001
5754,12.893,,,
,0.340,2.230,0.001
5755,11.350,,,
,0.339,2.230,0.002
5756,12.201,,,
,0.340,2.227,0.001
5757,11.575,,,
,0.341,2.201,0.001
5758,11.865,,,
,0.340,2.227,0.001
5759,10.015,,,
,0.342,2.204,0.001
5760,11.136,,,
,0.342,2.212,0.001
5761,10.442,,,
,0.342,2.204,0.001
5762,9.811,,,
,0.342,2.212,0.001
5763,9.128,,,
,0.345,2.213,0.001
5764,10.723,,,
,0.341,2.267,0.000
5765,12.522,,,
,0.345,2.213,0.001
5766,9.563,,,
,0.338,2.196,0.001
5767,11.082,,,
,0.340,2.201,0.001
5768,10.151,,,
,0.338,2.196,0.001
5769,9.040,,,
,0.336,2.199,0.001
5770,10.944,,,
,0.338,2.212,0.001
5771,10.545,,,
,0.338,2.224,0.001
5772,11.553,,,
,0.337,2.232,0.000
5773,10.758,,,
,0.339,2.226,0.001
5774,11.397,,,
,0.337,2.232,0.000
5775,9.859,,,
,0.339,2.226,0.001
5776,8.094,,,
,0.336,2.171,0.002
5777,10.833,,,
,0.340,2.248,0.001
5778,10.397,,,
,0.336,2.171,0.002
5779,7.887,,,
,0.337,2.187,0.001
5780,12.699,,,
,0.338,2.199,0.001
5781,13.140,,,
,0.337,2.197,0.001
5782,11.528,,,
,0.336,2.178,0.004
5783,10.961,,,
,0.335,2.203,0.001
5784,11.525,,,
,0.336,2.200,0.002
5785,10.834,,,
,0.335,2.203,0.001
5786,9.931,,,
,0.337,2.191,0.001
5787,12.329,,,
,0.334,2.178,0.002
5788,10.610,,,
,0.337,2.198,0.001
5789,10.695,,,
,0.334,2.178,0.002
5790,9.502,,,
,0.336,2.175,0.001
5791,11.973,,,
,0.335,2.171,0.000
5792,10.607,,,
,0.340,2.187,0.000
5793,12.563,,,
,0.336,2.198,0.001
5794,11.512,,,
,0.336,2.194,0.002
5795,10.814,,,
,0.335,2.173,0.001
5796,12.018,,,
,0.338,2.200,0.000
5797,19.357,,,
,0.335,2.173,0.001
5798,9.878,,,
,0.337,2.184,0.003
5799,11.528,,,
,0.338,2.185,0.002
5800,11.585,,,
,0.334,2.189,0.000
5801,11.963,,,
,0.338,2.185,0.002
5802,9.552,,,
,0.334,2.189,0.000
5803,9.868,,,
,0.336,2.183,0.002
5804,12.372,,,
,0.337,2.210,0.002
5805,10.877,,,
,0.336,2.183,0.002
5806,8.023,,,
,0.337,2.210,0.002
5807,10.107,,,
,0.335,2.167,0.001
5808,11.008,,,
,0.333,2.177,0.000
5809,12.328,,,
,0.335,2.167,0.001
5810,8.923,,,
,0.338,2.207,0.002
5811,10.775,,,
,0.337,2.226,0.000
5812,11.675,,,
,0.338,2.225,0.002
5813,11.104,,,
,0.337,2.226,0.000
5814,8.972,,,
,0.334,2.170,0.001
5815,11.435,,,
,0.336,2.174,0.001
5816,11.395,,,
,0.340,2.182,0.001
5817,11.093,,,
,0.336,2.174,0.001
5818,7.448,,,
,0.336,2.214,0.001
5819,13.645,,,
,0.337,2.228,0.000
5820,12.703,,,
,0.338,2.226,0.000
5821,11.298,,,
,0.336,2.175,0.001
5822,11.607,,,
,0.335,2.175,0.000
5823,11.648,,,
,0.335,2.169,0.002
5824,11.552,,,
,0.337,2.189,0.001
5825,11.749,,,
,0.335,2.169,0.002
5826,9.372,,,
,0.337,2.189,0.001
5827,9.078,,,
,0.336,2.194,0.002
5828,10.569,,,
,0.338,2.209,0.001
5829,10.595,,,
,0.340,2.228,0.001
5830,10.505,,,
,0.338,2.209,0.001
5831,9.270,,,
,0.334,2.169,0.000
5832,11.103,,,
,0.335,2.173,0.002
5833,11.889,,,
,0.334,2.169,0.000
5834,9.174,,,
,0.340,2.196,0.002
5835,10.709,,,
,0.339,2.208,0.001
5836,10.205,,,
,0.338,2.228,0.001
5837,11.184,,,
,0.338,2.226,0.002
5838,13.323,,,
,0.338,2.228,0.001
5839,12.791,,,
,0.336,2.173,0.002
5840,13.270,,,
,0.344,2.173,0.002
5841,10.573,,,
,0.335,2.175,0.001
5842,10.512,,,
,0.344,2.173,0.002
5843,8.939,,,
,0.335,2.171,0.001
5844,13.116,,,
,0.335,2.208,0.002
5845,11.285,,,
,0.335,2.171,0.001
5846,8.603,,,
,0.335,2.208,0.002
5847,9.401,,,
,0.337,2.229,0.001
5848,11.433,,,
,0.338,2.228,0.001
5849,8.771,,,
,0.338,2.224,0.001
5850,11.548,,,
,0.338,2.226,0.000
5851,11.288,,,
,0.338,2.224,0.001
5852,8.613,,,
,0.336,2.191,0.002
5853,10.219,,,
,0.335,2.185,0.000
5854,11.921,,,
,0.335,2.189,0.000
5855,11.043,,,
,0.335,2.185,0.000
5856,8.993,,,
,0.335,2.189,0.000
5857,8.367,,,
,0.334,2.185,0.001
5858,12.590,,,
,0.338,2.209,0.001
5859,11.729,,,
,0.345,2.224,0.000
5860,10.397,,,
,0.339,2.231,0.000
5861,10.604,,,
,0.345,2.224,0.000
5862,7.873,,,
,0.339,2.231,0.000
5863,8.580,,,
,0.342,2.199,0.001
5864,10.282,,,
,0.335,2.185,0.000
5865,10.611,,,
,0.342,2.199,0.001
5866,11.624,,,
,0.343,2.280,0.002
5867,12.222,,,
,0.336,2.186,0.002
5868,12.178,,,
,0.336,2.190,0.001
5869,11.789,,,
,0.336,2.193,0.000
5870,12.664,,,
,0.336,2.190,0.001
5871,9.196,,,
,0.341,2.178,0.000
5872,10.913,,,
,0.335,2.183,0.003
5873,10.562,,,
,0.341,2.178,0.000
5874,7.771,,,
,0.335,2.183,0.003
5875,10.007,,,
,0.337,2.206,0.000
5876,11.393,,,
,0.337,2.214,0.000
5877,11.320,,,
,0.337,2.206,0.000
5878,7.662,,,
,0.339,2.214,0.000
5879,12.976,,,
,0.339,2.207,0.001
5880,11.265,,,
,0.337,2.210,0.003
5881,11.400,,,
,0.336,2.162,0.001
5882,10.937,,,
,0.334,2.158,0.002
5883,10.185,,,
,0.337,2.184,0.001
5884,16.245,,,
,0.334,2.163,0.000
5885,11.759,,,
,0.337,2.184,0.001
5886,9.473,,,
,0.334,2.151,0.001
5887,10.536,,,
,0.333,2.194,0.001
5888,12.234,,,
,0.336,2.202,0.001
5889,11.757,,,
,0.333,2.194,0.001
5890,9.291,,,
,0.346,2.199,0.000
5891,10.028,,,
,0.337,2.230,0.002
5892,10.701,,,
,0.346,2.199,0.000
5893,9.180,,,
,0.339,2.172,0.001
5894,10.701,,,
,0.336,2.178,0.002
5895,11.151,,,
,0.339,2.172,0.001
5896,8.748,,,
,0.337,2.206,0.002
5897,10.937,,,
,0.338,2.235,0.001
5898,10.667,,,
,0.337,2.206,0.002
5899,9.273,,,
,0.336,2.216,0.002
5900,10.860,,,
,0.338,2.236,0.001
5901,7.288,,,
,0.336,2.216,0.002
5902,10.143,,,
,0.337,2.226,0.002
5903,7.443,,,
,0.336,2.210,0.001
5904,10.254,,,
,0.337,2.216,0.000
5905,7.316,,,
,0.343,2.279,0.001
5906,10.200,,,
,0.342,2.290,0.000
5907,7.318,,,
,0.341,2.294,0.002
5908,13.441,,,
,0.344,2.334,0.001
5909,9.487,,,
,0.341,2.294,0.002
5910,7.927,,,
,0.340,2.245,0.002
5911,12.668,,,
,0.341,2.267,0.000
5912,11.267,,,
,0.340,2.245,0.002
5913,8.244,,,
,0.337,2.193,0.001
5914,13.070,,,
,0.336,2.204,0.000
5915,11.528,,,
,0.336,2.179,0.001
5916,11.479,,,
,0.336,2.204,0.000
5917,9.210,,,
,0.342,2.202,0.001
5918,11.222,,,
,0.339,2.208,0.000
5919,11.298,,,
,0.342,2.202,0.001
5920,8.648,,,
,0.340,2.211,0.001
5921,10.023,,,
,0.337,2.210,0.001
5922,10.267,,,
,0.343,2.227,0.000
5923,11.612,,,
,0.340,2.228,0.000
5924,11.315,,,
,0.337,2.183,0.002
5925,10.987,,,
,0.340,2.228,0.000
5926,7.422,,,
,0.337,2.183,0.002
5927,10.054,,,
,0.335,2.175,0.001
5928,10.617,,,
,0.340,2.269,0.002
5929,10.995,,,
,0.342,2.249,0.002
5930,12.549,,,
,0.344,2.251,0.002
5931,19.432,,,
,0.332,2.146,0.000
5932,12.224,,,
,0.338,2.184,0.002
5933,12.152,,,
,0.336,2.204,0.000
5934,12.779,,,
,0.333,2.140,0.001
5935,14.464,,,
,0.336,2.187,0.000
5936,13.731,,,
,0.333,2.140,0.001
5937,9.562,,,
,0.333,2.138,0.000
5938,11.893,,,
,0.333,2.146,0.001
5939,11.458,,,
,0.342,2.190,0.001
5940,11.418,,,
,0.333,2.146,0.001
5941,7.475,,,
,0.342,2.190,0.001
5942,10.253,,,
,0.348,2.226,0.000
5943,12.791,,,
,0.339,2.226,0.001
5944,10.188,,,
,0.343,2.223,0.001
5945,11.820,,,
,0.338,2.229,0.000
5946,12.190,,,
,0.334,2.150,0.002
5947,11.859,,,
,0.338,2.229,0.000
5948,8.863,,,
,20.013,2.183,0.002
5949,10.440,,,
,0.336,2.214,0.001
5950,11.024,,,
,0.336,2.183,0.002
5951,8.672,,,
,0.338,2.224,0.004
5952,9.807,,,
,0.337,2.226,0.000
5953,8.961,,,
,0.338,2.224,0.004
5954,8.413,,,
,0.340,2.224,0.003
5955,10.497,,,
,0.337,2.226,0.002
5956,12.340,,,
,0.338,2.215,0.001
5957,11.822,,,
,0.337,2.226,0.002
5958,8.839,,,
,0.339,2.199,0.000
5959,10.381,,,
,0.339,2.234,0.001
5960,10.514,,,
,0.339,2.199,0.000
5961,9.808,,,
,0.336,2.189,0.000
5962,10.690,,,
,0.337,2.185,0.001
5963,10.384,,,
,0.336,2.200,0.001
5964,12.167,,,
,0.339,2.225,0.002
5965,11.031,,,
,0.338,2.231,0.001
5966,11.842,,,
,0.340,2.209,0.000
5967,11.131,,,
,0.338,2.231,0.001
5968,8.771,,,
,0.335,2.191,0.002
5969,10.607,,,
,0.335,2.165,0.001
5970,11.462,,,
,0.335,2.202,0.000
5971,11.610,,,
,0.337,2.204,0.000
5972,11.864,,,
,0.335,2.212,0.001
5973,11.098,,,
,0.342,2.230,0.001
5974,10.767,,,
,0.339,2.230,0.002
5975,12.350,,,
,0.342,2.230,0.001
5976,13.142,,,
,0.339,2.230,0.002
5977,11.377,,,
,0.336,2.185,0.001
5978,10.547,,,
,0.334,2.171,0.002
5979,9.229,,,
,0.338,2.206,0.000
5980,12.506,,,
,0.340,2.223,0.002
5981,11.418,,,
,0.346,2.229,0.001
5982,10.660,,,
,0.336,2.201,0.002
5983,10.744,,,
,0.335,2.195,0.001
5984,11.496,,,
,0.335,2.171,0.000
5985,11.607,,,
,0.336,2.198,0.001
5986,11.454,,,
,0.335,2.171,0.000
5987,8.808,,,
,0.336,2.198,0.001
5988,9.068,,,
,0.336,2.195,0.001
5989,8.547,,,
,0.337,2.222,0.001
5990,11.663,,,
,0.339,2.227,0.000
5991,10.991,,,
,0.337,2.222,0.001
5992,8.976,,,
,0.338,2.226,0.002
5993,10.194,,,
,0.339,2.231,0.001
5994,10.748,,,
,0.338,2.226,0.002
5995,9.506,,,
,0.339,2.231,0.001
5996,7.978,,,
,0.338,2.208,0.001
5997,13.545,,,
,0.336,2.207,0.001
5998,12.948,,,
,0.338,2.208,0.001
5999,9.153,,,
,0.341,2.169,0.001
6000,10.775,,,
,0.337,2.187,0.000
6001,11.658,,,
,0.336,2.206,0.002
6002,11.501,,,
,0.337,2.211,0.000
6003,11.961,,,
,0.335,2.175,0.001
6004,12.493,,,
,0.334,2.160,0.001
6005,12.139,,,
,0.334,2.165,0.000
6006,11.951,,,
,0.334,2.152,0.001
6007,12.387,,,
,0.347,2.202,0.013
6008,11.805,,,
,0.336,2.200,0.000
6009,11.651,,,
,0.347,2.202,0.013
6010,8.748,,,
,0.335,2.158,0.000
6011,12.200,,,
,0.336,2.159,0.002
6012,10.018,,,
,0.336,2.171,0.001
6013,11.300,,,
,0.336,2.173,0.000
6014,11.674,,,
,0.339,2.152,0.001
6015,12.127,,,
,0.335,2.185,0.000
6016,12.059,,,
,0.339,2.152,0.001
6017,8.159,,,
,0.335,2.185,0.000
6018,11.559,,,
,0.337,2.187,0.001
6019,18.186,,,
,0.334,2.147,0.000
6020,8.097,,,
,0.334,2.146,0.001
6021,11.933,,,
,0.336,2.191,0.001
6022,12.069,,,
,0.336,2.181,0.001
6023,10.845,,,
,0.336,2.153,0.001
6024,11.710,,,
,0.336,2.149,0.014
6025,11.544,,,
,0.334,2.150,0.001
6026,11.432,,,
,0.347,2.200,0.001
6027,9.894,,,
,0.334,2.150,0.001
6028,9.110,,,
,0.345,2.214,0.000
6029,10.720,,,
,0.340,2.216,0.000
6030,10.664,,,
,0.345,2.214,0.000
6031,9.436,,,
,0.339,2.222,0.000
6032,10.861,,,
,0.348,2.228,0.001
6033,11.202,,,
,0.338,2.225,0.002
6034,10.534,,,
,0.348,2.228,0.001
6035,7.519,,,
,0.337,2.181,0.001
6036,13.230,,,
,0.337,2.194,0.002
6037,9.451,,,
,0.342,2.205,0.002
6038,12.167,,,
,0.338,2.194,0.002
6039,11.604,,,
,0.342,2.169,0.001
6040,11.608,,,
,0.336,2.167,0.000
6041,12.733,,,
,0.342,2.169,0.001
6042,9.267,,,
,0.336,2.167,0.000
6043,9.684,,,
,0.337,2.183,0.000
6044,11.898,,,
,0.336,2.169,0.002
6045,11.657,,,
,0.337,2.198,0.001
6046,10.751,,,
,0.347,2.199,0.000
6047,11.113,,,
,0.341,2.170,0.000
6048,11.496,,,
,0.348,2.204,0.002
6049,10.734,,,
,0.337,2.198,0.002
6050,10.634,,,
,0.338,2.198,0.000
6051,12.358,,,
,0.336,2.168,0.000
6052,12.219,,,
,0.338,2.177,0.002
6053,11.028,,,
,0.335,2.169,0.001
6054,12.456,,,
,0.340,2.190,0.002
6055,11.443,,,
,0.336,2.187,0.002
6056,11.206,,,
,0.340,2.190,0.002
6057,9.462,,,
,0.337,2.193,0.001
6058,12.129,,,
,0.337,2.205,0.000
6059,12.013,,,
,0.335,2.172,0.000
6060,16.209,,,
,0.335,2.172,0.001
6061,12.158,,,
,0.343,2.183,0.001
6062,14.768,,,
,0.340,2.173,0.002
6063,12.795,,,
,0.335,2.173,0.001
6064,12.260,,,
,0.340,2.173,0.002
6065,10.272,,,
,0.336,2.210,0.002
6066,11.319,,,
,0.336,2.174,0.000
6067,11.039,,,
,0.336,2.197,0.001
6068,11.794,,,
,0.345,2.209,0.001
6069,11.666,,,
,0.338,2.185,0.002
6070,10.921,,,
,0.345,2.209,0.001
6071,10.075,,,
,0.335,2.187,0.001
6072,12.513,,,
,0.335,2.188,0.001
6073,11.107,,,
,0.337,2.185,0.002
6074,11.017,,,
,0.335,2.188,0.001
6075,9.128,,,
,0.342,2.200,0.002
6076,13.585,,,
,0.341,2.198,0.001
6077,12.422,,,
,0.342,2.200,0.002
6078,9.886,,,
,0.335,2.200,0.000
6079,11.251,,,
,0.339,2.199,0.001
6080,12.213,,,
,0.337,2.196,0.002
6081,12.421,,,
,0.336,2.175,0.000
6082,11.721,,,
,0.335,2.172,0.000
6083,11.934,,,
,0.335,2.178,0.001
6084,11.868,,,
,0.336,2.186,0.002
6085,11.607,,,
,0.335,2.173,0.001
6086,11.271,,,
,0.336,2.199,0.000
6087,11.313,,,
,0.335,2.173,0.001
6088,8.811,,,
,0.335,2.169,0.002
6089,10.422,,,
,0.335,2.173,0.002
6090,12.661,,,
,0.335,2.169,0.002
6091,7.479,,,
,0.338,2.171,0.002
6092,12.982,,,
,0.341,2.208,0.002
6093,11.549,,,
,0.346,2.239,0.000
6094,10.999,,,
,0.344,2.232,0.002
6095,10.263,,,
,0.339,2.229,0.001
6096,11.315,,,
,0.344,2.232,0.002
6097,8.427,,,
,0.335,2.190,0.003
6098,10.612,,,
,0.336,2.179,0.002
6099,12.086,,,
,0.337,2.183,0.001
6100,12.143,,,
,0.336,2.189,0.000
6101,15.255,,,
,0.337,2.167,0.001
6102,15.017,,,
,0.336,2.191,0.001
6103,11.564,,,
,0.337,2.167,0.001
6104,9.417,,,
,0.335,2.171,0.000
6105,10.213,,,
,0.337,2.169,0.003
6106,12.552,,,
,0.335,2.171,0.000
6107,10953.908,,,
,0.337,2.169,0.003
6108,15.263,,,
,6.779,28.180,0.001
6109,10.124,,,
,9.421,6.564,0.001
6110,28.033,,,
,45.392,6.825,0.001
6111,11.832,,,
,9.421,6.564,0.001
6112,10.983,,,
,10.364,7.061,0.000
6113,10.613,,,
,10.070,7.122,0.001
6114,9.496,,,
,11.457,7.103,0.001
6115,9.760,,,
,10.845,8.806,0.000
6116,12.617,,,
,12.978,9.177,0.000
6117,10.128,,,
,11.686,6.649,0.000
6118,10.388,,,
,10.247,6.715,0.001
6119,12.013,,,
,12.420,8.888,0.001
6120,9.671,,,
,11.271,7.512,0.001
6121,9.888,,,
,11.830,7.842,0.002
6122,17.279,,,
,12.659,8.669,0.002
6123,11.214,,,
,10.977,5.891,0.000
6124,11.085,,,
,10.164,7.078,0.004
6125,28.402,,,
,9.631,6.409,0.001
6126,26.022,,,
,10.164,7.078,0.004
6127,12.510,,,
,9.631,6.409,0.001
6128,10.835,,,
,8.901,6.149,0.001
6129,9.596,,,
,11.848,7.937,0.001
6130,31.169,,,
,9.960,6.391,0.001
6131,26.798,,,
,11.848,7.937,0.001
6132,10.635,,,
,9.960,6.391,0.001
6133,12.020,,,
,9.908,6.890,0.000
6134,10.341,,,
,9.640,6.109,0.001
6135,11.906,,,
,9.234,6.487,0.001
6136,9.566,,,
,11.211,7.088,0.001
6137,10.338,,,
,10.868,9.425,0.002
6138,12.151,,,
,13.402,9.399,0.001
6139,11.095,,,
,12.391,7.624,0.001
6140,10.671,,,
,10.833,7.504,0.001
6141,12.044,,,
,12.950,8.968,0.001
6142,9.844,,,
,11.098,7.412,0.001
6143,14.992,,,
,10.981,7.068,0.001
6144,31.706,,,
,11.022,7.492,0.002
6145,27.482,,,
,9.411,6.146,0.001
6146,25.612,,,
,9.422,6.570,0.002
6147,29.146,,,
,9.411,6.146,0.001
6148,10.568,,,
,9.422,6.570,0.002
6149,7.760,,,
,9.417,6.175,0.001
6150,10.383,,,
,9.248,6.479,0.001
6151,12.134,,,
,11.461,8.891,0.002
6152,10.262,,,
,12.889,7.431,0.001
6153,10.918,,,
,11.516,9.418,0.001
6154,14.897,,,
,13.277,9.259,0.001
6155,10.163,,,
,12.205,6.272,0.001
6156,10.949,,,
,9.622,7.647,0.002
6157,11.994,,,
,12.638,9.768,0.001
6158,9.079,,,
,11.376,7.999,0.001
6159,9.588,,,
,11.352,8.020,0.002
6160,11.083,,,
,13.023,8.784,0.001
6161,8.722,,,
,11.715,7.071,0.000
6162,8.280,,,
,10.868,9.367,0.000
6163,14.721,,,
,13.889,9.072,0.001
6164,8.584,,,
,12.169,7.080,0.000
6165,9.874,,,
,11.607,7.528,0.000
6166,32.032,,,
,12.489,9.418,0.001
6167,8.943,,,
,11.607,7.528,0.000
6168,11.408,,,
,10.636,7.313,0.002
6169,10.771,,,
,10.805,7.136,0.001
6170,8.283,,,
,12.180,7.667,0.001
6171,8.042,,,
,10.829,7.170,0.001
6172,11.228,,,
,12.829,9.202,0.000
6173,9.521,,,
,11.285,7.249,0.001
6174,9.511,,,
,11.586,8.961,0.001
6175,11.862,,,
,13.428,9.070,0.001
6176,8.045,,,
,12.357,6.938,0.001
6177,9.534,,,
,10.828,7.923,0.001
6178,11.499,,,
,12.624,9.566,0.002
6179,9.291,,,
,11.173,7.782,0.002
6180,8.774,,,
,11.609,7.686,0.002
6181,10.089,,,
,12.887,8.782,0.000
6182,10.003,,,
,12.185,8.491,0.000
6183,9.687,,,
,13.311,8.770,0.001
6184,12.051,,,
,13.218,9.413,0.001
6185,9.087,,,
,12.549,6.898,0.001
6186,9.922,,,
,10.555,8.364,0.001
6187,12.876,,,
,12.800,9.466,0.002
6188,10.586,,,
,11.141,7.660,0.001
6189,9.781,,,
,11.103,7.332,0.000
6190,9.681,,,
,12.462,9.042,0.002
6191,9.497,,,
,12.099,7.393,0.000
6192,9.222,,,
,11.325,9.386,0.001
6193,10.335,,,
,13.888,9.073,0.000
6194,9.372,,,
,12.000,7.934,0.000
6195,9.412,,,
,11.122,7.339,0.000
6196,11.237,,,
,12.219,8.591,0.002
6197,10.286,,,
,11.695,7.531,0.001
6198,9.336,,,
,10.803,7.207,0.001
6199,8.598,,,
,13.113,8.916,0.002
6200,11.710,,,
,12.066,7.514,0.001
6201,12.714,,,
,11.623,9.553,0.001
6202,8.809,,,
,13.514,9.430,0.002
6203,11.733,,,
,12.561,8.010,0.001
6204,9.521,,,
,11.346,8.410,0.000
6205,10.880,,,
,13.408,9.431,0.000
6206,10.171,,,
,11.115,7.516,0.000
6207,10.596,,,
,11.451,8.153,0.001
6208,9.829,,,
,12.882,8.925,0.001
6209,9.061,,,
,12.183,7.455,0.002
6210,9.420,,,
,11.053,8.638,0.002
6211,12.140,,,
,13.200,9.411,0.002
6212,9.736,,,
,11.038,7.677,0.000
6213,9.690,,,
,11.064,7.857,0.001
6214,12.016,,,
,12.806,8.774,0.001
6215,10.434,,,
,11.767,6.907,0.000
6216,10.345,,,
,10.570,9.153,0.000
6217,11.817,,,
,13.720,9.076,0.001
6218,9.849,,,
,12.173,7.751,0.001
6219,9.153,,,
,11.106,7.508,0.001
6220,10.535,,,
,13.307,8.953,0.001
6221,10.488,,,
,11.412,7.402,0.002
6222,8.837,,,
,12.376,7.247,0.001
6223,30.409,,,
,13.306,8.910,0.002
6224,10.909,,,
,12.376,7.247,0.001
6225,8.818,,,
,9.702,6.719,0.001
6226,11.420,,,
,10.610,7.852,0.001
6227,8.723,,,
,11.839,7.682,0.002
6228,10.941,,,
,10.591,7.498,0.002
6229,10.585,,,
,12.772,9.245,0.001
6230,11.726,,,
,11.610,7.076,0.002
6231,9.620,,,
,11.237,9.265,0.002
6232,12.787,,,
,13.503,8.934,0.001
6233,9.465,,,
,12.796,7.259,0.002
6234,9.630,,,
,10.832,7.893,0.000
6235,12.779,,,
,12.632,9.502,0.002
6236,9.534,,,
,12.790,7.999,0.001
6237,9.225,,,
,9.629,6.805,0.000
6238,10.685,,,
,11.930,8.765,0.000
6239,9.411,,,
,12.489,7.406,0.002
6240,9.177,,,
,11.611,8.997,0.002
6241,10.820,,,
,13.417,9.429,0.001
6242,10.400,,,
,12.374,7.858,0.001
6243,8.739,,,
,11.103,7.602,0.001
6244,12.617,,,
,13.104,8.907,0.002
6245,8.978,,,
,11.093,7.417,0.001
6246,7.631,,,
,11.381,8.166,0.002
6247,10.076,,,
,12.475,9.277,0.002
6248,10.155,,,
,12.354,7.557,0.000
6249,8.582,,,
,11.128,8.068,0.000
6250,11.102,,,
,12.803,9.506,0.001
6251,8.260,,,
,11.214,7.744,0.002
6252,10.655,,,
,11.688,7.711,0.001
6253,12.748,,,
,12.976,8.914,0.001
6254,12.185,,,
,12.364,8.064,0.001
6255,11.527,,,
,9.835,6.896,0.002
6256,12.372,,,
,12.156,8.360,0.001
6257,7.252,,,
,12.307,6.900,0.001
6258,9.304,,,
,10.814,8.643,0.001
6259,13.717,,,
,13.418,9.069,0.002
6260,9.062,,,
,12.161,7.362,0.001
6261,9.369,,,
,10.309,7.546,0.001
6262,9.861,,,
,13.002,9.392,0.000
6263,10.695,,,
,11.534,7.414,0.001
6264,9.661,,,
,12.249,8.786,0.002
6265,11.590,,,
,13.133,9.349,0.002
6266,8.796,,,
,12.338,7.092,0.001
6267,12.226,,,
,10.859,8.670,0.001
6268,11.398,,,
,13.208,9.404,0.002
6269,10.218,,,
,11.148,7.729,0.002
6270,9.691,,,
,11.320,7.518,0.000
6271,8.792,,,
,12.878,8.786,0.002
6272,11.342,,,
,11.991,7.414,0.001
6273,9.187,,,
,11.331,9.236,0.001
6274,15.244,,,
,13.691,8.934,0.002
6275,8.778,,,
,11.682,6.793,0.001
6276,8.601,,,
,9.831,6.971,0.000
6277,11.096,,,
,10.045,6.611,0.002
6278,7.845,,,
,11.672,7.242,0.002
6279,8.346,,,
,11.329,8.882,0.001
6280,13.053,,,
,13.414,9.459,0.001
6281,8.615,,,
,11.851,7.358,0.000
6282,8.244,,,
,10.551,6.953,0.000
6283,11.080,,,
,12.467,9.196,0.002
6284,10.693,,,
,11.774,7.254,0.000
6285,10.609,,,
,11.821,8.772,0.002
6286,11.974,,,
,13.565,9.075,0.002
6287,10.284,,,
,12.560,7.054,0.001
6288,14.149,,,
,11.118,7.735,0.001
6289,30.261,,,
,13.305,9.050,0.001
6290,10.610,,,
,9.002,6.269,0.001
6291,28.042,,,
,8.749,5.149,0.000
6292,25.909,,,
,9.002,6.269,0.001
6293,13.734,,,
,7.761,5.665,0.002
6294,29.098,,,
,9.174,5.333,0.001
6295,12.701,,,
,7.761,5.665,0.002
6296,11.051,,,
,9.628,6.628,0.000
6297,9.265,,,
,11.490,7.758,0.000
6298,29.978,,,
,9.482,7.511,0.001
6299,10.703,,,
,9.013,6.261,0.000
6300,27.081,,,
,11.377,6.632,0.001
6301,11.364,,,
,8.434,5.662,0.001
6302,25.395,,,
,10.190,6.622,0.000
6303,10.231,,,
,8.434,5.662,0.001
6304,8.748,,,
,9.615,6.681,0.001
6305,11.940,,,
,9.425,6.478,0.001
6306,8.633,,,
,10.019,6.644,0.001
6307,10.660,,,
,11.622,8.675,0.002
6308,12.420,,,
,13.268,8.790,0.001
6309,10.326,,,
,12.359,7.470,0.002
6310,32.342,,,
,9.282,6.403,0.001
6311,26.291,,,
,12.359,7.470,0.002
6312,11.206,,,
,9.282,6.403,0.001
6313,11.326,,,
,10.351,6.983,0.001
6314,13.092,,,
,9.847,6.904,0.002
6315,10.518,,,
,9.788,6.875,0.002
6316,11.827,,,
,11.600,7.252,0.001
6317,10.671,,,
,11.495,8.923,0.001
6318,11.378,,,
,13.350,9.558,0.001
6319,10.466,,,
,12.354,7.657,0.001
6320,10.565,,,
,11.112,7.421,0.001
6321,30.888,,,
,13.282,9.008,0.001
6322,9.285,,,
,11.112,7.421,0.001
6323,10.899,,,
,11.436,7.079,0.001
6324,29.944,,,
,10.624,7.421,0.001
6325,28.248,,,
,11.436,7.079,0.001
6326,10.527,,,
,10.624,7.421,0.001
6327,10.716,,,
,9.869,6.287,0.000
6328,12.034,,,
,9.590,7.044,0.001
6329,13.211,,,
,12.918,8.940,0.001
6330,11.064,,,
,11.657,7.396,0.002
6331,9.838,,,
,11.879,8.083,0.000
6332,13.103,,,
,12.752,9.265,0.001
6333,10.173,,,
,11.792,6.586,0.001
6334,11.055,,,
,10.073,8.436,0.001
6335,13.535,,,
,13.222,9.845,0.000
6336,7.610,,,
,11.680,7.533,0.001
6337,9.924,,,
,10.856,7.152,0.002
6338,10.621,,,
,12.595,9.116,0.000
6339,11.151,,,
,11.915,7.087,0.001
6340,10.389,,,
,11.471,8.791,0.001
6341,15.286,,,
,13.232,9.662,0.002
6342,9.873,,,
,12.535,6.404,0.001
6343,8.285,,,
,10.055,7.765,0.002
6344,11.150,,,
,12.927,9.542,0.000
6345,7.819,,,
,11.685,8.033,0.000
6346,9.349,,,
,11.339,8.057,0.000
6347,12.983,,,
,12.983,8.669,0.000
6348,8.654,,,
,11.205,6.907,0.001
6349,7.681,,,
,11.140,8.569,0.002
6350,8.856,,,
,13.368,9.227,0.000
6351,11.055,,,
,12.579,8.139,0.000
6352,10.522,,,
,11.339,8.374,0.002
6353,11.004,,,
,13.396,9.549,0.001
6354,10.921,,,
,11.214,7.432,0.002
6355,9.875,,,
,11.930,8.089,0.001
6356,9.940,,,
,12.566,9.300,0.001
6357,8.507,,,
,12.357,7.471,0.000
6358,9.582,,,
,9.897,6.881,0.002
6359,28.447,,,
,9.918,6.057,0.001
6360,26.316,,,
,8.655,6.004,0.001
6361,24.901,,,
,9.918,6.057,0.001
6362,10.879,,,
,8.833,5.999,0.001
6363,23.981,,,
,8.793,6.133,0.001
6364,23.279,,,
,8.833,5.999,0.001
6365,8.457,,,
,8.793,6.133,0.001
6366,8.545,,,
,10.182,7.008,0.002
6367,9.423,,,
,10.071,6.617,0.001
6368,11.275,,,
,11.919,8.800,0.001
6369,10.369,,,
,12.825,7.080,0.002
6370,9.266,,,
,11.113,8.368,0.000
6371,15.933,,,
,13.203,9.067,0.002
6372,8.414,,,
,11.504,8.071,0.002
6373,8.281,,,
,12.696,9.111,0.000
6374,9.168,,,
,13.284,8.781,0.001
6375,10.508,,,
,12.152,7.435,0.001
6376,14.876,,,
,11.325,9.001,0.000
6377,10.226,,,
,13.433,9.515,0.001
6378,11.650,,,
,11.474,7.956,0.001
6379,11.411,,,
,11.311,8.065,0.000
6380,13.020,,,
,13.062,8.804,0.002
6381,9.989,,,
,11.302,6.894,0.001
6382,15.064,,,
,11.100,8.677,0.001
6383,12.811,,,
,13.379,9.053,0.001
6384,10.636,,,
,12.573,7.338,0.000
6385,11.194,,,
,10.801,7.773,0.002
6386,10.896,,,
,12.935,9.127,0.001
6387,11.184,,,
,11.275,7.733,0.000
6388,11.308,,,
,12.013,7.071,0.001
6389,30.416,,,
,9.946,6.887,0.001
6390,26.547,,,
,12.013,7.071,0.001
6391,10.050,,,
,9.946,6.887,0.001
6392,8.873,,,
,10.619,7.051,0.001
6393,8.091,,,
,10.056,7.126,0.002
6394,9.036,,,
,12.174,8.505,0.000
6395,10.863,,,
,10.471,5.988,0.002
6396,7.359,,,
,11.811,8.034,0.000
6397,31.287,,,
,12.991,10.012,0.000
6398,9.838,,,
,11.811,8.034,0.000
6399,9.744,,,
,11.046,7.516,0.000
6400,29.421,,,
,10.294,7.975,0.000
6401,10.170,,,
,11.046,7.516,0.000
6402,8.859,,,
,11.009,7.193,0.002
6403,11.248,,,
,10.539,6.986,0.001
6404,7.309,,,
,11.115,6.885,0.001
6405,8.146,,,
,10.852,8.372,0.001
6406,9.825,,,
,13.770,9.227,0.001
6407,7.889,,,
,12.005,8.042,0.001
6408,9.731,,,
,11.624,7.719,0.000
6409,12.992,,,
,13.129,8.749,0.001
6410,8.165,,,
,11.008,7.066,0.001
6411,10.099,,,
,11.591,8.271,0.001
6412,10.684,,,
,13.032,8.921,0.001
6413,11.464,,,
,12.356,7.843,0.002
6414,8.127,,,
,11.103,8.032,0.001
6415,13.480,,,
,12.968,9.496,0.001
6416,8.707,,,
,11.029,7.666,0.000
6417,8.327,,,
,10.875,7.694,0.002
6418,11.520,,,
,12.414,9.160,0.001
6419,8.335,,,
,12.084,7.091,0.001
6420,8.342,,,
,11.145,8.809,0.002
6421,12.770,,,
,13.513,8.907,0.001
6422,10.647,,,
,9.887,6.007,0.001
6423,9.498,,,
,12.384,8.053,0.002
6424,31.471,,,
,11.850,9.773,0.001
6425,8.558,,,
,12.384,8.053,0.002
6426,12.136,,,
,11.318,7.727,0.001
6427,28.900,,,
,10.552,8.388,0.002
6428,10.276,,,
,11.318,7.727,0.001
6429,8.992,,,
,10.818,7.038,0.001
6430,11.263,,,
,10.531,6.941,0.002
6431,7.910,,,
,11.305,7.092,0.000
6432,8.076,,,
,10.853,9.454,0.001
6433,9.840,,,
,13.625,8.906,0.000
6434,10.452,,,
,12.149,8.063,0.000
6435,10.078,,,
,11.058,7.949,0.002
6436,13.265,,,
,13.504,8.936,0.001
6437,10.329,,,
,10.935,7.084,0.002
6438,13.131,,,
,12.568,7.152,0.001
6439,31.395,,,
,12.323,9.073,0.002
6440,8.772,,,
,12.568,7.152,0.001
6441,10.678,,,
,9.706,6.687,0.002
6442,9.048,,,
,10.634,8.685,0.001
6443,9.856,,,
,11.377,7.982,0.002
6444,9.502,,,
,11.319,8.034,0.002
6445,11.456,,,
,13.309,9.016,0.001
6446,7.932,,,
,11.566,6.903,0.001
6447,9.838,,,
,10.572,8.822,0.001
6448,13.432,,,
,13.734,9.053,0.002
6449,8.370,,,
,9.696,5.992,0.000
6450,9.712,,,
,9.775,8.052,0.002
6451,13.011,,,
,11.921,9.570,0.002
6452,10.025,,,
,12.145,7.491,0.000
6453,8.282,,,
,10.552,7.649,0.002
6454,13.528,,,
,12.969,9.468,0.001
6455,10.109,,,
,10.959,7.400,0.000
6456,7.849,,,
,11.327,8.014,0.001
6457,15.113,,,
,12.879,8.910,0.002
6458,8.201,,,
,11.327,6.391,0.000
6459,8.600,,,
,9.800,8.243,0.000
6460,11.676,,,
,13.522,9.566,0.002
6461,9.437,,,
,12.353,7.743,0.002
6462,9.447,,,
,11.121,7.580,0.001
6463,10.965,,,
,13.304,8.947,0.001
6464,10.995,,,
,11.450,7.399,0.001
6465,8.508,,,
,9.793,6.701,0.000
6466,28.306,,,
,13.196,8.775,0.000
6467,10.900,,,
,9.793,6.701,0.000
6468,8.906,,,
,10.371,6.799,0.000
6469,10.584,,,
,10.014,6.614,0.001
6470,11.534,,,
,11.401,7.102,0.002
6471,9.027,,,
,10.857,9.270,0.002
6472,11.999,,,
,13.882,9.060,0.001
6473,11.096,,,
,12.010,7.740,0.002
6474,11.664,,,
,10.849,7.743,0.001
6475,10.933,,,
,13.308,8.915,0.000
6476,10.313,,,
,11.473,7.246,0.002
6477,9.749,,,
,12.343,7.441,0.000
6478,30.159,,,
,13.445,8.917,0.001
6479,9.560,,,
,12.343,7.441,0.000
6480,8.984,,,
,9.831,6.707,0.000
6481,8.764,,,
,10.520,8.905,0.001
6482,10.731,,,
,11.347,7.981,0.002
6483,8.729,,,
,11.628,7.682,0.002
6484,12.607,,,
,13.128,8.901,0.002
6485,8.192,,,
,11.443,6.721,0.000
6486,10.567,,,
,10.334,9.262,0.001
6487,12.685,,,
,13.721,9.065,0.002
6488,7.954,,,
,12.351,7.442,0.000
6489,7.785,,,
,10.310,7.528,0.001
6490,15.307,,,
,12.965,9.518,0.001
6491,10.109,,,
,10.714,7.509,0.001
6492,8.209,,,
,10.868,7.692,0.001
6493,10.182,,,
,12.318,9.104,0.001
6494,7.947,,,
,12.375,7.408,0.002
6495,9.206,,,
,11.315,9.267,0.002
6496,15.170,,,
,13.653,8.930,0.001
6497,8.876,,,
,11.676,7.134,0.001
6498,9.122,,,
,10.041,7.369,0.001
6499,12.239,,,
,12.627,9.393,0.001
6500,8.075,,,
,11.233,7.426,0.001
6501,10.369,,,
,11.538,8.409,0.001
6502,12.956,,,
,13.037,8.916,0.001
6503,9.507,,,
,11.977,6.714,0.000
6504,7.990,,,
,10.295,8.399,0.001
6505,12.087,,,
,12.962,9.701,0.002
6506,8.887,,,
,11.355,7.836,0.002
6507,9.966,,,
,11.337,7.500,0.001
6508,13.333,,,
,13.009,8.826,0.001
6509,9.188,,,
,11.266,6.707,0.001
6510,10.674,,,
,10.746,8.589,0.000
6511,12.172,,,
,13.321,9.384,0.001
6512,9.838,,,
,12.782,7.416,0.000
6513,7.565,,,
,10.808,7.523,0.001
6514,11.305,,,
,13.115,9.047,0.000
6515,10.844,,,
,11.175,7.500,0.000
6516,8.943,,,
,11.455,8.168,0.001
6517,12.886,,,
,12.992,9.069,0.001
6518,9.440,,,
,11.970,6.712,0.000
6519,9.740,,,
,11.503,7.223,0.000
6520,29.059,,,
,13.183,9.270,0.001
6521,9.636,,,
,11.503,7.223,0.000
6522,9.342,,,
,9.437,6.410,0.000
6523,11.217,,,
,10.038,8.481,0.002
6524,11.236,,,
,11.131,7.802,0.001
6525,9.482,,,
,11.661,6.701,0.002
6526,30.936,,,
,12.918,8.919,0.000
6527,8.766,,,
,11.661,6.701,0.002
6528,11.694,,,
,10.284,7.242,0.001
6529,10.846,,,
,11.120,7.313,0.002
6530,8.293,,,
,12.561,7.455,0.001
6531,9.229,,,
,10.847,7.617,0.000
6532,12.295,,,
,13.349,9.122,0.002
6533,8.090,,,
,10.968,7.529,0.002
6534,8.112,,,
,11.376,8.065,0.001
6535,10.856,,,
,13.021,9.089,0.002
6536,9.049,,,
,12.173,7.082,0.002
6537,10.187,,,
,11.110,8.475,0.000
6538,11.198,,,
,13.540,9.067,0.001
6539,8.351,,,
,11.476,7.851,0.001
6540,11.360,,,
,11.598,6.906,0.001
6541,30.974,,,
,12.559,9.093,0.001
6542,9.187,,,
,11.598,6.906,0.001
6543,9.310,,,
,11.113,7.793,0.002
6544,10.272,,,
,11.128,7.336,0.002
6545,9.242,,,
,12.093,7.256,0.002
6546,8.032,,,
,11.078,7.885,0.001
6547,11.264,,,
,13.491,8.897,0.002
6548,9.389,,,
,11.550,6.885,0.002
6549,9.678,,,
,10.577,8.837,0.001
6550,11.695,,,
,13.742,9.081,0.000
6551,7.565,,,
,11.696,7.802,0.001
6552,10.335,,,
,12.124,7.105,0.001
6553,30.562,,,
,12.687,9.176,0.001
6554,9.559,,,
,12.124,7.105,0.001
6555,8.064,,,
,11.836,8.002,0.001
6556,11.380,,,
,11.307,7.518,0.000
6557,8.937,,,
,11.351,6.896,0.000
6558,7.644,,,
,10.818,8.817,0.001
6559,13.486,,,
,13.775,9.222,0.000
6560,9.664,,,
,12.175,7.246,0.005
6561,9.184,,,
,11.496,7.410,0.002
6562,29.626,,,
,12.978,9.383,0.002
6563,11.734,,,
,11.496,7.410,0.002
6564,8.948,,,
,11.960,7.340,0.006
6565,11.156,,,
,10.536,7.197,0.001
6566,10.919,,,
,11.147,7.091,0.001
6567,13.607,,,
,11.438,8.782,0.001
6568,9.754,,,
,13.345,9.699,0.001
6569,9.153,,,
,12.788,7.896,0.002
6570,8.186,,,
,11.392,8.348,0.002
6571,14.388,,,
,13.724,9.089,0.000
6572,8.803,,,
,10.805,7.457,0.000
6573,9.617,,,
,10.597,7.478,0.002
6574,11.632,,,
,12.372,9.253,0.000
6575,9.582,,,
,12.136,7.092,0.002
6576,9.628,,,
,11.128,8.826,0.000
6577,14.428,,,
,13.592,9.079,0.002
6578,10.624,,,
,12.146,7.250,0.002
6579,10.347,,,
,10.064,7.387,0.001
6580,11.910,,,
,12.634,9.381,0.001
6581,8.302,,,
,11.374,7.516,0.001
6582,9.576,,,
,11.797,7.836,0.001
6583,12.856,,,
,12.766,8.780,0.002
6584,10.205,,,
,11.975,6.695,0.001
6585,8.048,,,
,10.269,8.460,0.002
6586,11.507,,,
,13.213,9.675,0.005
6587,10.627,,,
,11.504,7.956,0.001
6588,10.631,,,
,11.060,7.874,0.001
6589,13.185,,,
,12.988,8.792,0.000
6590,10.448,,,
,11.388,6.885,0.002
6591,10.980,,,
,10.773,9.269,0.001
6592,11.505,,,
,13.532,8.913,0.002
6593,8.527,,,
,12.790,7.576,0.002
6594,9.641,,,
,11.111,7.930,0.000
6595,10.540,,,
,12.993,9.433,0.001
6596,9.989,,,
,11.338,7.756,0.001
6597,9.450,,,
,11.771,7.787,0.002
6598,13.565,,,
,12.584,9.264,0.001
6599,9.988,,,
,11.767,6.565,0.001
6600,10.211,,,
,10.304,8.132,0.001
6601,12.396,,,
,13.065,10.189,0.001
6602,7.896,,,
,11.972,7.719,0.000
6603,9.217,,,
,10.845,7.693,0.000
6604,8.425,,,
,12.878,9.124,0.000
6605,11.174,,,
,10.270,6.706,0.002
6606,8.332,,,
,11.098,7.862,0.001
6607,11.755,,,
,12.503,9.068,0.001
6608,9.500,,,
,12.776,7.844,0.000
6609,9.329,,,
,11.158,7.523,0.000
6610,29.290,,,
,13.501,9.056,0.001
6611,10.321,,,
,11.158,7.523,0.000
6612,10.441,,,
,10.995,6.981,0.001
6613,9.906,,,
,9.023,6.154,0.001
6614,8.573,,,
,9.698,8.260,0.001
6615,11.791,,,
,12.190,10.355,0.000
6616,9.759,,,
,12.169,8.069,0.001
6617,10.255,,,
,11.602,7.810,0.001
6618,12.297,,,
,13.194,9.503,0.002
6619,10.351,,,
,11.250,7.407,0.000
6620,10.501,,,
,11.794,8.769,0.000
6621,13.198,,,
,12.899,9.255,0.001
6622,10.295,,,
,12.360,8.630,0.001
6623,8.994,,,
,11.270,7.344,0.001
6624,12.784,,,
,12.546,9.162,0.000
6625,7.306,,,
,11.576,6.696,0.002
6626,8.588,,,
,10.566,8.636,0.001
6627,12.788,,,
,13.548,9.384,0.000
6628,8.603,,,
,12.369,7.883,0.000
6629,9.163,,,
,11.110,7.880,0.001
6630,12.077,,,
,13.317,9.032,0.002
6631,9.028,,,
,10.963,7.512,0.001
6632,8.513,,,
,11.358,8.009,0.001
6633,12.746,,,
,12.930,8.945,0.001
6634,9.843,,,
,11.809,6.732,0.001
6635,9.604,,,
,10.295,8.911,0.001
6636,12.447,,,
,13.794,9.226,0.002
6637,8.222,,,
,11.710,7.454,0.001
6638,9.492,,,
,10.827,7.197,0.002
6639,11.962,,,
,12.657,9.170,0.001
6640,9.325,,,
,11.461,7.082,0.001
6641,9.828,,,
,11.310,9.030,0.001
6642,13.472,,,
,13.360,8.929,0.000
6643,8.538,,,
,12.592,6.774,0.001
6644,8.663,,,
,11.708,8.141,0.002
6645,30.305,,,
,10.543,8.466,0.001
6646,10.251,,,
,11.708,8.141,0.002
6647,8.754,,,
,10.616,6.730,0.002
6648,17.277,,,
,10.300,8.225,0.002
6649,8.927,,,
,10.653,7.222,0.001
6650,7.837,,,
,10.564,6.975,0.002
6651,14.007,,,
,12.212,9.120,0.002
6652,12.663,,,
,11.952,6.711,0.000
6653,12.656,,,
,10.354,8.295,0.000
6654,11.457,,,
,13.786,9.226,0.001
6655,8.495,,,
,12.371,7.817,0.000
6656,9.688,,,
,11.150,7.556,0.001
6657,10.324,,,
,13.339,8.860,0.002
6658,10.794,,,
,11.174,7.244,0.002
6659,12.049,,,
,11.545,8.877,0.001
6660,12.169,,,
,13.390,9.052,0.000
6661,8.218,,,
,12.555,7.900,0.001
6662,10.508,,,
,10.576,7.501,0.000
6663,10.880,,,
,10.697,9.861,0.001
6664,11.416,,,
,12.578,8.155,0.001
6665,8.034,,,
,11.360,8.416,0.001
6666,9.989,,,
,13.416,9.381,0.002
6667,10.937,,,
,11.217,7.503,0.002
6668,9.658,,,
,12.003,6.563,0.006
6669,32.937,,,
,12.745,9.255,0.001
6670,11.045,,,
,12.003,6.563,0.006
6671,9.152,,,
,10.194,7.090,0.000
6672,8.817,,,
,10.360,7.295,0.001
6673,11.282,,,
,12.571,7.918,0.002
6674,8.944,,,
,11.317,8.454,0.002
6675,11.887,,,
,13.407,9.440,0.002
6676,9.232,,,
,10.816,7.579,0.000
6677,10.403,,,
,12.159,7.080,0.000
6678,30.338,,,
,12.820,8.913,0.002
6679,10.107,,,
,12.159,7.080,0.000
6680,8.829,,,
,9.914,6.910,0.000
6681,11.060,,,
,11.039,7.326,0.001
6682,9.454,,,
,11.998,7.743,0.001
6683,8.159,,,
,10.577,7.522,0.002
6684,9.803,,,
,13.298,9.032,0.001
6685,8.159,,,
,11.711,7.405,0.001
6686,9.015,,,
,12.007,8.921,0.001
6687,15.215,,,
,13.315,9.406,0.000
6688,10.347,,,
,12.005,6.388,0.001
6689,9.048,,,
,9.805,8.342,0.000
6690,12.818,,,
,13.090,9.768,0.001
6691,9.100,,,
,11.697,7.518,0.001
6692,9.534,,,
,10.831,7.155,0.000
6693,8.690,,,
,12.598,9.110,0.002
6694,11.610,,,
,12.392,7.516,0.002
6695,10.954,,,
,11.876,9.087,0.002
6696,10.931,,,
,13.415,9.446,0.000
6697,9.919,,,
,12.588,7.643,0.002
6698,9.855,,,
,11.130,7.796,0.000
6699,16.126,,,
,12.987,9.444,0.001
6700,8.941,,,
,10.826,7.342,0.001
6701,10.554,,,
,10.828,7.114,0.002
6702,12.916,,,
,12.166,8.938,0.000
6703,7.867,,,
,11.910,6.892,0.000
6704,7.883,,,
,10.601,9.425,0.001
6705,11.353,,,
,13.735,9.079,0.001
6706,10.604,,,
,12.599,8.274,0.000
6707,9.072,,,
,11.137,7.307,0.001
6708,11.360,,,
,11.665,9.659,0.001
6709,9.199,,,
,13.027,7.341,0.002
6710,9.807,,,
,10.866,8.549,0.000
6711,9.539,,,
,13.217,9.630,0.002
6712,8.156,,,
,11.464,8.018,0.002
6713,10.458,,,
,11.561,8.232,0.002
6714,12.887,,,
,13.019,9.452,0.002
6715,7.670,,,
,11.333,6.703,0.001
6716,9.241,,,
,10.524,8.490,0.001
6717,10.938,,,
,13.422,9.383,0.002
6718,8.655,,,
,12.363,7.788,0.001
6719,9.095,,,
,11.116,7.588,0.002
6720,11.725,,,
,13.318,8.950,0.001
6721,8.795,,,
,11.226,7.399,0.001
6722,9.091,,,
,11.611,8.435,0.001
6723,14.125,,,
,12.712,9.273,0.002
6724,9.074,,,
,11.789,6.564,0.000
6725,9.166,,,
,10.066,8.364,0.002
6726,11.997,,,
,13.371,9.246,0.001
6727,7.873,,,
,11.521,7.796,0.000
6728,9.261,,,
,11.151,7.350,0.000
6729,12.820,,,
,12.803,8.647,0.000
6730,9.497,,,
,11.360,6.883,0.001
6731,8.947,,,
,11.062,8.669,0.000
6732,10.561,,,
,13.360,9.103,0.001
6733,9.318,,,
,12.580,7.858,0.001
6734,9.613,,,
,11.066,8.325,0.001
6735,13.659,,,
,13.176,9.368,0.001
6736,7.851,,,
,10.639,7.426,0.002
6737,8.414,,,
,11.144,7.328,0.001
6738,10.263,,,
,12.085,9.247,0.001
6739,9.160,,,
,12.570,7.244,0.000
6740,9.011,,,
,11.325,8.464,0.001
6741,12.043,,,
,13.535,9.047,0.001
6742,11.065,,,
,11.391,8.003,0.000
6743,12.033,,,
,12.343,9.628,0.001
6744,11.376,,,
,13.563,9.414,0.001
6745,8.901,,,
,12.585,7.452,0.000
6746,9.115,,,
,10.833,7.612,0.001
6747,12.511,,,
,13.316,9.110,0.001
6748,8.302,,,
,11.044,7.590,0.002
6749,11.384,,,
,11.377,8.042,0.001
6750,11.125,,,
,13.014,9.056,0.001
6751,10.855,,,
,12.136,7.064,0.001
6752,9.673,,,
,11.125,8.254,0.000
6753,11.260,,,
,13.046,9.671,0.000
6754,9.760,,,
,11.496,7.871,0.001
6755,9.362,,,
,10.864,7.696,0.000
6756,12.925,,,
,12.549,9.097,0.001
6757,7.963,,,
,11.638,6.893,0.000
6758,8.398,,,
,10.679,9.252,0.000
6759,10.574,,,
,13.533,8.906,0.001
6760,9.732,,,
,12.581,8.118,0.000
6761,9.640,,,
,11.075,8.229,0.002
6762,12.202,,,
,13.514,8.915,0.001
6763,9.049,,,
,10.804,7.416,0.002
6764,9.585,,,
,11.614,7.681,0.001
6765,12.545,,,
,12.922,9.068,0.001
6766,8.028,,,
,12.031,6.716,0.001
6767,8.298,,,
,11.518,7.524,0.001
6768,32.926,,,
,13.605,9.224,0.000
6769,7.929,,,
,11.518,7.524,0.001
6770,11.357,,,
,9.797,6.562,0.002
6771,8.788,,,
,10.077,8.128,0.001
6772,12.485,,,
,11.462,7.522,0.000
6773,14.350,,,
,12.314,8.964,0.001
6774,10.942,,,
,13.192,9.251,0.001
6775,8.431,,,
,11.681,6.904,0.001
6776,8.346,,,
,10.626,8.747,0.001
6777,12.963,,,
,13.571,9.061,0.001
6778,7.264,,,
,11.520,7.586,0.002
6779,8.075,,,
,10.826,7.142,0.001
6780,11.403,,,
,12.386,9.003,0.000
6781,8.522,,,
,11.961,7.252,0.006
6782,9.335,,,
,11.345,8.921,0.001
6783,12.238,,,
,13.283,9.458,0.001
6784,8.643,,,
,12.576,7.371,0.001
6785,10.256,,,
,11.125,7.579,0.000
6786,30.462,,,
,13.295,9.113,0.000
6787,9.965,,,
,11.125,7.579,0.000
6788,9.212,,,
,10.745,6.955,0.001
6789,10.937,,,
,10.302,7.452,0.001
6790,8.240,,,
,11.588,7.091,0.000
6791,8.980,,,
,12.823,7.948,0.002
6792,29.894,,,
,13.626,9.524,0.000
6793,13.263,,,
,12.823,7.948,0.002
6794,13.223,,,
,12.010,7.922,0.001
6795,29.979,,,
,10.713,7.858,0.001
6796,10.001,,,
,12.010,7.922,0.001
6797,9.092,,,
,9.765,6.388,0.002
6798,10.224,,,
,10.026,7.474,0.001
6799,9.237,,,
,11.502,7.811,0.001
6800,9.989,,,
,12.333,8.292,0.001
6801,13.693,,,
,12.940,8.667,0.002
6802,8.819,,,
,11.857,6.574,0.000
6803,8.504,,,
,10.078,8.574,0.001
6804,13.047,,,
,13.284,9.678,0.001
6805,7.726,,,
,11.706,7.520,0.000
6806,8.856,,,
,10.836,7.161,0.001
6807,11.536,,,
,12.640,9.200,0.002
6808,9.006,,,
,11.570,7.098,0.001
6809,8.944,,,
,11.238,9.252,0.001
6810,13.814,,,
,13.521,8.901,0.001
6811,9.818,,,
,12.544,6.695,0.000
6812,9.180,,,
,11.367,7.870,0.001
6813,33.008,,,
,13.143,9.208,0.002
6814,11.982,,,
,11.367,7.870,0.001
6815,8.808,,,
,9.530,6.001,0.002
6816,9.920,,,
,9.686,6.896,0.000
6817,8.846,,,
,10.763,7.687,0.001
6818,12.174,,,
,11.658,9.158,0.001
6819,8.979,,,
,12.795,7.405,0.001
6820,9.562,,,
,10.830,7.740,0.002
6821,13.767,,,
,13.288,9.161,0.002
6822,9.030,,,
,11.019,7.735,0.002
6823,10.240,,,
,11.568,7.342,0.000
6824,9.428,,,
,12.661,8.663,0.002
6825,10.421,,,
,12.269,7.429,0.001
6826,9.780,,,
,11.357,8.866,0.002
6827,15.076,,,
,13.696,8.924,0.001
6828,7.660,,,
,11.377,7.121,0.000
6829,9.178,,,
,10.081,7.102,0.000
6830,11.747,,,
,12.848,8.807,0.000
6831,10.394,,,
,11.611,7.093,0.000
6832,11.287,,,
,12.786,7.307,0.001
6833,32.288,,,
,13.549,9.066,0.000
6834,10.838,,,
,12.786,7.307,0.001
6835,14.934,,,
,9.702,6.701,0.000
6836,10.576,,,
,10.304,7.972,0.001
6837,9.468,,,
,11.557,7.406,0.001
6838,10.546,,,
,12.226,8.911,0.001
6839,10.140,,,
,13.316,9.409,0.000
6840,8.035,,,
,12.372,7.309,0.002
6841,10.518,,,
,10.870,8.440,0.002
6842,12.712,,,
,13.521,8.917,0.001
6843,8.330,,,
,10.983,7.534,0.000
6844,9.611,,,
,10.886,7.712,0.001
6845,11.383,,,
,12.478,9.255,0.002
6846,9.383,,,
,11.991,7.085,0.002
6847,10.105,,,
,11.088,8.808,0.002
6848,12.433,,,
,13.746,9.073,0.000
6849,8.435,,,
,11.988,7.557,0.001
6850,9.855,,,
,10.561,7.629,0.000
6851,13.942,,,
,12.801,9.203,0.002
6852,8.457,,,
,10.819,7.265,0.002
6853,8.951,,,
,11.519,7.674,0.001
6854,14.258,,,
,12.809,9.077,0.002
6855,8.136,,,
,11.912,6.577,0.001
6856,8.088,,,
,11.697,8.060,0.002
6857,29.543,,,
,13.266,9.761,0.001
6858,10.105,,,
,11.697,8.060,0.002
6859,7.264,,,
,10.647,6.638,0.001
6860,11.003,,,
,10.053,8.171,0.001
6861,9.854,,,
,10.976,7.414,0.001
6862,9.056,,,
,11.572,8.364,0.002
6863,12.437,,,
,12.689,9.286,0.000
6864,7.541,,,
,12.232,6.736,0.000
6865,9.287,,,
,10.545,7.567,0.000
6866,10.462,,,
,13.131,9.339,0.001
6867,9.349,,,
,11.533,7.979,0.001
6868,9.107,,,
,11.725,8.233,0.001
6869,11.419,,,
,12.998,8.799,0.000
6870,9.149,,,
,11.752,6.898,0.000
6871,10.521,,,
,10.608,8.992,0.001
6872,10.022,,,
,13.740,9.058,0.001
6873,8.500,,,
,11.861,7.981,0.001
6874,8.581,,,
,11.347,7.531,0.001
6875,10.971,,,
,12.871,8.671,0.001
6876,8.692,,,
,12.377,7.405,0.001
6877,9.171,,,
,9.081,6.385,0.001
6878,8.754,,,
,11.522,8.400,0.001
6879,10.499,,,
,13.355,7.741,0.001
6880,14.372,,,
,12.038,8.903,0.001
6881,10.809,,,
,13.435,8.784,0.002
6882,16.865,,,
,11.857,7.978,0.001
6883,10.504,,,
,10.868,7.721,0.001
6884,11.382,,,
,13.088,8.868,0.000
6885,8.289,,,
,11.777,7.101,0.001
6886,7.963,,,
,11.568,8.663,0.001
6887,12.932,,,
,13.556,9.213,0.001
6888,8.278,,,
,12.784,6.762,0.001
6889,10.097,,,
,11.470,7.974,0.001
6890,30.140,,,
,13.125,9.206,0.001
6891,9.966,,,
,11.470,7.974,0.001
6892,9.458,,,
,10.714,6.773,0.002
6893,9.615,,,
,10.311,7.672,0.002
6894,12.516,,,
,11.558,7.412,0.001
6895,9.767,,,
,11.931,9.054,0.001
6896,11.756,,,
,13.423,9.435,0.000
6897,8.904,,,
,12.584,7.298,0.001
6898,9.711,,,
,10.833,7.136,0.001
6899,11.769,,,
,10.580,7.684,0.000
6900,10.226,,,
,11.587,7.389,0.001
6901,9.355,,,
,12.214,8.792,0.000
6902,12.449,,,
,13.447,8.924,0.002
6903,9.574,,,
,12.255,6.703,0.000
6904,9.242,,,
,10.554,7.942,0.001
6905,12.319,,,
,12.791,9.824,0.001
6906,8.625,,,
,11.511,7.861,0.001
6907,9.282,,,
,10.942,6.706,0.001
6908,32.291,,,
,12.843,8.722,0.002
6909,8.577,,,
,10.942,6.706,0.001
6910,11.084,,,
,10.801,7.574,0.000
6911,11.202,,,
,10.571,7.471,0.000
6912,8.551,,,
,12.117,7.073,0.001
6913,9.141,,,
,11.131,8.309,0.002
6914,12.910,,,
,13.344,9.078,0.001
6915,7.868,,,
,11.380,7.819,0.000
6916,8.035,,,
,11.154,7.325,0.001
6917,10.340,,,
,12.760,8.657,0.001
6918,8.865,,,
,11.894,7.234,0.001
6919,9.698,,,
,11.418,8.922,0.001
6920,12.038,,,
,13.369,9.599,0.001
6921,7.788,,,
,12.378,7.482,0.002
6922,9.631,,,
,10.843,7.395,0.001
6923,11.237,,,
,13.324,9.088,0.001
6924,11.628,,,
,11.524,7.535,0.002
6925,11.497,,,
,12.010,8.073,0.002
6926,10.066,,,
,12.789,9.269,0.001
6927,7.996,,,
,12.383,7.309,0.002
6928,8.273,,,
,11.163,7.774,0.001
6929,30.498,,,
,13.510,8.912,0.001
6930,8.316,,,
,11.163,7.774,0.001
6931,11.220,,,
,10.367,6.753,0.000
6932,8.942,,,
,10.530,7.168,0.002
6933,11.387,,,
,11.697,7.424,0.002
6934,9.477,,,
,11.832,9.058,0.002
6935,11.365,,,
,13.399,9.416,0.001
6936,9.433,,,
,12.391,7.497,0.000
6937,9.271,,,
,10.836,7.523,0.001
6938,12.517,,,
,13.102,8.950,0.001
6939,10.149,,,
,11.019,7.402,0.002
6940,9.219,,,
,11.361,8.010,0.000
6941,10.464,,,
,12.824,8.917,0.002
6942,7.839,,,
,12.351,7.101,0.002
6943,8.791,,,
,11.390,7.963,0.002
6944,30.191,,,
,13.032,9.665,0.000
6945,8.486,,,
,11.390,7.963,0.002
6946,9.721,,,
,11.395,7.088,0.002
6947,29.022,,,
,10.575,7.823,0.000
6948,8.271,,,
,11.395,7.088,0.002
6949,10.552,,,
,11.466,8.040,0.002
6950,11.331,,,
,11.058,7.840,0.000
6951,7.787,,,
,12.182,7.269,0.001
6952,12.851,,,
,10.859,8.867,0.000
6953,12.170,,,
,13.557,9.058,0.001
6954,8.735,,,
,11.510,7.721,0.003
6955,10.990,,,
,11.116,7.332,0.002
6956,10.529,,,
,12.780,8.711,0.001
6957,11.048,,,
,11.817,7.236,0.000
6958,10.051,,,
,11.506,8.927,0.001
6959,13.543,,,
,13.508,8.909,0.002
6960,9.493,,,
,12.582,7.092,0.001
6961,9.945,,,
,10.309,7.958,0.000
6962,13.156,,,
,13.290,9.163,0.001
6963,9.957,,,
,11.019,7.694,0.001
6964,10.251,,,
,11.084,7.885,0.001
6965,10.598,,,
,12.978,8.910,0.001
6966,11.418,,,
,12.019,7.255,0.001
6967,10.018,,,
,11.342,8.900,0.000
6968,12.072,,,
,13.463,9.558,0.000
6969,9.849,,,
,11.997,7.642,0.000
6970,10.018,,,
,10.571,7.504,0.002
6971,12.556,,,
,12.983,9.324,0.000
6972,9.753,,,
,11.293,7.095,0.001
6973,10.213,,,
,12.597,7.784,0.001
6974,29.620,,,
,12.920,9.478,0.001
6975,8.776,,,
,12.597,7.784,0.001
6976,9.493,,,
,9.916,6.733,0.001
6977,9.450,,,
,10.641,7.393,0.001
6978,10.501,,,
,12.698,7.438,0.002
6979,30.872,,,
,12.093,9.123,0.001
6980,8.951,,,
,10.010,5.575,0.002
6981,32.198,,,
,9.084,6.400,0.000
6982,25.814,,,
,10.010,5.575,0.002
6983,8.778,,,
,9.084,6.400,0.000
6984,11.130,,,
,9.635,6.509,0.001
6985,8.049,,,
,9.472,6.709,0.001
6986,9.736,,,
,11.578,8.962,0.002
6987,11.845,,,
,13.787,7.993,0.001
6988,9.162,,,
,11.777,8.386,0.001
6989,11.904,,,
,13.632,9.717,0.002
6990,7.791,,,
,11.530,7.252,0.001
6991,10.150,,,
,11.568,9.017,0.001
6992,13.391,,,
,13.356,9.079,0.001
6993,8.309,,,
,12.264,6.716,0.001
6994,11.154,,,
,10.550,7.992,0.001
6995,10.674,,,
,12.814,9.751,0.002
6996,11.082,,,
,11.523,8.018,0.001
6997,8.959,,,
,11.353,8.074,0.000
6998,12.121,,,
,13.177,8.931,0.001
6999,9.351,,,
,11.561,6.893,0.001
7000,8.408,,,
,10.606,9.259,0.002
7001,11.805,,,
,13.738,9.060,0.002
7002,9.457,,,
,12.366,7.520,0.001
7003,9.742,,,
,10.836,7.517,0.002
7004,10.348,,,
,13.317,9.097,0.000
7005,9.067,,,
,11.289,7.495,0.001
7006,9.299,,,
,12.145,8.292,0.000
7007,11.156,,,
,13.034,8.788,0.000
7008,8.196,,,
,12.186,6.958,0.001
7009,10.477,,,
,11.371,7.918,0.001
7010,30.087,,,
,13.025,9.555,0.001
7011,10.690,,,
,11.371,7.918,0.001
7012,9.053,,,
,10.982,7.416,0.000
7013,30.270,,,
,11.376,7.093,0.002
7014,29.693,,,
,10.982,7.416,0.000
7015,8.413,,,
,11.376,7.093,0.002
7016,10.377,,,
,9.278,6.165,0.002
7017,9.190,,,
,9.467,8.524,0.001
7018,12.322,,,
,13.089,9.969,0.001
7019,9.132,,,
,11.854,7.747,0.000
7020,9.198,,,
,10.857,7.731,0.000
7021,13.344,,,
,12.788,9.193,0.002
7022,8.887,,,
,11.125,7.098,0.001
7023,8.042,,,
,11.661,8.309,0.001
7024,9.078,,,
,13.130,9.068,0.000
7025,10.668,,,
,12.375,7.730,0.002
7026,9.829,,,
,11.625,8.244,0.000
7027,12.752,,,
,13.471,8.927,0.001
7028,9.055,,,
,10.819,7.558,0.001
7029,8.970,,,
,10.859,7.696,0.000
7030,13.694,,,
,12.513,9.338,0.000
7031,10.082,,,
,11.460,6.562,0.002
7032,8.309,,,
,10.338,8.330,0.001
7033,10.087,,,
,13.459,9.382,0.001
7034,9.959,,,
,12.167,8.069,0.002
7035,9.244,,,
,11.600,7.779,0.001
7036,11.588,,,
,13.194,9.323,0.001
7037,9.047,,,
,11.017,7.087,0.001
7038,9.995,,,
,11.648,8.358,0.002
7039,8.744,,,
,13.100,8.925,0.001
7040,11.088,,,
,12.371,7.898,0.002
7041,9.215,,,
,11.616,8.014,0.002
7042,13.626,,,
,13.198,9.391,0.001
7043,8.297,,,
,10.683,7.409,0.000
7044,9.835,,,
,11.159,7.340,0.000
7045,9.833,,,
,12.678,8.925,0.001
7046,9.851,,,
,11.580,6.151,0.002
7047,9.487,,,
,11.385,7.989,0.001
7048,31.146,,,
,13.113,9.334,0.001
7049,8.414,,,
,11.385,7.989,0.001
7050,10.126,,,
,10.550,6.710,0.001
7051,8.254,,,
,9.471,6.576,0.002
7052,9.626,,,
,10.706,7.690,0.001
7053,13.625,,,
,12.060,9.394,0.002
7054,10.131,,,
,12.385,7.425,0.004
7055,9.146,,,
,10.556,7.807,0.000
7056,14.249,,,
,13.504,9.036,0.000
7057,10.537,,,
,10.716,7.529,0.000
7058,9.204,,,
,10.957,7.682,0.000
7059,11.808,,,
,12.398,9.306,0.000
7060,9.013,,,
,12.261,7.102,0.001
7061,9.380,,,
,10.887,9.053,0.001
7062,11.946,,,
,13.732,9.085,0.000
7063,10.005,,,
,11.853,7.614,0.001
7064,8.926,,,
,10.564,7.542,0.001
7065,16.776,,,
,12.786,9.229,0.001
7066,10.714,,,
,11.223,7.075,0.001
7067,9.863,,,
,10.872,7.682,0.001
7068,15.765,,,
,12.373,9.403,0.002
7069,9.582,,,
,11.490,6.410,0.002
7070,8.623,,,
,10.055,8.395,0.000
7071,11.671,,,
,13.391,9.385,0.001
7072,8.743,,,
,12.161,8.474,0.000
7073,7.981,,,
,12.577,8.867,0.001
7074,11.975,,,
,13.215,8.766,0.001
7075,8.639,,,
,11.627,6.712,0.001
7076,8.538,,,
,10.326,8.882,0.001
7077,11.833,,,
,13.758,9.064,0.002
7078,8.292,,,
,11.863,7.705,0.002
7079,8.969,,,
,10.861,7.753,0.000
7080,10.841,,,
,13.245,8.910,0.001
7081,9.454,,,
,11.405,7.250,0.002
7082,9.597,,,
,11.558,9.140,0.000
7083,12.168,,,
,13.554,9.069,0.001
7084,7.512,,,
,12.582,6.971,0.000
7085,8.728,,,
,10.553,8.387,0.001
7086,12.295,,,
,13.006,9.656,0.001
7087,9.194,,,
,11.377,7.773,0.000
7088,10.275,,,
,11.145,7.350,0.001
7089,10.546,,,
,12.463,9.089,0.002
7090,9.880,,,
,11.835,7.252,0.002
7091,9.896,,,
,11.345,8.806,0.001
7092,11.404,,,
,13.513,8.908,0.002
7093,7.893,,,
,11.995,7.768,0.001
7094,10.028,,,
,10.853,7.836,0.002
7095,13.148,,,
,13.309,8.922,0.001
7096,8.423,,,
,10.985,7.246,0.002
7097,7.682,,,
,12.193,7.240,0.001
7098,31.181,,,
,12.687,8.782,0.002
7099,11.621,,,
,12.193,7.240,0.001
7100,10.321,,,
,11.840,7.721,0.000
7101,30.815,,,
,10.565,7.821,0.000
7102,9.247,,,
,11.840,7.721,0.000
7103,13.392,,,
,9.499,6.254,0.000
7104,11.167,,,
,9.621,8.143,0.001
7105,11.007,,,
,11.330,7.745,0.001
7106,9.818,,,
,12.078,8.041,0.002
7107,15.352,,,
,12.734,9.249,0.002
7108,11.834,,,
,11.347,6.404,0.000
7109,9.874,,,
,9.840,8.778,0.000
7110,11.392,,,
,13.271,9.855,0.001
7111,9.574,,,
,12.394,7.735,0.001
7112,9.086,,,
,11.123,7.608,0.001
7113,12.091,,,
,13.107,8.891,0.002
7114,8.549,,,
,11.166,7.409,0.000
7115,8.223,,,
,11.651,8.464,0.002
7116,14.468,,,
,12.759,9.278,0.001
7117,7.744,,,
,11.616,6.404,0.001
7118,7.865,,,
,11.983,7.916,0.002
7119,32.574,,,
,13.056,10.165,0.000
7120,10.169,,,
,7.629,5.251,0.000
7121,24.098,,,
,10.174,5.789,0.001
7122,7.967,,,
,7.629,5.251,0.000
7123,11.360,,,
,8.629,6.388,0.001
7124,10.006,,,
,10.370,7.079,0.002
7125,8.735,,,
,9.815,6.934,0.000
7126,12.304,,,
,11.941,8.496,0.002
7127,8.732,,,
,12.686,7.093,0.000
7128,11.408,,,
,10.879,9.326,0.001
7129,13.302,,,
,13.638,9.603,0.001
7130,9.488,,,
,12.575,7.104,0.000
7131,9.716,,,
,10.318,7.279,0.001
7132,12.374,,,
,12.388,9.432,0.001
7133,8.966,,,
,11.119,7.533,0.002
7134,8.985,,,
,12.116,6.714,0.002
7135,31.773,,,
,12.930,9.060,0.000
7136,8.256,,,
,12.116,6.714,0.002
7137,10.678,,,
,9.815,6.019,0.001
7138,24.579,,,
,10.930,8.040,0.000
7139,9.265,,,
,9.815,6.019,0.001
7140,9.197,,,
,9.823,6.887,0.000
7141,12.239,,,
,11.124,7.488,0.002
7142,7.742,,,
,11.986,7.610,0.001
7143,11.038,,,
,10.295,7.494,0.000
7144,10.591,,,
,12.786,9.361,0.002
7145,10.751,,,
,11.430,7.405,0.000
7146,9.256,,,
,12.183,8.582,0.001
7147,11.608,,,
,13.196,8.786,0.000
7148,10.487,,,
,12.151,6.912,0.000
7149,12.572,,,
,10.826,7.893,0.002
7150,13.796,,,
,13.116,9.048,0.000
7151,8.049,,,
,11.007,7.571,0.002
7152,9.939,,,
,10.588,7.449,0.002
7153,13.238,,,
,12.341,9.052,0.001
7154,10.280,,,
,11.627,6.718,0.000
7155,8.895,,,
,10.317,9.298,0.002
7156,12.386,,,
,13.741,9.087,0.000
7157,9.375,,,
,12.377,7.555,0.001
7158,9.115,,,
,10.814,7.546,0.001
7159,11.901,,,
,13.088,8.957,0.001
7160,9.009,,,
,10.981,7.404,0.002
7161,8.756,,,
,11.377,8.044,0.000
7162,10.644,,,
,12.942,9.075,0.002
7163,9.492,,,
,12.333,7.076,0.000
7164,8.843,,,
,10.877,8.340,0.000
7165,10.791,,,
,12.981,9.546,0.000
7166,8.160,,,
,11.487,7.964,0.001
7167,8.309,,,
,11.332,8.007,0.001
7168,10.599,,,
,13.115,8.913,0.001
7169,9.790,,,
,11.940,7.078,0.002
7170,13.030,,,
,11.138,7.367,0.002
7171,11.989,,,
,12.746,9.714,0.002
7172,9.197,,,
,12.084,7.089,0.002
7173,8.941,,,
,11.134,8.532,0.002
7174,13.478,,,
,13.580,9.054,0.001
7175,9.536,,,
,12.192,7.197,0.002
7176,9.310,,,
,11.407,7.542,0.001
7177,28.741,,,
,13.301,8.988,0.000
7178,11.542,,,
,11.407,7.542,0.001
7179,10.336,,,
,11.161,7.084,0.001
7180,30.401,,,
,10.292,7.527,0.002
7181,11.047,,,
,8.947,6.140,0.001
7182,27.296,,,
,10.188,7.068,0.000
7183,26.413,,,
,8.947,6.140,0.001
7184,9.482,,,
,10.188,7.068,0.000
7185,8.501,,,
,9.443,6.015,0.001
7186,9.566,,,
,9.912,6.877,0.000
7187,26.984,,,
,10.169,6.671,0.004
7188,29.232,,,
,9.912,6.877,0.000
7189,15.247,,,
,10.169,6.671,0.004
7190,15.604,,,
,7.885,6.204,0.000
7191,32.127,,,
,9.441,5.478,0.001
7192,16.034,,,
,8.792,5.558,0.002
7193,30.580,,,
,8.048,5.089,0.000
7194,28.982,,,
,7.187,4.990,0.001
7195,27.242,,,
,8.847,5.913,0.001
7196,31.137,,,
,7.816,5.408,0.001
7197,29.627,,,
,8.847,5.913,0.001
7198,11.231,,,
,7.816,5.408,0.001
7199,9.133,,,
,9.187,6.319,0.001
7200,10.775,,,
,8.460,5.889,0.002
7201,7.771,,,
,9.278,6.143,0.000
7202,8.982,,,
,12.313,9.145,0.001
7203,11.014,,,
,12.875,7.808,0.000
7204,8.883,,,
,12.108,9.687,0.002
7205,9.862,,,
,13.533,9.421,0.002
7206,10.008,,,
,12.794,7.938,0.001
7207,9.465,,,
,11.339,8.064,0.001
7208,11.190,,,
,13.520,9.227,0.001
7209,7.968,,,
,11.522,6.818,0.002
7210,8.944,,,
,10.545,7.647,0.000
7211,10.451,,,
,13.106,9.121,0.001
7212,9.112,,,
,11.490,7.552,0.000
7213,9.053,,,
,11.830,7.848,0.001
7214,12.289,,,
,12.929,8.922,0.001
7215,10.121,,,
,11.975,6.716,0.001
7216,13.640,,,
,11.373,7.865,0.000
7217,30.682,,,
,13.357,9.212,0.001
7218,11.652,,,
,11.373,7.865,0.000
7219,9.558,,,
,9.967,6.275,0.001
7220,13.025,,,
,9.844,7.206,0.001
7221,11.614,,,
,11.253,7.574,0.001
7222,10.650,,,
,10.822,8.562,0.001
7223,11.988,,,
,13.337,9.766,0.001
7224,9.088,,,
,12.172,7.723,0.002
7225,8.984,,,
,11.104,7.543,0.000
7226,12.079,,,
,13.322,9.042,0.000
7227,8.365,,,
,11.387,7.399,0.002
7228,9.036,,,
,11.911,8.093,0.001
7229,13.611,,,
,12.754,9.267,0.001
7230,8.865,,,
,11.956,6.571,0.001
7231,8.069,,,
,10.075,8.407,0.001
7232,11.050,,,
,13.241,9.848,0.001
7233,11.008,,,
,11.694,7.897,0.002
7234,9.515,,,
,11.090,7.847,0.001
7235,10.356,,,
,11.285,7.516,0.002
7236,10.482,,,
,11.725,7.420,0.001
7237,9.180,,,
,11.632,9.058,0.000
7238,13.764,,,
,13.399,9.440,0.001
7239,9.509,,,
,12.363,7.012,0.002
7240,8.090,,,
,11.219,7.757,0.000
7241,30.158,,,
,13.282,9.189,0.001
7242,9.333,,,
,11.219,7.757,0.000
7243,8.973,,,
,10.711,6.660,0.001
7244,10.792,,,
,9.131,6.253,0.001
7245,7.139,,,
,9.601,8.730,0.001
7246,11.156,,,
,12.801,9.949,0.001
7247,8.993,,,
,11.988,7.999,0.001
7248,10.477,,,
,11.134,7.373,0.002
7249,11.014,,,
,13.109,8.829,0.000
7250,13.213,,,
,11.497,7.090,0.002
7251,13.461,,,
,11.097,9.394,0.000
7252,11.330,,,
,13.742,9.083,0.002
7253,9.321,,,
,11.120,6.001,0.001
7254,9.429,,,
,12.368,7.732,0.000
7255,32.456,,,
,9.667,6.390,0.000
7256,24.776,,,
,10.344,7.241,0.000
7257,27.774,,,
,9.667,6.390,0.000
7258,7.769,,,
,10.344,7.241,0.000
7259,9.331,,,
,9.914,6.527,0.001
7260,11.011,,,
,9.046,6.148,0.001
7261,8.055,,,
,9.452,7.448,0.001
7262,11.436,,,
,13.420,10.226,0.002
7263,7.807,,,
,11.698,8.179,0.000
7264,9.286,,,
,11.736,7.797,0.000
7265,12.918,,,
,12.812,9.138,0.001
7266,9.103,,,
,11.191,6.703,0.002
7267,7.883,,,
,10.734,8.677,0.000
7268,12.503,,,
,13.417,9.223,0.001
7269,9.034,,,
,12.791,7.854,0.001
7270,9.356,,,
,10.582,8.048,0.001
7271,12.944,,,
,13.105,9.030,0.002
7272,8.795,,,
,10.831,7.548,0.002
7273,8.282,,,
,10.881,7.693,0.002
7274,12.697,,,
,12.430,9.269,0.000
7275,8.925,,,
,11.865,6.693,0.002
7276,9.043,,,
,10.294,8.853,0.001
7277,13.218,,,
,13.732,9.070,0.001
7278,10.485,,,
,11.824,7.625,0.001
7279,11.069,,,
,11.519,7.397,0.000
7280,30.694,,,
,13.077,8.933,0.001
7281,11.969,,,
,9.218,6.385,0.001
7282,27.767,,,
,12.002,7.067,0.001
7283,11.222,,,
,9.218,6.385,0.001
7284,8.659,,,
,10.179,6.681,0.001
7285,9.827,,,
,8.842,5.997,0.002
7286,8.277,,,
,9.458,6.303,0.001
7287,12.536,,,
,13.267,9.200,0.001
7288,9.148,,,
,11.566,7.520,0.002
7289,12.461,,,
,12.161,8.291,0.001
7290,8.769,,,
,12.705,9.182,0.000
7291,10.448,,,
,12.172,7.553,0.002
7292,12.487,,,
,11.370,8.831,0.002
7293,10.810,,,
,13.739,9.075,0.002
7294,8.665,,,
,11.283,7.795,0.000
7295,8.534,,,
,11.620,7.661,0.001
7296,12.960,,,
,13.275,9.039,0.001
7297,9.078,,,
,11.447,6.701,0.000
7298,8.163,,,
,12.389,7.350,0.001
7299,33.316,,,
,13.471,9.212,0.000
7300,10.717,,,
,12.389,7.350,0.001
7301,10.160,,,
,9.478,6.557,0.001
7302,9.314,,,
,10.367,7.021,0.001
7303,9.972,,,
,9.854,6.921,0.002
7304,11.412,,,
,12.082,8.352,0.001
7305,8.393,,,
,12.501,7.244,0.001
7306,7.623,,,
,11.079,9.416,0.001
7307,11.982,,,
,13.568,9.476,0.001
7308,9.173,,,
,12.363,7.582,0.000
7309,10.305,,,
,12.441,7.580,0.002
7310,29.168,,,
,11.135,7.797,0.002
7311,27.848,,,
,12.441,7.580,0.002
7312,10.428,,,
,11.135,7.797,0.002
7313,9.406,,,
,9.783,6.147,0.001
7314,7.290,,,
,9.687,7.373,0.002
7315,10.732,,,
,13.321,9.572,0.002
7316,8.737,,,
,11.695,7.998,0.001
7317,9.761,,,
,11.600,8.224,0.002
7318,12.080,,,
,13.131,8.919,0.001
7319,8.046,,,
,11.856,6.880,0.001
7320,8.142,,,
,10.574,9.168,0.002
7321,13.478,,,
,13.726,9.066,0.002
7322,9.047,,,
,12.201,7.213,0.001
7323,9.880,,,
,11.480,7.530,0.001
7324,29.083,,,
,12.988,9.584,0.002
7325,9.718,,,
,11.480,7.530,0.001
7326,10.139,,,
,11.711,7.347,0.001
7327,8.306,,,
,9.200,6.256,0.000
7328,9.941,,,
,9.689,8.647,0.002
7329,12.403,,,
,12.344,9.861,0.002
7330,9.164,,,
,12.000,7.678,0.001
7331,10.040,,,
,11.678,7.406,0.001
7332,29.298,,,
,13.314,8.997,0.000
7333,10.369,,,
,11.678,7.406,0.001
7334,9.777,,,
,12.370,8.403,0.002
7335,11.303,,,
,10.894,7.856,0.000
7336,10.293,,,
,11.023,6.882,0.001
7337,9.456,,,
,11.128,8.679,0.000
7338,12.426,,,
,13.347,9.058,0.001
7339,8.931,,,
,12.576,7.495,0.001
7340,9.200,,,
,10.834,7.655,0.001
7341,13.703,,,
,13.305,9.148,0.000
7342,8.563,,,
,10.831,7.596,0.000
7343,9.909,,,
,10.885,7.692,0.002
7344,10.600,,,
,12.395,9.315,0.001
7345,11.439,,,
,12.368,6.453,0.000
7346,8.517,,,
,9.084,6.380,0.002
7347,11.184,,,
,11.856,8.927,0.001
7348,7.494,,,
,12.282,7.416,0.001
7349,9.719,,,
,11.645,9.647,0.000
7350,12.710,,,
,13.500,9.392,0.001
7351,8.880,,,
,12.584,6.975,0.002
7352,9.751,,,
,10.307,8.274,0.000
7353,12.566,,,
,12.802,9.538,0.001
7354,14.486,,,
,11.157,7.705,0.002
7355,11.168,,,
,11.589,6.703,0.001
7356,31.412,,,
,12.514,9.196,0.000
7357,11.098,,,
,11.589,6.703,0.001
7358,9.607,,,
,10.838,7.469,0.001
7359,10.896,,,
,10.547,6.963,0.001
7360,8.551,,,
,11.749,7.090,0.001
7361,7.967,,,
,11.127,8.321,0.002
7362,9.530,,,
,13.330,9.057,0.001
7363,9.916,,,
,11.395,8.009,0.000
7364,9.529,,,
,11.426,8.133,0.001
7365,11.862,,,
,13.091,8.886,0.001
7366,7.999,,,
,11.632,6.893,0.001
7367,7.812,,,
,10.561,9.113,0.000
7368,13.276,,,
,13.764,9.066,0.001
7369,10.741,,,
,11.988,7.281,0.000
7370,8.156,,,
,10.304,7.487,0.001
7371,12.196,,,
,13.001,9.383,0.001
7372,9.248,,,
,12.576,5.580,0.001
7373,12.206,,,
,8.811,6.239,0.001
7374,12.210,,,
,12.035,8.329,0.000
7375,12.424,,,
,11.996,7.410,0.001
7376,11.979,,,
,11.970,9.296,0.002
7377,11.685,,,
,13.362,9.394,0.000
7378,8.990,,,
,12.186,6.889,0.000
7379,9.384,,,
,11.514,7.896,0.001
7380,31.005,,,
,13.322,9.205,0.001
7381,9.388,,,
,11.514,7.896,0.001
7382,11.097,,,
,10.284,6.705,0.001
7383,11.055,,,
,10.518,7.766,0.005
7384,9.024,,,
,11.171,7.435,0.000
7385,9.768,,,
,10.673,7.426,0.000
7386,30.954,,,
,12.966,8.672,0.001
7387,10.164,,,
,10.673,7.426,0.000
7388,10.872,,,
,10.370,6.584,0.002
7389,8.111,,,
,8.956,6.149,0.001
7390,9.536,,,
,9.812,7.835,0.001
7391,10.707,,,
,11.824,9.697,0.000
7392,10.375,,,
,11.846,8.165,0.001
7393,9.814,,,
,11.615,7.656,0.001
7394,12.991,,,
,13.058,8.823,0.002
7395,10.185,,,
,11.178,6.900,0.000
7396,9.681,,,
,12.786,7.701,0.000
7397,31.429,,,
,9.632,6.575,0.001
7398,26.205,,,
,12.786,7.701,0.000
7399,10.651,,,
,9.632,6.575,0.001
7400,9.771,,,
,10.374,7.116,0.001
7401,8.742,,,
,9.830,6.933,0.000
7402,11.136,,,
,11.834,8.506,0.001
7403,8.574,,,
,12.998,7.408,0.001
7404,8.468,,,
,11.346,9.436,0.002
7405,12.614,,,
,13.787,8.903,0.001
7406,10.227,,,
,11.997,7.471,0.001
7407,8.598,,,
,10.574,7.688,0.001
7408,8.351,,,
,13.286,8.970,0.000
7409,10.647,,,
,11.813,7.406,0.002
7410,9.105,,,
,12.036,8.915,0.000
7411,13.344,,,
,13.302,9.423,0.000
7412,9.620,,,
,12.443,6.717,0.001
7413,9.506,,,
,10.543,7.929,0.000
7414,11.946,,,
,12.819,9.770,0.001
7415,7.947,,,
,11.507,7.852,0.000
7416,9.187,,,
,12.025,7.253,0.001
7417,30.526,,,
,12.531,9.038,0.001
7418,11.181,,,
,12.025,7.253,0.001
7419,9.231,,,
,10.631,7.364,0.000
7420,10.908,,,
,10.540,6.950,0.001
7421,10.699,,,
,12.018,7.133,0.001
7422,8.898,,,
,11.116,8.129,0.001
7423,11.484,,,
,12.825,9.549,0.002
7424,9.709,,,
,11.157,7.788,0.000
7425,9.688,,,
,11.623,7.693,0.001
7426,13.119,,,
,12.854,8.916,0.001
7427,10.611,,,
,11.590,6.709,0.000
7428,10.789,,,
,10.547,8.628,0.002
7429,9.421,,,
,13.533,9.377,0.001
7430,12.481,,,
,12.359,8.257,0.001
7431,9.255,,,
,10.688,7.103,0.002
7432,31.438,,,
,13.486,8.929,0.002
7433,8.158,,,
,10.688,7.103,0.002
7434,9.520,,,
,10.624,7.042,0.001
7435,8.679,,,
,9.154,6.005,0.002
7436,7.948,,,
,9.251,7.383,0.002
7437,14.898,,,
,13.194,10.009,0.000
7438,12.499,,,
,11.381,7.733,0.000
7439,11.682,,,
,11.137,7.348,0.000
7440,10.353,,,
,12.610,8.655,0.002
7441,8.337,,,
,12.002,7.248,0.000
7442,9.858,,,
,11.349,8.335,0.001
7443,13.727,,,
,13.593,9.069,0.001
7444,9.141,,,
,12.013,7.258,0.000
7445,9.874,,,
,10.546,7.193,0.002
7446,9.969,,,
,13.122,9.001,0.002
7447,10.674,,,
,11.681,7.409,0.002
7448,10.794,,,
,12.383,7.501,0.001
7449,32.450,,,
,13.248,9.388,0.002
7450,10.678,,,
,12.383,7.501,0.001
7451,10.935,,,
,9.627,6.689,0.001
7452,10.202,,,
,9.205,6.027,0.001
7453,10.202,,,
,9.474,6.234,0.002
7454,11.464,,,
,12.261,9.086,0.001
7455,9.408,,,
,12.097,7.092,0.000
7456,9.745,,,
,11.385,8.911,0.002
7457,12.627,,,
,13.391,9.644,0.002
7458,8.729,,,
,12.790,8.050,0.001
7459,12.993,,,
,10.576,8.368,0.002
7460,14.187,,,
,13.125,9.066,0.000
7461,8.558,,,
,11.147,7.508,0.000
7462,10.141,,,
,11.699,6.906,0.001
7463,30.935,,,
,12.281,8.824,0.000
7464,11.543,,,
,8.968,5.871,0.000
7465,25.424,,,
,10.711,7.119,0.002
7466,9.984,,,
,8.968,5.871,0.000
7467,10.693,,,
,9.543,6.687,0.001
7468,9.162,,,
,9.910,6.533,0.002
7469,11.280,,,
,9.488,6.648,0.001
7470,12.013,,,
,11.781,8.922,0.001
7471,9.399,,,
,12.841,7.256,0.001
7472,9.592,,,
,11.558,8.922,0.001
7473,13.208,,,
,13.207,9.263,0.002
7474,10.266,,,
,12.165,7.080,0.001
7475,9.494,,,
,10.307,7.392,0.001
7476,10.524,,,
,12.807,9.168,0.002
7477,11.107,,,
,11.416,7.730,0.001
7478,9.526,,,
,11.797,6.714,0.000
7479,31.363,,,
,12.671,9.260,0.001
7480,11.695,,,
,11.797,6.714,0.000
7481,9.649,,,
,9.902,6.900,0.002
7482,10.937,,,
,10.592,6.945,0.002
7483,9.400,,,
,12.567,7.637,0.001
7484,10.490,,,
,10.845,7.555,0.001
7485,12.766,,,
,13.106,9.065,0.000
7486,9.255,,,
,11.006,7.516,0.001
7487,9.806,,,
,11.990,6.715,0.001
7488,30.848,,,
,12.840,8.894,0.002
7489,8.217,,,
,11.990,6.715,0.001
7490,10.832,,,
,11.689,8.074,0.000
7491,29.218,,,
,10.623,8.043,0.002
7492,9.768,,,
,11.689,8.074,0.000
7493,9.424,,,
,10.172,6.566,0.000
7494,9.017,,,
,10.063,8.207,0.002
7495,10.652,,,
,11.365,7.534,0.000
7496,9.020,,,
,12.304,8.767,0.001
7497,12.470,,,
,13.244,9.440,0.001
7498,8.938,,,
,12.262,6.730,0.001
7499,9.621,,,
,10.558,7.486,0.002
7500,12.377,,,
,13.305,9.355,0.001
7501,8.907,,,
,11.373,7.877,0.002
7502,8.466,,,
,11.335,7.504,0.000
7503,11.151,,,
,12.704,8.816,0.000
7504,9.416,,,
,12.137,7.078,0.003
7505,9.732,,,
,11.993,8.020,0.001
7506,31.960,,,
,13.593,9.067,0.000
7507,9.339,,,
,10.376,7.248,0.001
7508,27.193,,,
,9.897,6.672,0.001
7509,25.769,,,
,10.376,7.248,0.001
7510,9.989,,,
,9.897,6.672,0.001
7511,10.290,,,
,8.962,5.988,0.000
7512,9.308,,,
,9.888,6.897,0.000
7513,9.847,,,
,10.584,6.924,0.001
7514,10.601,,,
,12.575,7.739,0.001
7515,9.190,,,
,11.041,7.409,0.001
7516,30.485,,,
,12.933,9.406,0.001
7517,8.411,,,
,11.041,7.409,0.001
7518,10.419,,,
,10.640,7.194,0.001
7519,10.857,,,
,10.813,7.148,0.000
7520,13.982,,,
,11.535,7.088,0.001
7521,11.667,,,
,11.162,8.798,0.005
7522,13.677,,,
,13.190,9.105,0.000
7523,8.901,,,
,10.625,6.573,0.001
7524,10.545,,,
,10.302,8.268,0.001
7525,23.294,,,
,9.802,7.066,0.001
7526,40.796,,,
,10.775,5.675,0.002
7527,10.865,,,
,9.802,7.066,0.001
7528,12.723,,,
,9.651,6.244,0.002
7529,13.432,,,
,9.680,6.436,0.001
7530,16.380,,,
,12.681,8.762,0.001
7531,12.429,,,
,10.803,7.096,0.001
7532,11.728,,,
,11.437,7.680,0.002
7533,13.441,,,
,12.814,9.059,0.002
7534,12.496,,,
,12.078,6.715,0.001
7535,11.712,,,
,10.524,8.103,0.001
7536,13.895,,,
,13.401,9.208,0.002
7537,8.780,,,
,11.490,7.557,0.001
7538,9.979,,,
,10.835,7.162,0.000
7539,13.568,,,
,12.589,9.136,0.002
7540,9.103,,,
,11.106,7.076,0.004
7541,14.746,,,
,11.671,8.378,0.000
7542,13.363,,,
,12.810,9.462,0.001
7543,8.921,,,
,12.511,6.706,0.001
7544,8.351,,,
,10.297,8.332,0.002
7545,10.366,,,
,12.981,9.652,0.002
7546,10.221,,,
,11.505,8.018,0.002
7547,10.061,,,
,11.345,8.012,0.002
7548,15.523,,,
,13.200,8.936,0.001
7549,9.556,,,
,10.743,6.699,0.000
7550,8.665,,,
,12.795,7.838,0.000
7551,31.382,,,
,12.307,9.686,0.001
7552,11.083,,,
,12.795,7.838,0.000
7553,11.351,,,
,9.760,6.699,0.001
7554,9.740,,,
,10.912,7.664,0.002
7555,9.188,,,
,11.703,8.043,0.002
7556,9.454,,,
,10.905,7.666,0.002
7557,13.789,,,
,12.513,9.096,0.001
7558,10.855,,,
,11.251,6.894,0.001
7559,9.854,,,
,10.933,8.894,0.002
7560,22.323,,,
,13.084,8.785,0.002
7561,20.090,,,
,10.159,7.074,0.001
7562,33.853,,,
,9.460,7.082,0.001
7563,12.015,,,
,10.159,7.074,0.001
7564,13.239,,,
,12.181,7.070,0.001
7565,18.684,,,
,10.295,7.419,0.001
7566,10.872,,,
,10.608,7.205,0.001
7567,9.859,,,
,10.529,6.956,0.000
7568,12.828,,,
,12.217,9.142,0.001
7569,9.178,,,
,11.951,6.902,0.001
7570,9.134,,,
,12.568,7.676,0.002
7571,32.545,,,
,9.660,6.580,0.000
7572,26.045,,,
,12.568,7.676,0.002
7573,9.755,,,
,9.612,6.378,0.002
7574,25.481,,,
,9.029,6.267,0.001
7575,25.046,,,
,10.139,7.065,0.001
7576,26.935,,,
,9.029,6.267,0.001
7577,10.450,,,
,10.139,7.065,0.001
7578,8.927,,,
,9.632,6.701,0.001
7579,8.259,,,
,10.679,7.821,0.002
7580,15.486,,,
,11.325,8.639,0.002
7581,9.250,,,
,12.164,6.953,0.000
7582,10.096,,,
,11.148,7.586,0.001
7583,30.648,,,
,12.779,9.009,0.001
7584,9.459,,,
,11.148,7.586,0.001
7585,11.052,,,
,10.691,7.057,0.000
7586,10.608,,,
,9.050,6.144,0.001
7587,10.664,,,
,9.687,8.055,0.001
7588,12.355,,,
,12.276,9.947,0.001
7589,8.027,,,
,11.831,7.891,0.000
7590,10.033,,,
,11.055,7.852,0.002
7591,12.588,,,
,13.107,8.756,0.002
7592,8.069,,,
,11.165,7.089,0.001
7593,9.908,,,
,11.210,8.911,0.001
7594,11.768,,,
,13.248,8.930,0.001
7595,8.999,,,
,12.559,7.242,0.001
7596,9.232,,,
,10.555,7.887,0.002
7597,13.251,,,
,13.306,9.009,0.001
7598,10.201,,,
,10.722,7.517,0.000
7599,9.018,,,
,11.343,7.511,0.001
7600,12.705,,,
,12.695,8.788,0.002
7601,8.648,,,
,11.287,5.407,0.000
7602,13.768,,,
,8.397,6.712,0.001
7603,11.274,,,
,12.289,9.369,0.001
7604,9.476,,,
,11.928,7.731,0.002
7605,10.385,,,
,11.985,8.640,0.001
7606,13.449,,,
,12.769,9.177,0.000
7607,9.021,,,
,11.578,6.573,0.001
7608,8.842,,,
,11.983,7.875,0.002
7609,31.165,,,
,10.193,6.696,0.001
7610,25.562,,,
,9.630,6.708,0.000
7611,26.044,,,
,10.193,6.696,0.001
7612,9.706,,,
,9.630,6.708,0.000
7613,8.349,,,
,11.275,6.723,0.001
7614,31.034,,,
,10.306,6.795,0.001
7615,11.146,,,
,11.275,6.723,0.001
7616,9.237,,,
,10.150,7.070,0.002
7617,10.662,,,
,10.589,6.937,0.002
7618,8.438,,,
,12.554,7.544,0.001
7619,9.924,,,
,11.123,7.753,0.002
7620,13.175,,,
,13.314,9.040,0.000
7621,8.335,,,
,11.323,7.523,0.001
7622,8.512,,,
,11.347,7.522,0.000
7623,10.188,,,
,12.906,8.921,0.001
7624,8.439,,,
,12.130,7.095,0.001
7625,9.656,,,
,11.121,8.552,0.002
7626,14.128,,,
,13.562,9.217,0.001
7627,9.930,,,
,11.506,7.279,0.002
7628,10.169,,,
,10.310,7.295,0.002
7629,9.968,,,
,12.125,8.764,0.001
7630,9.362,,,
,12.203,7.440,0.002
7631,10.589,,,
,10.961,6.685,0.002
7632,29.333,,,
,14.240,9.042,0.001
7633,11.015,,,
,10.961,6.685,0.002
7634,12.078,,,
,8.454,6.672,0.002
7635,26.182,,,
,9.149,5.874,0.000
7636,11.069,,,
,8.454,6.672,0.002
7637,12.366,,,
,11.000,7.571,0.001
7638,9.650,,,
,10.714,6.455,0.000
7639,12.128,,,
,9.812,6.686,0.000
7640,11.252,,,
,10.945,7.098,0.001
7641,10.871,,,
,11.547,8.694,0.001
7642,13.731,,,
,13.427,9.051,0.001
7643,17.326,,,
,13.013,6.789,0.000
7644,14.822,,,
,10.313,8.073,0.000
7645,15.438,,,
,12.787,9.667,0.000
7646,8.448,,,
,11.131,7.403,0.002
7647,9.665,,,
,10.574,7.454,0.000
7648,14.359,,,
,12.561,9.109,0.000
7649,9.868,,,
,11.022,6.902,0.000
7650,9.504,,,
,11.239,8.103,0.002
7651,11.812,,,
,12.588,9.522,0.001
7652,8.728,,,
,12.793,7.626,0.002
7653,10.434,,,
,10.865,7.682,0.001
7654,12.531,,,
,12.531,9.260,0.001
7655,9.923,,,
,11.850,6.779,0.001
7656,10.329,,,
,10.073,7.686,0.001
7657,13.526,,,
,13.332,8.551,0.000
7658,9.393,,,
,10.741,7.520,0.000
7659,7.825,,,
,11.393,7.501,0.001
7660,8.744,,,
,12.765,8.937,0.000
7661,12.090,,,
,12.346,7.465,0.009
7662,11.384,,,
,11.161,7.469,0.000
7663,33.165,,,
,13.514,9.038,0.001
7664,11.352,,,
,11.161,7.469,0.000
7665,9.647,,,
,8.640,5.999,0.001
7666,10.836,,,
,9.399,6.443,0.001
7667,8.040,,,
,9.470,6.669,0.002
7668,9.723,,,
,11.413,9.177,0.002
7669,9.780,,,
,13.500,7.587,0.001
7670,8.778,,,
,11.847,8.767,0.001
7671,9.837,,,
,13.755,9.072,0.001
7672,9.875,,,
,11.713,8.018,0.002
7673,9.688,,,
,11.320,8.014,0.000
7674,12.896,,,
,13.163,8.787,0.001
7675,9.041,,,
,10.962,6.883,0.001
7676,9.969,,,
,11.230,8.370,0.001
7677,11.291,,,
,13.071,9.067,0.000
7678,7.504,,,
,12.563,7.709,0.004
7679,10.493,,,
,11.120,7.882,0.000
7680,8.762,,,
,13.301,9.029,0.001
7681,11.316,,,
,11.407,7.575,0.001
7682,7.713,,,
,12.085,8.929,0.001
7683,12.945,,,
,13.192,8.785,0.002
7684,14.033,,,
,11.901,6.715,0.001
7685,11.320,,,
,10.517,8.161,0.002
7686,10.180,,,
,13.489,9.391,0.001
7687,10.740,,,
,11.682,8.077,0.001
7688,10.372,,,
,11.339,8.040,0.000
7689,11.787,,,
,13.068,8.792,0.001
7690,9.324,,,
,12.382,6.784,0.000
7691,9.752,,,
,8.974,5.880,0.002
7692,12.722,,,
,11.405,8.379,0.000
7693,8.685,,,
,12.739,7.252,0.000
7694,9.038,,,
,11.561,8.811,0.000
7695,12.086,,,
,13.215,9.563,0.001
7696,7.872,,,
,12.765,7.288,0.001
7697,9.085,,,
,10.834,7.800,0.001
7698,13.433,,,
,13.288,9.175,0.000
7699,9.088,,,
,11.023,7.635,0.000
7700,9.518,,,
,10.843,7.696,0.002
7701,10.571,,,
,12.521,9.155,0.001
7702,8.845,,,
,12.169,7.420,0.001
7703,8.985,,,
,11.321,9.399,0.000
7704,10.385,,,
,13.776,8.919,0.002
7705,7.903,,,
,11.982,7.844,0.001
7706,11.401,,,
,11.113,7.375,0.001
7707,8.173,,,
,13.121,8.829,0.000
7708,10.879,,,
,12.000,7.527,0.001
7709,10.473,,,
,11.590,9.638,0.000
7710,16.166,,,
,13.500,9.459,0.001
7711,8.485,,,
,12.547,6.179,0.001
7712,8.453,,,
,9.475,6.689,0.001
7713,10.853,,,
,9.454,7.152,0.001
7714,9.864,,,
,12.082,7.994,0.001
7715,11.123,,,
,12.882,8.675,0.000
7716,12.431,,,
,13.241,8.804,0.001
7717,9.554,,,
,11.706,6.696,0.001
7718,11.751,,,
,10.277,8.813,0.000
7719,12.252,,,
,13.778,9.204,0.002
7720,8.614,,,
,11.802,7.779,0.001
7721,7.987,,,
,10.856,7.758,0.002
7722,16.484,,,
,13.290,8.911,0.002
7723,9.930,,,
,10.451,7.229,0.001
7724,8.979,,,
,10.865,7.677,0.002
7725,12.912,,,
,12.240,9.248,0.001
7726,9.030,,,
,12.003,6.709,0.002
7727,14.973,,,
,11.677,7.720,0.001
7728,31.391,,,
,13.772,9.209,0.001
7729,10.298,,,
,11.677,7.720,0.001
7730,9.485,,,
,9.771,6.397,0.001
7731,12.236,,,
,9.796,8.354,0.001
7732,11.606,,,
,11.112,7.737,0.001
7733,10.365,,,
,11.639,7.695,0.002
7734,12.079,,,
,13.075,9.042,0.001
7735,10.721,,,
,12.098,6.888,0.002
7736,8.819,,,
,10.808,8.529,0.001
7737,11.541,,,
,13.375,9.071,0.001
7738,8.328,,,
,11.677,7.827,0.001
7739,9.261,,,
,10.859,7.702,0.000
7740,13.375,,,
,12.678,9.156,0.001
7741,9.234,,,
,11.240,7.107,0.000
7742,9.553,,,
,11.334,8.905,0.002
7743,12.592,,,
,13.311,9.050,0.002
7744,10.622,,,
,12.564,6.936,0.001
7745,9.090,,,
,10.546,8.333,0.002
7746,12.942,,,
,13.318,9.048,0.002
7747,9.225,,,
,11.142,7.688,0.002
7748,13.090,,,
,11.113,7.324,0.002
7749,11.627,,,
,12.570,9.156,0.000
7750,8.259,,,
,11.866,7.089,0.001
7751,8.823,,,
,11.150,8.923,0.002
7752,13.058,,,
,13.595,9.070,0.000
7753,7.979,,,
,12.354,7.207,0.001
7754,9.941,,,
,10.308,7.767,0.001
7755,12.520,,,
,13.304,9.001,0.000
7756,10.074,,,
,10.863,7.513,0.000
7757,10.576,,,
,11.388,8.019,0.001
7758,12.518,,,
,12.991,9.069,0.001
7759,9.345,,,
,11.992,6.898,0.001
7760,8.928,,,
,10.809,8.482,0.000
7761,12.859,,,
,13.571,9.204,0.001
7762,9.983,,,
,10.397,5.866,0.002
7763,7.369,,,
,9.228,8.397,0.001
7764,11.584,,,
,11.970,10.228,0.001
7765,8.889,,,
,12.149,7.852,0.002
7766,9.292,,,
,11.313,7.579,0.001
7767,13.282,,,
,13.118,8.869,0.002
7768,7.834,,,
,10.945,7.239,0.001
7769,14.165,,,
,11.622,7.846,0.001
7770,10.684,,,
,12.612,8.916,0.001
7771,11.116,,,
,12.348,7.330,0.000
7772,9.289,,,
,10.867,8.493,0.002
7773,13.692,,,
,13.386,9.394,0.000
7774,8.627,,,
,11.026,7.549,0.001
7775,8.366,,,
,10.571,7.463,0.002
7776,12.487,,,
,12.399,9.080,0.002
7777,9.126,,,
,11.797,6.887,0.001
7778,7.659,,,
,10.597,9.169,0.002
7779,12.570,,,
,13.709,9.081,0.000
7780,8.665,,,
,12.545,7.403,0.002
7781,12.518,,,
,10.833,7.647,0.000
7782,13.852,,,
,13.293,9.032,0.001
7783,7.825,,,
,10.723,7.520,0.001
7784,7.704,,,
,11.431,8.295,0.000
7785,10.475,,,
,13.619,9.641,0.001
7786,12.420,,,
,11.304,7.415,0.001
7787,9.800,,,
,11.784,8.819,0.002
7788,12.716,,,
,13.269,8.939,0.001
7789,13.234,,,
,11.955,6.691,0.002
7790,11.186,,,
,10.286,8.458,0.000
7791,13.909,,,
,13.215,9.726,0.000
7792,9.143,,,
,11.508,7.485,0.000
7793,8.882,,,
,10.827,7.133,0.001
7794,12.237,,,
,12.561,9.086,0.001
7795,8.106,,,
,11.601,7.067,0.000
7796,7.360,,,
,11.295,9.021,0.001
7797,13.227,,,
,13.361,8.917,0.000
7798,11.489,,,
,12.567,6.831,0.001
7799,10.220,,,
,10.318,7.582,0.001
7800,11.111,,,
,12.986,9.793,0.001
7801,9.338,,,
,11.463,7.973,0.001
7802,9.172,,,
,11.437,8.135,0.000
7803,10.404,,,
,13.167,8.922,0.001
7804,9.286,,,
,11.950,7.265,0.002
7805,7.451,,,
,11.966,8.104,0.000
7806,29.452,,,
,13.508,8.933,0.002
7807,10.079,,,
,11.966,8.104,0.000
7808,11.178,,,
,10.232,6.568,0.000
7809,9.504,,,
,10.307,8.101,0.002
7810,15.974,,,
,11.181,7.581,0.001
7811,11.765,,,
,12.349,8.497,0.001
7812,16.374,,,
,13.122,8.794,0.000
7813,8.563,,,
,11.270,6.144,0.002
7814,8.698,,,
,9.456,8.110,0.002
7815,11.306,,,
,13.443,9.740,0.002
7816,8.264,,,
,11.980,7.933,0.001
7817,9.538,,,
,11.324,7.524,0.001
7818,9.459,,,
,12.916,8.732,0.000
7819,11.557,,,
,11.963,7.403,0.000
7820,9.945,,,
,11.518,9.668,0.002
7821,11.631,,,
,13.943,9.079,0.001
7822,9.924,,,
,13.022,7.527,0.001
7823,11.093,,,
,10.861,8.456,0.002
7824,12.446,,,
,13.404,9.640,0.001
7825,11.878,,,
,11.388,7.893,0.000
7826,10.083,,,
,11.344,7.500,0.001
7827,12.665,,,
,13.006,8.818,0.001
7828,9.520,,,
,11.482,6.909,0.001
7829,10.423,,,
,10.607,9.581,0.001
7830,12.060,,,
,13.634,9.660,0.001
7831,13.731,,,
,12.797,7.201,0.000
7832,12.261,,,
,10.831,7.832,0.000
7833,15.058,,,
,12.787,9.689,0.001
7834,9.892,,,
,11.027,7.451,0.001
7835,10.107,,,
,10.556,7.434,0.002
7836,13.744,,,
,12.387,9.055,0.002
7837,8.567,,,
,12.802,8.915,0.001
7838,10.352,,,
,11.450,8.022,0.001
7839,12.913,,,
,13.026,8.780,0.001
7840,9.830,,,
,11.352,6.709,0.002
7841,8.549,,,
,10.572,8.716,0.001
7842,11.936,,,
,13.420,9.222,0.001
7843,9.498,,,
,12.350,7.733,0.000
7844,7.407,,,
,11.150,7.616,0.001
7845,14.932,,,
,13.298,8.909,0.002
7846,9.925,,,
,10.726,7.419,0.001
7847,8.184,,,
,11.369,7.551,0.001
7848,12.501,,,
,12.825,8.938,0.000
7849,10.106,,,
,11.874,6.707,0.002
7850,9.659,,,
,10.289,8.822,0.001
7851,12.897,,,
,13.775,9.219,0.001
7852,14.833,,,
,11.985,7.589,0.002
7853,9.991,,,
,10.827,7.129,0.002
7854,12.806,,,
,12.638,9.322,0.000
7855,9.615,,,
,11.252,7.233,0.000
7856,8.139,,,
,11.592,8.774,0.001
7857,9.869,,,
,12.994,9.400,0.001
7858,9.831,,,
,12.361,7.465,0.001
7859,9.263,,,
,11.311,8.218,0.001
7860,12.651,,,
,13.178,9.544,0.000
7861,9.954,,,
,11.013,7.674,0.001
7862,9.130,,,
,12.299,7.427,0.001
7863,30.220,,,
,12.937,8.906,0.000
7864,8.320,,,
,10.356,6.731,0.001
7865,27.650,,,
,10.377,7.245,0.001
7866,10.645,,,
,10.103,7.088,0.000
7867,25.839,,,
,9.896,6.341,0.002
7868,26.588,,,
,10.103,7.088,0.000
7869,9.003,,,
,9.896,6.341,0.002
7870,9.560,,,
,8.573,5.869,0.000
7871,8.780,,,
,9.269,7.749,0.001
7872,17.467,,,
,12.192,8.085,0.000
7873,10.444,,,
,9.653,6.489,0.003
7874,10.883,,,
,9.253,6.488,0.001
7875,14.175,,,
,11.178,9.019,0.000
7876,15.653,,,
,12.906,6.889,0.002
7877,15.317,,,
,10.847,8.678,0.002
7878,12.076,,,
,13.203,9.769,0.002
7879,9.483,,,
,12.358,7.455,0.000
7880,9.105,,,
,10.558,7.821,0.001
7881,15.435,,,
,13.503,9.155,0.002
7882,9.536,,,
,10.707,7.397,0.002
7883,9.216,,,
,10.832,7.129,0.002
7884,9.127,,,
,12.372,9.253,0.001
7885,10.462,,,
,12.711,7.514,0.002
7886,9.129,,,
,11.726,8.727,0.002
7887,11.691,,,
,13.505,8.919,0.002
7888,8.732,,,
,11.467,7.750,0.001
7889,9.059,,,
,10.857,7.685,0.001
7890,13.294,,,
,12.657,9.175,0.001
7891,10.263,,,
,11.338,7.084,0.000
7892,8.708,,,
,11.308,8.901,0.001
7893,13.128,,,
,13.375,9.090,0.002
7894,9.897,,,
,12.440,6.715,0.001
7895,10.072,,,
,10.549,7.982,0.001
7896,14.100,,,
,12.801,9.766,0.001
7897,9.755,,,
,11.485,7.540,0.001
7898,10.314,,,
,10.834,7.158,0.000
7899,11.660,,,
,12.524,9.067,0.001
7900,9.314,,,
,11.730,7.098,0.001
7901,9.557,,,
,11.425,8.921,0.000
7902,10.604,,,
,13.603,9.064,0.001
7903,10.210,,,
,12.781,8.916,0.001
7904,9.163,,,
,13.888,9.081,0.001
7905,12.942,,,
,13.406,9.431,0.002
7906,9.692,,,
,12.353,7.433,0.001
7907,9.551,,,
,10.588,7.791,0.001
7908,9.971,,,
,13.506,9.161,0.000
7909,8.467,,,
,11.393,7.575,0.001
7910,9.264,,,
,12.225,8.348,0.001
7911,12.154,,,
,13.233,8.912,0.002
7912,11.399,,,
,12.096,6.892,0.001
7913,12.614,,,
,10.821,8.364,0.000
7914,12.204,,,
,13.592,9.221,0.001
7915,8.549,,,
,11.507,7.731,0.001
7916,9.844,,,
,11.139,7.345,0.002
7917,10.247,,,
,12.816,8.691,0.001
7918,11.724,,,
,11.998,7.418,0.002
7919,9.859,,,
,11.481,9.619,0.002
7920,12.860,,,
,13.531,9.415,0.002
7921,9.406,,,
,12.548,7.160,0.000
7922,10.749,,,
,10.552,8.221,0.002
7923,13.155,,,
,13.486,9.050,0.002
7924,8.454,,,
,11.002,7.670,0.000
7925,8.565,,,
,11.813,6.711,0.002
7926,31.805,,,
,12.517,9.130,0.000
7927,10.563,,,
,11.813,6.711,0.002
7928,8.298,,,
,10.822,7.219,0.002
7929,11.217,,,
,9.304,6.247,0.002
7930,8.183,,,
,9.629,7.494,0.001
7931,11.594,,,
,13.189,9.782,0.002
7932,10.117,,,
,11.411,7.738,0.001
7933,8.627,,,
,11.793,7.792,0.000
7934,16.666,,,
,12.940,8.932,0.002
7935,13.394,,,
,10.995,6.392,0.001
7936,10.456,,,
,9.813,8.806,0.000
7937,11.786,,,
,12.936,10.022,0.000
7938,7.885,,,
,12.581,7.630,0.001
7939,10.227,,,
,11.133,7.791,0.001
7940,13.229,,,
,13.279,9.001,0.003
7941,10.351,,,
,10.785,7.508,0.002
7942,8.493,,,
,12.393,7.424,0.005
7943,29.985,,,
,13.073,9.065,0.000
7944,9.999,,,
,12.393,7.424,0.005
7945,8.747,,,
,10.365,7.254,0.001
7946,11.924,,,
,10.896,7.711,0.000
7947,10.280,,,
,12.348,7.075,0.001
7948,8.907,,,
,10.311,7.788,0.001
7949,9.791,,,
,13.302,9.125,0.001
7950,9.101,,,
,11.376,7.557,0.002
7951,9.315,,,
,12.061,8.081,0.001
7952,11.098,,,
,12.751,9.272,0.001
7953,9.988,,,
,12.345,7.088,0.000
7954,9.280,,,
,10.873,8.619,0.001
7955,16.319,,,
,13.520,9.065,0.001
7956,13.865,,,
,11.373,7.114,0.002
7957,10.490,,,
,11.411,7.243,0.001
7958,31.431,,,
,13.041,8.939,0.000
7959,8.984,,,
,11.411,7.243,0.001
7960,10.070,,,
,11.829,7.395,0.001
7961,8.872,,,
,9.152,6.154,0.000
7962,9.927,,,
,9.466,8.378,0.001
7963,13.605,,,
,13.257,9.861,0.002
7964,10.466,,,
,11.694,7.541,0.000
7965,9.374,,,
,10.843,7.174,0.000
7966,12.434,,,
,12.748,9.249,0.001
7967,9.472,,,
,11.367,7.107,0.002
7968,7.609,,,
,12.788,7.510,0.001
7969,30.875,,,
,13.386,9.062,0.002
7970,8.428,,,
,12.788,7.510,0.001
7971,10.728,,,
,9.742,6.715,0.001
7972,8.596,,,
,10.620,7.205,0.001
7973,8.388,,,
,10.042,7.150,0.000
7974,10.056,,,
,12.238,8.494,0.001
7975,7.751,,,
,12.594,7.511,0.001
7976,7.647,,,
,11.761,8.941,0.001
7977,10.517,,,
,13.260,9.345,0.001
7978,9.328,,,
,11.985,7.856,0.002
7979,8.749,,,
,11.115,7.355,0.001
7980,13.586,,,
,13.286,8.970,0.001
7981,10.076,,,
,11.028,7.078,0.000
7982,9.386,,,
,11.673,8.273,0.001
7983,11.331,,,
,12.903,9.415,0.001
7984,8.125,,,
,12.541,6.919,0.002
7985,9.753,,,
,11.372,7.912,0.002
7986,30.953,,,
,12.803,9.605,0.002
7987,3.885,,,
,11.372,7.912,0.002
7988,5.666,,,
,10.604,7.143,0.002
7989,2.094,,,
,10.155,7.079,0.001
7990,3.038,,,
,10.864,8.755,0.001
7991,4.149,,,
,13.701,8.926,0.002
7992,3.123,,,
,11.760,7.814,0.001
7993,3.652,,,
,12.363,8.092,0.000
7994,26.597,,,
,13.627,9.583,0.001
7995,2.843,,,
,12.363,8.092,0.000
7996,2.819,,,
,11.011,7.770,0.001
7997,3.179,,,
,12.197,8.073,0.000
7998,5.370,,,
,12.177,8.362,0.001
7999,4.458,,,
,12.154,7.803,0.002
8000,25.446,,,
,13.706,9.056,0.000
8001,2.828,,,
,12.154,7.803,0.002
8002,2.517,,,
,11.156,7.824,0.000
8003,3.080,,,
,12.802,8.928,0.001
8004,3.185,,,
,12.692,8.906,0.001
8005,2.482,,,
,12.483,8.917,0.001
8006,5.003,,,
,13.091,8.804,0.001
8007,4.138,,,
,12.528,8.056,0.000
8008,4.954,,,
,12.293,9.388,0.002
8009,3.600,,,
,13.397,9.395,0.001
8010,3.839,,,
,11.927,8.200,0.001
8011,3.349,,,
,11.963,7.924,0.000
8012,26.085,,,
,13.031,8.679,0.002
8013,3.273,,,
,11.963,7.924,0.000
8014,4.012,,,
,10.828,7.582,0.002
8015,3.435,,,
,11.545,9.150,0.001
8016,4.061,,,
,12.248,8.055,0.000
8017,3.987,,,
,12.837,8.907,0.000
8018,6.790,,,
,13.177,9.322,0.001
8019,3.944,,,
,12.568,8.294,0.000
8020,5.000,,,
,11.762,7.797,0.000
8021,2.904,,,
,11.427,9.087,0.002
8022,2.472,,,
,12.491,8.285,0.001
8023,3.884,,,
,13.060,8.787,0.002
8024,3.840,,,
,13.105,9.279,0.001
8025,2.862,,,
,12.554,8.722,0.002
8026,2.466,,,
,12.220,7.807,0.002
8027,25.883,,,
,13.306,8.823,0.001
8028,2.555,,,
,12.220,7.807,0.002
8029,2.689,,,
,11.148,7.791,0.002
8030,4.244,,,
,12.424,8.937,0.001
8031,3.877,,,
,11.865,8.190,0.001
8032,2.845,,,
,12.788,8.477,0.001
8033,5.509,,,
,13.038,8.657,0.002
8034,3.606,,,
,11.967,8.085,0.001
8035,2.780,,,
,12.060,8.002,0.001
8036,3.768,,,
,12.567,9.499,0.001
8037,2.498,,,
,12.587,8.437,0.000
8038,3.194,,,
,12.435,8.520,0.001
8039,3.455,,,
,13.496,9.030,0.002
8040,2.606,,,
,12.414,8.274,0.001
8041,2.758,,,
,12.367,8.440,0.002
8042,26.860,,,
,13.313,9.263,0.002
8043,3.386,,,
,12.367,8.440,0.002
8044,4.351,,,
,11.029,7.727,0.002
8045,6.024,,,
,12.030,8.344,0.002
8046,3.488,,,
,12.156,7.815,0.000
8047,3.780,,,
,12.357,8.910,0.002
8048,5.801,,,
,13.172,9.261,0.001
8049,4.835,,,
,12.008,8.381,0.001
8050,4.438,,,
,11.791,8.366,0.000
8051,5.668,,,
,12.900,9.146,0.002
8052,4.350,,,
,12.136,7.797,0.001
8053,4.033,,,
,11.308,7.809,0.001
8054,26.055,,,
,13.289,8.791,0.000
8055,2.964,,,
,11.308,7.809,0.001
8056,2.358,,,
,11.018,7.741,0.002
8057,4.357,,,
,12.038,8.022,0.002
8058,2.579,,,
,12.163,8.256,0.002
8059,4.467,,,
,12.201,9.021,0.001
8060,4.665,,,
,13.725,9.064,0.001
8061,3.023,,,
,11.989,7.781,0.001
8062,4.362,,,
,12.557,9.027,0.001
8063,5.502,,,
,13.384,9.431,0.002
8064,3.109,,,
,12.538,8.389,0.002
8065,4.682,,,
,12.039,8.240,0.002
8066,4.284,,,
,12.973,9.399,0.000
8067,3.372,,,
,12.531,8.064,0.002
8068,4.024,,,
,13.315,8.043,0.001
8069,6.590,,,
,13.104,8.768,0.001
8070,4.861,,,
,11.977,8.368,0.002
8071,6.085,,,
,11.596,8.234,0.001
8072,5.950,,,
,12.731,9.144,0.001
8073,4.934,,,
,12.323,8.001,0.000
8074,4.054,,,
,12.142,9.344,0.001
8075,5.330,,,
,13.401,9.419,0.000
8076,3.063,,,
,11.856,8.212,0.000
8077,4.816,,,
,12.252,8.080,0.001
8078,7.312,,,
,12.080,9.437,0.001
8079,4.202,,,
,11.544,8.063,0.000
8080,4.971,,,
,11.507,8.165,0.000
8081,4.930,,,
,12.860,8.786,0.002
8082,4.576,,,
,12.170,8.037,0.002
8083,4.414,,,
,11.484,7.597,0.001
8084,25.299,,,
,13.498,8.919,0.002
8085,3.536,,,
,11.484,7.597,0.001
8086,4.127,,,
,11.676,8.484,0.001
8087,4.591,,,
,12.876,8.495,0.001
8088,5.097,,,
,12.171,8.180,0.002
8089,3.679,,,
,12.218,8.347,0.001
8090,6.535,,,
,13.297,8.873,0.001
8091,4.411,,,
,11.795,7.564,0.000
8092,4.617,,,
,11.820,9.747,0.001
8093,4.866,,,
,13.839,8.915,0.000
8094,4.725,,,
,12.783,8.699,0.000
8095,4.753,,,
,12.203,7.806,0.001
8096,25.621,,,
,13.524,9.017,0.001
8097,3.388,,,
,12.203,7.806,0.001
8098,3.962,,,
,12.608,8.742,0.002
8099,25.715,,,
,12.142,9.726,0.000
8100,4.225,,,
,12.608,8.742,0.002
8101,4.413,,,
,11.502,7.887,0.001
8102,5.306,,,
,11.777,8.741,0.001
8103,3.311,,,
,12.162,7.803,0.001
8104,5.457,,,
,12.229,8.912,0.001
8105,3.710,,,
,13.228,9.450,0.001
8106,2.640,,,
,12.116,8.368,0.001
8107,3.738,,,
,12.670,8.929,0.001
8108,5.921,,,
,13.262,8.788,0.000
8109,4.912,,,
,12.176,7.845,0.001
8110,3.393,,,
,12.042,8.617,0.001
8111,6.649,,,
,13.716,9.075,0.002
8112,4.683,,,
,11.533,7.817,0.002
8113,5.768,,,
,12.151,8.750,0.001
8114,7.982,,,
,12.791,9.237,0.001
8115,5.887,,,
,12.168,7.637,0.001
8116,3.913,,,
,11.610,8.370,0.000
8117,6.316,,,
,13.729,9.071,0.000
8118,3.433,,,
,11.551,7.757,0.001
8119,3.471,,,
,12.229,9.168,0.000
8120,7.434,,,
,13.436,8.927,0.002
8121,4.693,,,
,12.162,7.809,0.000
8122,4.969,,,
,11.258,7.575,0.001
8123,26.663,,,
,13.510,8.915,0.001
8124,3.316,,,
,11.258,7.575,0.001
8125,4.345,,,
,11.377,8.063,0.002
8126,4.154,,,
,11.831,8.364,0.002
8127,4.849,,,
,12.142,8.305,0.002
8128,2.901,,,
,11.648,7.516,0.001
8129,26.419,,,
,13.517,8.915,0.001
8130,3.595,,,
,11.648,7.516,0.001
8131,5.653,,,
,11.125,8.051,0.000
8132,5.947,,,
,12.824,8.580,0.002
8133,4.399,,,
,12.168,8.193,0.002
8134,3.893,,,
,11.533,8.328,0.001
8135,6.827,,,
,13.503,8.994,0.000
8136,4.548,,,
,11.956,7.577,0.001
8137,3.600,,,
,11.787,9.556,0.000
8138,6.814,,,
,13.409,9.343,0.001
8139,4.887,,,
,12.605,8.327,0.001
8140,3.893,,,
,11.853,7.433,0.000
8141,27.364,,,
,13.016,9.269,0.002
8142,3.697,,,
,11.853,7.433,0.000
8143,3.185,,,
,11.069,8.063,0.001
8144,5.684,,,
,12.814,8.571,0.001
8145,4.500,,,
,12.168,8.152,0.001
8146,4.123,,,
,11.797,8.006,0.001
8147,3.909,,,
,12.969,9.310,0.000
8148,3.637,,,
,12.452,8.201,0.001
8149,4.618,,,
,12.546,9.486,0.001
8150,3.613,,,
,13.387,9.437,0.001
8151,3.543,,,
,12.245,8.481,0.001
8152,5.399,,,
,12.822,8.511,0.001
8153,3.965,,,
,13.080,8.703,0.002
8154,3.558,,,
,12.174,8.155,0.001
8155,3.315,,,
,12.448,8.671,0.002
8156,5.090,,,
,13.483,8.923,0.001
8157,5.385,,,
,11.621,7.748,0.000
8158,3.865,,,
,12.330,9.432,0.001
8159,8.288,,,
,13.388,9.386,0.000
8160,4.724,,,
,12.385,7.781,0.000
8161,4.987,,,
,11.723,8.353,0.001
8162,5.517,,,
,13.498,8.910,0.001
8163,3.932,,,
,11.624,7.741,0.000
8164,4.770,,,
,12.283,9.531,0.001
8165,6.927,,,
,13.783,9.047,0.001
8166,4.611,,,
,12.340,7.959,0.001
8167,4.459,,,
,11.556,8.773,0.001
8168,5.888,,,
,13.723,8.923,0.002
8169,4.490,,,
,11.604,7.562,0.001
8170,3.922,,,
,12.362,9.054,0.001
8171,7.136,,,
,13.407,9.382,0.001
8172,5.319,,,
,12.552,8.298,0.001
8173,4.203,,,
,11.402,7.514,0.002
8174,27.090,,,
,13.728,9.056,0.002
8175,6.061,,,
,11.402,7.514,0.002
8176,5.423,,,
,12.049,8.384,0.001
8177,5.559,,,
,11.430,8.160,0.000
8178,4.763,,,
,11.984,7.920,0.001
8179,5.389,,,
,12.182,8.644,0.003
8180,5.452,,,
,13.509,8.923,0.001
8181,4.162,,,
,11.575,7.799,0.002
8182,6.098,,,
,12.449,9.251,0.000
8183,6.043,,,
,13.650,9.062,0.000
8184,4.242,,,
,12.353,8.099,0.001
8185,4.301,,,
,11.769,8.966,0.000
8186,7.276,,,
,13.967,9.062,0.001
8187,6.185,,,
,11.513,7.732,0.001
8188,3.229,,,
,12.176,7.955,0.001
8189,26.672,,,
,13.217,8.770,0.001
8190,3.586,,,
,12.176,7.955,0.001
8191,4.859,,,
,10.832,7.561,0.000
8192,4.944,,,
,11.567,9.170,0.001
8193,5.298,,,
,12.260,8.059,0.002
8194,4.215,,,
,12.605,8.491,0.002
8195,25.589,,,
,13.267,9.421,0.001
8196,3.906,,,
,12.605,8.491,0.002
8197,3.304,,,
,11.357,7.769,0.002
8198,5.176,,,
,12.058,8.550,0.001
8199,5.555,,,
,11.987,7.798,0.000
8200,3.902,,,
,12.575,8.130,0.000
8201,29.611,,,
,13.478,8.929,0.001
8202,3.789,,,
,12.575,8.130,0.000
8203,3.350,,,
,10.624,7.414,0.002
8204,4.670,,,
,11.601,8.429,0.001
8205,3.225,,,
,12.029,7.996,0.001
8206,4.348,,,
,12.723,8.923,0.001
8207,8.585,,,
,13.415,8.772,0.000
8208,4.991,,,
,12.593,8.176,0.000
8209,5.862,,,
,11.341,8.308,0.001
8210,8.007,,,
,13.511,8.919,0.000
8211,4.355,,,
,11.533,7.419,0.002
8212,4.967,,,
,12.120,9.075,0.000
8213,4.459,,,
,13.423,9.590,0.001
8214,5.080,,,
,13.016,8.681,0.002
8215,5.615,,,
,12.280,8.879,0.001
8216,6.491,,,
,13.512,8.923,0.002
8217,5.420,,,
,12.017,7.567,0.001
8218,3.707,,,
,12.567,8.432,0.000
8219,26.528,,,
,13.282,9.262,0.001
8220,4.246,,,
,12.567,8.432,0.000
8221,5.381,,,
,11.164,7.588,0.000
8222,5.208,,,
,11.819,8.458,0.001
8223,4.527,,,
,11.975,7.815,0.000
8224,4.849,,,
,12.416,8.909,0.001
8225,5.825,,,
,13.185,9.335,0.002
8226,3.799,,,
,12.350,8.491,0.001
8227,5.161,,,
,12.309,7.991,0.001
8228,25.320,,,
,12.806,9.110,0.001
8229,4.114,,,
,12.309,7.991,0.001
8230,4.961,,,
,11.139,7.578,0.002
8231,5.383,,,
,11.838,9.671,0.002
8232,3.483,,,
,12.252,8.481,0.002
8233,4.070,,,
,12.180,8.676,0.002
8234,7.922,,,
,12.902,9.155,0.002
8235,4.944,,,
,11.960,7.532,0.001
8236,4.425,,,
,11.427,9.332,0.002
8237,7.524,,,
,13.655,8.926,0.001
8238,4.649,,,
,11.711,8.191,0.001
8239,5.255,,,
,11.688,7.789,0.000
8240,5.073,,,
,13.179,8.919,0.002
8241,6.229,,,
,12.377,8.163,0.002
8242,4.592,,,
,12.165,9.186,0.000
8243,7.435,,,
,13.680,8.907,0.001
8244,5.436,,,
,11.390,7.809,0.001
8245,5.450,,,
,12.057,8.008,0.001
8246,6.193,,,
,12.626,9.144,0.001
8247,5.691,,,
,12.150,7.912,0.001
8248,5.359,,,
,11.327,7.538,0.000
8249,28.819,,,
,13.484,8.913,0.000
8250,4.377,,,
,11.327,7.538,0.000
8251,5.678,,,
,11.360,7.967,0.000
8252,5.211,,,
,11.435,8.132,0.002
8253,5.553,,,
,12.371,8.114,0.001
8254,4.184,,,
,11.401,7.592,0.001
8255,26.113,,,
,13.719,8.911,0.001
8256,4.151,,,
,11.401,7.592,0.001
8257,3.878,,,
,11.940,8.616,0.002
8258,9.339,,,
,12.231,8.613,0.001
8259,4.287,,,
,12.069,7.412,0.001
8260,6.769,,,
,11.343,9.118,0.000
8261,4.726,,,
,13.686,8.919,0.001
8262,4.140,,,
,11.739,8.088,0.001
8263,4.340,,,
,12.920,8.649,0.001
8264,7.766,,,
,13.276,8.779,0.001
8265,5.719,,,
,12.154,7.684,0.001
8266,3.664,,,
,11.702,8.499,0.002
8267,7.142,,,
,13.740,9.052,0.000
8268,4.655,,,
,11.568,7.836,0.000
8269,4.294,,,
,12.158,7.873,0.000
8270,26.957,,,
,13.327,8.907,0.001
8271,4.315,,,
,12.158,7.873,0.000
8272,3.482,,,
,10.799,7.541,0.002
8273,6.633,,,
,11.437,9.220,0.002
8274,6.858,,,
,11.561,7.754,0.001
8275,5.214,,,
,12.334,9.202,0.001
8276,8.509,,,
,13.457,8.919,0.000
8277,4.761,,,
,12.160,7.570,0.002
8278,4.616,,,
,11.337,8.875,0.002
8279,7.881,,,
,13.938,9.065,0.002
8280,5.303,,,
,11.586,8.016,0.002
8281,5.288,,,
,11.941,8.408,0.001
8282,6.764,,,
,12.714,9.135,0.001
8283,4.971,,,
,12.153,7.866,0.001
8284,3.810,,,
,11.694,8.514,0.001
8285,4.616,,,
,13.755,9.051,0.001
8286,5.908,,,
,11.786,7.805,0.001
8287,4.750,,,
,12.526,9.566,0.001
8288,5.910,,,
,13.631,9.632,0.000
8289,5.603,,,
,12.563,8.148,0.001
8290,5.042,,,
,11.903,9.023,0.001
8291,8.469,,,
,13.964,9.052,0.002
8292,6.517,,,
,11.344,7.757,0.002
8293,6.168,,,
,12.034,8.010,0.000
8294,6.876,,,
,12.615,9.132,0.001
8295,5.307,,,
,12.148,7.842,0.002
8296,6.341,,,
,11.705,8.307,0.002
8297,6.838,,,
,13.521,8.911,0.000
8298,5.359,,,
,11.403,7.519,0.001
8299,4.917,,,
,12.325,8.930,0.002
8300,9.093,,,
,13.454,9.561,0.002
8301,4.108,,,
,12.365,7.592,0.001
8302,5.419,,,
,11.609,8.271,0.002
8303,8.577,,,
,13.701,9.056,0.000
8304,5.889,,,
,11.391,7.809,0.000
8305,5.765,,,
,11.884,7.842,0.001
8306,6.020,,,
,12.955,8.933,0.001
8307,5.660,,,
,12.365,8.100,0.001
8308,4.383,,,
,11.884,8.998,0.001
8309,9.297,,,
,13.947,9.058,0.001
8310,5.640,,,
,11.318,7.753,0.001
8311,6.069,,,
,12.088,8.031,0.001
8312,8.411,,,
,12.638,9.167,0.001
8313,5.967,,,
,12.149,7.569,0.000
8314,6.399,,,
,11.326,8.819,0.000
8315,9.883,,,
,13.714,8.919,0.000
8316,5.002,,,
,11.204,7.807,0.002
8317,5.738,,,
,11.751,7.782,0.000
8318,7.349,,,
,12.707,9.279,0.001
8319,4.433,,,
,12.361,7.739,0.001
8320,6.106,,,
,11.838,8.540,0.002
8321,8.305,,,
,13.520,8.914,0.001
8322,5.457,,,
,11.304,7.807,0.001
8323,4.814,,,
,11.886,7.833,0.001
8324,8.411,,,
,12.664,9.350,0.000
8325,6.313,,,
,12.367,7.530,0.001
8326,4.910,,,
,11.242,7.800,0.001
8327,28.911,,,
,13.502,9.079,0.001
8328,10.473,,,
,11.242,7.800,0.001
8329,4.387,,,
,10.711,6.687,0.002
8330,6.159,,,
,10.043,7.592,0.000
8331,6.471,,,
,11.806,7.738,0.000
8332,4.693,,,
,11.784,9.434,0.002
8333,9.244,,,
,13.419,9.435,0.002
8334,6.914,,,
,11.986,8.084,0.002
8335,4.250,,,
,11.592,7.653,0.001
8336,6.460,,,
,13.048,8.837,0.000
8337,5.221,,,
,12.243,7.766,0.001
8338,4.897,,,
,11.989,8.157,0.002
8339,28.480,,,
,13.246,9.421,0.001
8340,4.686,,,
,11.989,8.157,0.002
8341,4.569,,,
,10.608,7.401,0.000
8342,7.397,,,
,11.597,8.126,0.002
8343,5.230,,,
,11.880,7.574,0.000
8344,4.265,,,
,11.665,9.625,0.001
8345,8.974,,,
,13.525,9.486,0.000
8346,6.096,,,
,12.568,8.091,0.001
8347,4.661,,,
,11.328,8.367,0.002
8348,7.759,,,
,13.727,8.935,0.000
8349,6.403,,,
,11.458,7.409,0.001
8350,7.306,,,
,12.173,8.936,0.000
8351,6.370,,,
,13.643,9.078,0.000
8352,6.193,,,
,12.559,8.262,0.002
8353,5.945,,,
,12.064,8.419,0.001
8354,6.466,,,
,13.700,9.077,0.001
8355,4.887,,,
,11.718,7.583,0.001
8356,5.083,,,
,12.111,9.728,0.002
8357,7.738,,,
,13.957,9.241,0.002
8358,7.077,,,
,12.566,7.858,0.002
8359,6.746,,,
,11.453,8.804,0.001
8360,8.214,,,
,13.965,9.066,0.001
8361,5.072,,,
,11.427,7.736,0.001
8362,4.865,,,
,12.303,8.307,0.001
8363,7.080,,,
,12.859,9.271,0.001
8364,5.814,,,
,12.170,7.844,0.002
8365,4.319,,,
,11.799,8.407,0.001
8366,8.173,,,
,13.720,9.075,0.001
8367,7.591,,,
,11.330,7.574,0.000
8368,5.157,,,
,12.160,7.582,0.001
8369,28.496,,,
,10.225,6.887,0.002
8370,24.403,,,
,12.160,7.582,0.001
8371,7.246,,,
,10.225,6.887,0.002
8372,7.786,,,
,11.000,7.754,0.001
8373,4.955,,,
,11.178,7.335,0.001
8374,8.629,,,
,12.429,9.340,0.002
8375,6.687,,,
,12.370,7.535,0.001
8376,4.861,,,
,11.710,8.764,0.001
8377,8.290,,,
,13.722,9.070,0.001
8378,5.340,,,
,11.535,8.033,0.002
8379,5.937,,,
,11.447,8.129,0.002
8380,6.518,,,
,12.859,8.793,0.001
8381,6.822,,,
,12.372,7.932,0.001
8382,5.562,,,
,12.207,8.674,0.001
8383,5.545,,,
,13.534,8.921,0.001
8384,6.178,,,
,11.567,7.812,0.001
8385,5.641,,,
,12.130,7.238,0.001
8386,29.345,,,
,13.192,9.259,0.001
8387,4.614,,,
,12.130,7.238,0.001
8388,5.215,,,
,10.135,6.889,0.001
8389,7.836,,,
,10.440,7.413,0.003
8390,5.080,,,
,12.366,7.475,0.000
8391,29.899,,,
,13.088,8.915,0.000
8392,6.709,,,
,12.366,7.475,0.000
8393,6.045,,,
,9.966,6.713,0.001
8394,7.880,,,
,10.311,9.310,0.001
8395,6.639,,,
,11.970,8.074,0.001
8396,4.860,,,
,12.249,8.094,0.001
8397,7.057,,,
,12.732,9.165,0.002
8398,7.952,,,
,12.182,7.733,0.001
8399,6.268,,,
,11.832,8.460,0.002
8400,9.361,,,
,13.489,8.909,0.000
8401,5.686,,,
,11.203,7.744,0.000
8402,6.242,,,
,11.770,7.789,0.000
8403,9.137,,,
,12.816,8.794,0.000
8404,6.612,,,
,12.159,7.587,0.002
8405,7.164,,,
,11.311,8.884,0.002
8406,7.612,,,
,13.935,9.064,0.002
8407,5.706,,,
,11.447,7.798,0.000
8408,5.056,,,
,12.338,8.278,0.001
8409,8.759,,,
,12.896,9.321,0.002
8410,5.863,,,
,12.384,7.545,0.001
8411,5.443,,,
,11.646,8.479,0.000
8412,6.967,,,
,13.518,8.949,0.000
8413,8.006,,,
,11.461,7.791,0.000
8414,6.738,,,
,12.352,8.291,0.000
8415,5.909,,,
,13.021,8.778,0.001
8416,7.382,,,
,12.175,8.065,0.001
8417,5.079,,,
,12.072,8.291,0.001
8418,5.374,,,
,13.521,9.032,0.000
8419,6.450,,,
,12.036,7.809,0.000
8420,5.078,,,
,12.573,9.077,0.002
8421,6.920,,,
,13.397,9.412,0.001
8422,7.613,,,
,12.554,8.199,0.001
8423,5.229,,,
,11.560,8.536,0.000
8424,8.478,,,
,13.188,9.378,0.002
8425,5.923,,,
,11.461,7.434,0.002
8426,5.169,,,
,12.159,8.673,0.002
8427,6.186,,,
,13.513,9.058,0.000
8428,5.877,,,
,12.353,8.184,0.000
8429,8.278,,,
,11.756,8.782,0.001
8430,9.781,,,
,13.388,9.431,0.001
8431,5.871,,,
,11.178,7.398,0.001
8432,6.282,,,
,11.744,8.753,0.000
8433,7.525,,,
,12.770,9.124,0.002
8434,7.426,,,
,12.168,7.877,0.002
8435,4.768,,,
,11.711,8.258,0.002
8436,7.449,,,
,13.527,8.926,0.002
8437,7.160,,,
,11.397,7.522,0.001
8438,5.061,,,
,12.250,8.792,0.002
8439,7.399,,,
,13.549,9.069,0.001
8440,6.596,,,
,12.551,8.209,0.001
8441,6.658,,,
,11.553,8.706,0.002
8442,8.608,,,
,13.396,9.432,0.001
8443,7.257,,,
,11.344,7.558,0.002
8444,5.088,,,
,12.161,7.113,0.002
8445,30.260,,,
,13.146,8.779,0.002
8446,5.000,,,
,12.161,7.113,0.002
8447,7.117,,,
,9.887,6.713,0.001
8448,4.940,,,
,10.511,7.418,0.002
8449,6.508,,,
,12.180,7.871,0.001
8450,27.972,,,
,10.520,7.074,0.002
8451,23.793,,,
,12.180,7.871,0.001
8452,5.056,,,
,10.520,7.074,0.002
8453,7.222,,,
,10.155,7.072,0.004
8454,4.864,,,
,12.376,7.956,0.001
8455,29.961,,,
,13.475,9.557,0.001
8456,5.410,,,
,12.376,7.956,0.001
8457,9.881,,,
,10.345,7.088,0.001
8458,5.635,,,
,10.836,8.774,0.001
8459,6.301,,,
,12.013,7.791,0.001
8460,4.880,,,
,12.595,7.813,0.001
8461,29.904,,,
,13.402,9.437,0.000
8462,5.446,,,
,12.595,7.813,0.001
8463,5.222,,,
,10.232,6.892,0.001
8464,6.413,,,
,10.400,7.510,0.000
8465,6.626,,,
,12.086,8.262,0.000
8466,7.708,,,
,12.730,9.364,0.001
8467,5.535,,,
,12.596,8.080,0.002
8468,6.668,,,
,11.613,7.572,0.002
8469,26.198,,,
,13.397,9.465,0.002
8470,5.154,,,
,11.036,7.463,0.000
8471,25.261,,,
,11.969,8.487,0.000
8472,6.564,,,
,10.055,7.086,0.001
8473,25.114,,,
,10.245,6.699,0.001
8474,5.779,,,
,10.055,7.086,0.001
8475,7.365,,,
,10.809,7.568,0.001
8476,5.507,,,
,11.361,7.998,0.000
8477,5.515,,,
,11.372,8.010,0.000
8478,10.545,,,
,13.167,9.058,0.000
8479,8.255,,,
,12.006,7.245,0.001
8480,5.182,,,
,11.338,8.852,0.000
8481,6.645,,,
,13.720,9.075,0.000
8482,7.784,,,
,12.033,8.362,0.001
8483,6.849,,,
,12.227,8.075,0.002
8484,8.532,,,
,12.858,9.131,0.001
8485,5.265,,,
,11.919,7.522,0.000
8486,5.623,,,
,11.819,7.807,0.001
8487,30.953,,,
,13.570,9.447,0.001
8488,8.366,,,
,9.658,7.084,0.002
8489,23.732,,,
,9.452,6.147,0.002
8490,6.184,,,
,9.894,6.571,0.001
8491,24.684,,,
,9.413,6.553,0.001
8492,22.273,,,
,9.894,6.571,0.001
8493,5.735,,,
,9.413,6.553,0.001
8494,8.735,,,
,9.634,6.761,0.002
8495,5.493,,,
,12.574,7.732,0.000
8496,28.703,,,
,12.691,9.295,0.001
8497,5.592,,,
,12.574,7.732,0.000
8498,9.073,,,
,12.329,7.733,0.001
8499,30.934,,,
,10.129,6.883,0.001
8500,22.950,,,
,9.898,6.899,0.001
8501,24.164,,,
,10.612,7.168,0.000
8502,26.111,,,
,9.898,6.899,0.001
8503,6.400,,,
,9.177,6.275,0.002
8504,24.418,,,
,9.827,7.086,0.001
8505,22.939,,,
,10.000,6.581,0.002
8506,23.196,,,
,9.827,7.086,0.001
8507,8.702,,,
,9.628,6.597,0.002
8508,24.762,,,
,8.957,5.882,0.002
8509,24.348,,,
,9.476,6.692,0.001
8510,25.655,,,
,9.878,6.755,0.002
8511,24.846,,,
,9.476,6.692,0.001
8512,6.755,,,
,9.878,6.755,0.002
8513,9.214,,,
,9.188,6.383,0.001
8514,8.399,,,
,9.779,6.931,0.001
8515,8.289,,,
,12.160,8.471,0.001
8516,5.835,,,
,11.748,8.026,0.002
8517,8.546,,,
,13.014,9.065,0.002
8518,6.096,,,
,12.372,7.534,0.001
8519,6.476,,,
,11.356,7.857,0.002
8520,30.888,,,
,9.978,6.261,0.000
8521,25.634,,,
,9.356,6.682,0.001
8522,23.405,,,
,9.978,6.261,0.000
8523,5.527,,,
,9.356,6.682,0.001
8524,6.490,,,
,10.537,7.394,0.001
8525,8.353,,,
,10.616,7.283,0.000
8526,5.452,,,
,10.818,7.138,0.001
8527,7.022,,,
,12.389,9.130,0.002
8528,6.102,,,
,12.573,7.863,0.002
8529,5.756,,,
,11.904,9.180,0.001
8530,10.595,,,
,13.703,9.066,0.002
8531,5.525,,,
,11.500,7.864,0.000
8532,5.717,,,
,10.882,7.658,0.002
8533,11.241,,,
,12.559,9.050,0.000
8534,8.694,,,
,12.051,7.406,0.002
8535,6.211,,,
,12.568,8.098,0.002
8536,29.728,,,
,13.514,9.443,0.000
8537,6.501,,,
,12.568,8.098,0.002
8538,6.034,,,
,10.379,6.894,0.002
8539,9.161,,,
,9.900,6.894,0.000
8540,5.927,,,
,11.302,8.604,0.001
8541,9.994,,,
,13.284,9.067,0.002
8542,12.018,,,
,12.376,7.833,0.001
8543,6.857,,,
,11.318,7.409,0.001
8544,30.070,,,
,13.103,8.890,0.001
8545,7.230,,,
,11.318,7.409,0.001
8546,9.917,,,
,11.668,8.013,0.001
8547,11.322,,,
,11.070,7.847,0.001
8548,10.460,,,
,11.522,6.914,0.001
8549,6.864,,,
,11.847,8.274,0.001
8550,31.331,,,
,12.166,8.250,0.001
8551,27.107,,,
,10.632,7.080,0.000
8552,25.264,,,
,9.812,6.711,0.001
8553,24.471,,,
,10.563,7.391,0.002
8554,24.445,,,
,10.641,7.361,0.002
8555,24.642,,,
,10.563,7.391,0.002
8556,7.339,,,
,9.411,6.570,0.000
8557,22.638,,,
,10.065,6.562,0.002
8558,5.860,,,
,9.411,6.570,0.000
8559,8.520,,,
,10.167,7.408,0.002
8560,5.488,,,
,11.333,8.057,0.000
8561,10.735,,,
,13.225,9.048,0.000
8562,10.086,,,
,12.069,7.254,0.002
8563,8.317,,,
,11.056,9.018,0.001
8564,7.155,,,
,13.773,9.065,0.001
8565,5.549,,,
,11.862,8.258,0.001
8566,6.155,,,
,12.099,8.021,0.000
8567,9.211,,,
,12.809,9.116,0.002
8568,9.864,,,
,11.893,7.414,0.000
8569,11.704,,,
,11.983,8.045,0.001
8570,29.485,,,
,13.554,9.425,0.002
8571,5.693,,,
,11.983,8.045,0.001
8572,7.018,,,
,10.640,7.287,0.001
8573,8.239,,,
,11.348,8.203,0.002
8574,9.641,,,
,11.439,7.430,0.001
8575,5.897,,,
,11.939,9.073,0.001
8576,11.462,,,
,13.377,9.433,0.000
8577,9.040,,,
,12.587,7.089,0.001
8578,7.372,,,
,10.577,7.470,0.002
8579,10.206,,,
,11.101,9.546,0.000
8580,7.837,,,
,12.805,7.914,0.000
8581,6.242,,,
,11.060,8.252,0.001
8582,8.319,,,
,13.194,9.372,0.000
8583,8.027,,,
,11.404,7.410,0.002
8584,7.778,,,
,12.194,8.690,0.002
8585,9.611,,,
,13.343,8.925,0.002
8586,8.452,,,
,12.354,7.512,0.001
8587,8.281,,,
,11.381,7.969,0.002
8588,30.331,,,
,11.347,8.897,0.001
8589,5.786,,,
,11.381,7.969,0.002
8590,6.956,,,
,10.607,6.999,0.001
8591,7.175,,,
,9.813,6.704,0.002
8592,6.720,,,
,11.585,8.064,0.001
8593,28.923,,,
,13.418,9.752,0.001
8594,5.789,,,
,11.585,8.064,0.001
8595,9.520,,,
,10.808,7.258,0.001
8596,5.911,,,
,9.903,6.572,0.001
8597,6.150,,,
,10.065,8.872,0.001
8598,10.542,,,
,14.023,9.399,0.001
8599,6.603,,,
,11.832,7.968,0.001
8600,6.596,,,
,11.616,7.074,0.002
8601,30.130,,,
,12.910,8.741,0.001
8602,8.342,,,
,11.616,7.074,0.002
8603,7.040,,,
,11.135,7.728,0.002
8604,13.570,,,
,10.174,6.919,0.001
8605,10.035,,,
,10.208,7.582,0.001
8606,9.600,,,
,13.288,9.059,0.002
8607,6.366,,,
,11.568,7.425,0.001
8608,6.194,,,
,12.192,8.801,0.002
8609,10.145,,,
,13.532,9.066,0.000
8610,6.514,,,
,12.529,6.288,0.001
8611,7.509,,,
,9.606,7.457,0.001
8612,10.958,,,
,12.623,9.554,0.001
8613,6.000,,,
,11.578,7.579,0.001
8614,6.705,,,
,12.194,8.305,0.000
8615,8.582,,,
,12.772,9.122,0.001
8616,8.735,,,
,12.190,7.583,0.000
8617,6.080,,,
,11.332,8.678,0.001
8618,10.649,,,
,13.660,9.550,0.001
8619,6.500,,,
,11.369,7.989,0.001
8620,6.803,,,
,11.612,7.686,0.001
8621,9.834,,,
,13.122,8.932,0.001
8622,8.841,,,
,11.991,7.240,0.001
8623,7.979,,,
,11.325,7.735,0.001
8624,7.132,,,
,13.495,8.826,0.000
8625,8.929,,,
,11.787,7.495,0.002
8626,9.526,,,
,11.446,9.101,0.001
8627,10.376,,,
,13.733,9.060,0.002
8628,7.078,,,
,11.501,7.970,0.000
8629,5.800,,,
,12.183,7.573,0.000
8630,28.330,,,
,12.960,8.811,0.001
8631,6.905,,,
,11.010,7.597,0.000
8632,26.859,,,
,10.432,7.256,0.002
8633,6.308,,,
,11.010,7.597,0.000
8634,8.553,,,
,11.989,7.754,0.000
8635,26.998,,,
,10.306,7.518,0.001
8636,7.817,,,
,11.989,7.754,0.000
8637,6.324,,,
,10.677,7.432,0.000
8638,8.156,,,
,11.880,8.098,0.002
8639,6.151,,,
,12.165,8.083,0.001
8640,7.845,,,
,11.642,7.789,0.000
8641,10.598,,,
,13.278,8.849,0.000
8642,6.077,,,
,11.244,7.094,0.001
8643,6.303,,,
,11.128,9.257,0.000
8644,10.855,,,
,13.494,8.937,0.002
8645,6.132,,,
,12.779,7.482,0.001
8646,6.444,,,
,11.316,7.810,0.000
8647,29.196,,,
,13.222,9.591,0.001
8648,7.928,,,
,11.316,7.810,0.000
8649,6.883,,,
,10.705,6.931,0.001
8650,7.987,,,
,9.631,6.699,0.000
8651,7.356,,,
,10.282,8.215,0.000
8652,11.873,,,
,13.989,9.225,0.002
8653,6.920,,,
,11.360,7.842,0.002
8654,7.466,,,
,12.791,8.885,0.002
8655,30.200,,,
,12.545,9.208,0.001
8656,6.642,,,
,12.791,8.885,0.002
8657,7.353,,,
,10.716,7.526,0.000
8658,8.352,,,
,10.611,7.226,0.001
8659,6.211,,,
,10.827,7.142,0.000
8660,9.457,,,
,10.552,7.731,0.001
8661,8.707,,,
,11.794,7.422,0.001
8662,7.845,,,
,11.519,9.562,0.000
8663,15.370,,,
,13.514,9.425,0.001
8664,6.757,,,
,12.444,6.403,0.000
8665,6.620,,,
,9.834,7.838,0.000
8666,10.020,,,
,12.932,9.206,0.000
8667,8.723,,,
,11.487,7.997,0.001
8668,6.046,,,
,11.467,8.144,0.001
8669,8.797,,,
,13.082,8.897,0.002
8670,6.492,,,
,12.263,7.535,0.001
8671,7.444,,,
,11.692,8.667,0.001
8672,9.720,,,
,13.518,8.925,0.001
8673,6.870,,,
,11.340,7.998,0.001
8674,6.233,,,
,12.783,7.981,0.002
8675,30.481,,,
,9.839,6.555,0.001
8676,23.743,,,
,12.783,7.981,0.002
8677,6.553,,,
,9.839,6.555,0.001
8678,7.981,,,
,9.474,7.250,0.000
8679,7.309,,,
,11.240,8.152,0.001
8680,7.440,,,
,12.372,8.773,0.000
8681,10.272,,,
,12.574,8.544,0.002
8682,8.284,,,
,11.715,7.845,0.001
8683,11.264,,,
,12.985,9.331,0.002
8684,6.205,,,
,11.246,7.258,0.002
8685,6.085,,,
,11.587,8.855,0.001
8686,9.296,,,
,13.394,9.077,0.001
8687,8.417,,,
,12.365,7.587,0.000
8688,7.680,,,
,10.897,7.543,0.001
8689,31.855,,,
,10.182,6.777,0.000
8690,25.661,,,
,10.897,7.543,0.001
8691,8.811,,,
,10.182,6.777,0.000
8692,6.343,,,
,9.411,6.397,0.001
8693,7.399,,,
,11.996,8.180,0.000
8694,29.794,,,
,13.613,9.556,0.001
8695,7.978,,,
,11.996,8.180,0.000
8696,11.572,,,
,11.043,7.422,0.000
8697,30.791,,,
,11.127,8.117,0.002
8698,7.945,,,
,11.043,7.422,0.000
8699,8.217,,,
,10.651,7.418,0.002
8700,9.852,,,
,10.330,6.408,0.000
8701,7.179,,,
,9.818,8.230,0.000
8702,9.511,,,
,13.309,9.214,0.000
8703,7.068,,,
,11.502,7.804,0.001
8704,10.784,,,
,12.122,6.909,0.001
8705,30.165,,,
,13.026,8.931,0.000
8706,8.151,,,
,12.122,6.909,0.001
8707,8.175,,,
,9.891,6.890,0.002
8708,9.423,,,
,10.617,7.235,0.001
8709,7.514,,,
,12.445,7.435,0.001
8710,29.577,,,
,10.632,7.413,0.001
8711,26.777,,,
,12.445,7.435,0.001
8712,6.632,,,
,10.632,7.413,0.001
8713,11.387,,,
,9.905,6.649,0.001
8714,7.588,,,
,10.059,7.090,0.000
8715,11.413,,,
,12.805,8.877,0.001
8716,6.519,,,
,11.493,7.097,0.002
8717,7.100,,,
,12.556,7.735,0.002
8718,30.859,,,
,13.524,8.913,0.001
8719,6.553,,,
,12.556,7.735,0.002
8720,8.056,,,
,10.008,6.701,0.001
8721,8.985,,,
,10.310,7.296,0.001
8722,6.401,,,
,11.688,7.739,0.001
8723,7.824,,,
,12.248,9.122,0.001
8724,11.956,,,
,13.450,8.929,0.001
8725,6.465,,,
,12.005,6.716,0.001
8726,6.979,,,
,10.336,8.454,0.001
8727,9.860,,,
,13.008,9.699,0.000
8728,9.171,,,
,11.546,8.017,0.001
8729,7.769,,,
,11.343,8.053,0.000
8730,10.293,,,
,13.160,8.924,0.001
8731,6.202,,,
,12.096,7.100,0.002
8732,14.758,,,
,12.380,8.153,0.000
8733,29.619,,,
,13.870,9.054,0.002
8734,6.690,,,
,9.894,6.895,0.001
8735,26.393,,,
,10.435,6.891,0.001
8736,7.292,,,
,9.894,6.895,0.001
8737,9.484,,,
,10.608,7.361,0.001
8738,8.665,,,
,10.836,7.135,0.002
8739,8.611,,,
,12.154,7.714,0.001
8740,7.599,,,
,11.588,7.677,0.000
8741,12.665,,,
,12.585,9.216,0.001
8742,7.004,,,
,12.346,6.723,0.001
8743,8.235,,,
,10.550,7.760,0.001
8744,7.938,,,
,12.950,9.133,0.001
8745,11.068,,,
,11.634,7.804,0.001
8746,9.707,,,
,12.146,7.700,0.001
8747,27.547,,,
,13.319,8.919,0.002
8748,8.513,,,
,12.146,7.700,0.001
8749,9.827,,,
,11.820,8.152,0.002
8750,29.351,,,
,9.588,6.144,0.002
8751,29.089,,,
,11.820,8.152,0.002
8752,7.231,,,
,9.588,6.144,0.002
8753,8.223,,,
,9.961,7.082,0.001
8754,6.305,,,
,11.109,7.368,0.001
8755,10.606,,,
,11.951,9.247,0.002
8756,6.758,,,
,12.349,7.483,0.001
8757,6.577,,,
,11.102,7.898,0.002
8758,9.644,,,
,13.289,9.021,0.000
8759,7.796,,,
,11.204,7.535,0.001
8760,7.828,,,
,12.178,7.712,0.001
8761,28.418,,,
,12.634,9.278,0.001
8762,7.202,,,
,12.178,7.712,0.001
8763,6.747,,,
,10.104,6.696,0.001
8764,8.997,,,
,10.356,7.395,0.002
8765,7.656,,,
,11.598,7.683,0.000
8766,9.795,,,
,12.617,8.915,0.002
8767,6.092,,,
,12.352,7.548,0.001
8768,6.240,,,
,11.119,7.857,0.002
8769,9.115,,,
,13.290,8.953,0.001
8770,10.293,,,
,11.300,7.530,0.002
8771,7.411,,,
,12.247,8.509,0.000
8772,10.691,,,
,13.148,8.794,0.002
8773,8.478,,,
,12.156,7.245,0.001
8774,8.681,,,
,10.872,8.497,0.001
8775,8.699,,,
,13.185,9.592,0.000
8776,8.602,,,
,11.459,7.823,0.001
8777,6.742,,,
,12.080,8.020,0.002
8778,11.902,,,
,12.574,9.124,0.001
8779,6.602,,,
,11.920,6.718,0.002
8780,6.710,,,
,10.340,8.469,0.002
8781,9.316,,,
,13.017,9.553,0.001
8782,9.348,,,
,11.534,8.053,0.000
8783,8.437,,,
,11.436,8.169,0.002
8784,11.677,,,
,12.975,8.796,0.001
8785,6.815,,,
,11.577,6.724,0.001
8786,7.520,,,
,10.284,8.139,0.000
8787,8.558,,,
,13.832,9.386,0.001
8788,8.476,,,
,11.839,8.198,0.001
8789,6.960,,,
,11.706,7.789,0.002
8790,11.494,,,
,11.684,7.798,0.001
8791,6.658,,,
,12.236,7.090,0.001
8792,9.100,,,
,10.867,9.080,0.001
8793,9.993,,,
,13.686,8.930,0.000
8794,6.242,,,
,11.822,7.994,0.002
8795,13.708,,,
,11.329,7.512,0.001
8796,11.258,,,
,12.715,9.177,0.001
8797,8.839,,,
,11.744,7.108,0.001
8798,8.048,,,
,11.438,8.913,0.001
8799,14.143,,,
,13.376,9.559,0.000
8800,7.045,,,
,12.561,6.590,0.000
8801,6.928,,,
,10.329,7.678,0.000
8802,11.022,,,
,12.801,9.152,0.001
8803,7.245,,,
,11.251,7.808,0.001
8804,8.323,,,
,11.735,7.784,0.001
8805,11.645,,,
,13.029,8.909,0.002
8806,7.183,,,
,11.810,6.902,0.000
8807,7.253,,,
,11.118,6.701,0.002
8808,29.499,,,
,10.049,7.072,0.001
8809,25.671,,,
,10.584,7.386,0.000
8810,26.349,,,
,10.049,7.072,0.001
8811,9.255,,,
,10.584,7.386,0.000
8812,7.008,,,
,9.586,6.271,0.002
8813,9.168,,,
,9.839,7.073,0.001
8814,6.934,,,
,11.450,7.422,0.001
8815,6.983,,,
,12.290,6.154,0.001
8816,28.773,,,
,8.920,6.263,0.000
8817,23.542,,,
,12.290,6.154,0.001
8818,8.133,,,
,8.920,6.263,0.000
8819,9.025,,,
,10.138,7.070,0.002
8820,7.866,,,
,12.360,7.145,0.001
8821,31.356,,,
,11.955,9.263,0.001
8822,7.028,,,
,12.360,7.145,0.001
8823,10.494,,,
,9.723,6.561,0.000
8824,8.421,,,
,10.060,9.228,0.000
8825,9.876,,,
,11.605,8.063,0.001
8826,6.723,,,
,11.771,6.720,0.001
8827,30.334,,,
,12.715,9.107,0.000
8828,7.227,,,
,11.771,6.720,0.001
8829,10.525,,,
,10.005,7.079,0.001
8830,7.410,,,
,11.299,7.808,0.001
8831,10.830,,,
,10.316,6.571,0.001
8832,6.385,,,
,11.488,7.989,0.002
8833,29.679,,,
,13.353,9.234,0.001
8834,9.749,,,
,11.488,7.989,0.002
8835,8.124,,,
,11.279,7.421,0.001
8836,28.378,,,
,11.821,7.670,0.001
8837,30.742,,,
,11.279,7.421,0.001
8838,6.650,,,
,11.821,7.670,0.001
8839,10.054,,,
,9.307,6.154,0.000
8840,9.256,,,
,10.154,7.070,0.001
8841,8.955,,,
,10.613,7.476,0.000
8842,8.136,,,
,12.563,7.936,0.001
8843,9.062,,,
,11.074,7.850,0.000
8844,10.455,,,
,11.307,7.569,0.001
8845,8.826,,,
,11.734,7.253,0.000
8846,10.247,,,
,11.476,8.932,0.001
8847,12.243,,,
,13.515,8.938,0.001
8848,9.122,,,
,12.341,7.550,0.001
8849,8.782,,,
,10.827,7.502,0.002
8850,11.495,,,
,13.319,9.097,0.000
8851,8.296,,,
,11.209,7.539,0.002
8852,9.640,,,
,11.596,8.402,0.002
8853,11.193,,,
,12.735,9.327,0.001
8854,8.347,,,
,12.297,7.096,0.001
8855,8.110,,,
,11.360,7.856,0.000
8856,30.333,,,
,13.514,9.062,0.000
8857,9.398,,,
,9.540,6.693,0.002
8858,25.994,,,
,10.373,6.734,0.001
8859,26.557,,,
,9.540,6.693,0.002
8860,7.719,,,
,10.373,6.734,0.001
8861,10.353,,,
,8.785,5.999,0.002
8862,10.255,,,
,9.443,6.784,0.001
8863,9.657,,,
,13.522,9.467,0.001
8864,9.870,,,
,11.867,7.742,0.002
8865,8.907,,,
,12.239,8.956,0.000
8866,9.617,,,
,13.207,8.806,0.001
8867,8.011,,,
,12.174,7.295,0.002
8868,7.903,,,
,11.154,7.711,0.001
8869,31.062,,,
,13.527,8.909,0.001
8870,7.912,,,
,11.154,7.711,0.001
8871,10.544,,,
,10.157,6.728,0.001
8872,8.118,,,
,10.533,7.335,0.001
8873,9.506,,,
,11.771,7.530,0.002
8874,7.232,,,
,11.491,9.646,0.000
8875,13.094,,,
,13.535,9.413,0.000
8876,8.477,,,
,12.369,7.149,0.000
8877,9.502,,,
,10.322,7.819,0.002
8878,10.086,,,
,13.293,9.139,0.002
8879,6.979,,,
,11.405,7.572,0.001
8880,6.925,,,
,12.144,8.296,0.001
8881,11.313,,,
,13.197,8.932,0.001
8882,9.331,,,
,12.041,6.883,0.001
8883,8.223,,,
,10.801,8.161,0.002
8884,10.154,,,
,12.965,9.169,0.001
8885,7.690,,,
,9.933,6.863,0.001
8886,9.352,,,
,12.559,7.117,0.001
8887,31.814,,,
,11.979,9.449,0.001
8888,8.341,,,
,12.559,7.117,0.001
8889,10.181,,,
,9.585,6.576,0.002
8890,11.468,,,
,10.630,8.288,0.000
8891,7.433,,,
,11.360,7.743,0.001
8892,9.885,,,
,10.816,7.133,0.000
8893,10.676,,,
,12.396,9.007,0.001
8894,7.043,,,
,11.938,7.241,0.001
8895,9.253,,,
,12.182,8.110,0.001
8896,29.411,,,
,13.290,9.523,0.000
8897,7.227,,,
,12.182,8.110,0.001
8898,13.919,,,
,11.246,7.520,0.001
8899,28.316,,,
,10.853,8.667,0.001
8900,10.225,,,
,11.246,7.520,0.001
8901,8.979,,,
,11.833,7.573,0.001
8902,9.491,,,
,10.549,7.616,0.001
8903,7.875,,,
,11.514,7.246,0.001
8904,8.183,,,
,11.046,9.320,0.001
8905,10.789,,,
,13.865,9.050,0.001
8906,9.617,,,
,12.176,7.821,0.002
8907,9.748,,,
,11.117,7.506,0.001
8908,10.924,,,
,13.116,8.890,0.001
8909,8.267,,,
,11.316,7.248,0.001
8910,7.346,,,
,11.596,9.030,0.002
8911,12.862,,,
,13.619,9.210,0.000
8912,8.822,,,
,12.567,6.744,0.002
8913,9.163,,,
,10.541,7.983,0.002
8914,9.719,,,
,13.117,9.210,0.001
8915,10.187,,,
,11.472,7.999,0.000
8916,9.566,,,
,11.984,7.110,0.001
8917,29.972,,,
,10.165,7.088,0.002
8918,26.667,,,
,9.907,6.289,0.000
8919,25.759,,,
,10.165,7.088,0.002
8920,10.041,,,
,9.908,6.883,0.000
8921,25.935,,,
,9.418,6.173,0.001
8922,24.599,,,
,8.681,5.998,0.001
8923,25.809,,,
,9.418,6.173,0.001
8924,11.303,,,
,8.681,5.998,0.001
8925,10.547,,,
,9.892,6.886,0.001
8926,11.418,,,
,9.798,6.902,0.000
8927,9.814,,,
,12.373,7.164,0.001
8928,9.523,,,
,10.857,7.760,0.002
8929,8.559,,,
,13.021,9.327,0.002
8930,10.425,,,
,11.832,7.516,0.001
8931,9.405,,,
,11.071,8.524,0.001
8932,10.980,,,
,13.188,9.396,0.001
8933,9.611,,,
,10.992,7.580,0.000
8934,8.390,,,
,12.134,7.078,0.001
8935,30.361,,,
,13.024,9.062,0.002
8936,9.823,,,
,12.134,7.078,0.001
8937,9.483,,,
,12.139,8.245,0.000
8938,28.310,,,
,11.146,7.490,0.000
8939,13.967,,,
,12.139,8.245,0.000
8940,13.609,,,
,10.837,7.580,0.002
8941,29.068,,,
,10.174,6.631,0.002
8942,26.304,,,
,10.837,7.580,0.002
8943,9.753,,,
,10.144,6.999,0.002
8944,29.146,,,
,8.994,6.151,0.002
8945,8.078,,,
,10.144,6.999,0.002
8946,10.647,,,
,9.184,6.388,0.001
8947,9.206,,,
,10.036,6.614,0.002
8948,11.980,,,
,13.231,9.011,0.001
8949,7.528,,,
,11.693,7.217,0.001
8950,8.309,,,
,12.537,6.898,0.001
8951,31.474,,,
,13.489,9.073,0.001
8952,8.548,,,
,12.537,6.898,0.001
8953,8.833,,,
,9.703,6.699,0.001
8954,7.697,,,
,10.706,8.185,0.001
8955,10.434,,,
,11.605,8.184,0.000
8956,8.964,,,
,11.621,7.700,0.001
8957,11.410,,,
,13.185,8.927,0.000
8958,8.792,,,
,11.695,7.097,0.001
8959,7.656,,,
,10.887,9.538,0.002
8960,13.510,,,
,13.857,9.042,0.001
8961,11.311,,,
,12.594,7.018,0.000
8962,8.769,,,
,11.168,7.571,0.001
8963,28.698,,,
,13.319,8.995,0.002
8964,10.225,,,
,11.168,7.571,0.001
8965,8.422,,,
,10.823,7.033,0.002
8966,8.707,,,
,10.522,7.076,0.001
8967,12.021,,,
,11.547,7.396,0.002
8968,9.560,,,
,11.603,9.073,0.001
8969,10.233,,,
,13.413,9.433,0.000
8970,10.234,,,
,12.187,7.893,0.002
8971,9.355,,,
,11.336,7.506,0.002
8972,10.635,,,
,13.060,8.792,0.002
8973,8.019,,,
,11.295,7.095,0.001
8974,9.985,,,
,11.214,9.150,0.001
8975,12.643,,,
,13.412,8.923,0.000
8976,9.139,,,
,12.796,7.104,0.001
8977,7.396,,,
,11.381,7.784,0.001
8978,29.179,,,
,10.817,6.898,0.001
8979,28.075,,,
,11.381,7.784,0.001
8980,9.930,,,
,9.591,7.248,0.002
8981,35.172,,,
,9.360,6.400,0.002
8982,8.795,,,
,9.591,7.248,0.002
8983,8.914,,,
,11.157,7.807,0.002
8984,9.142,,,
,12.002,7.409,0.001
8985,29.202,,,
,10.259,7.096,0.001
8986,26.698,,,
,12.002,7.409,0.001
8987,10.249,,,
,10.259,7.096,0.001
8988,10.232,,,
,10.656,6.851,0.000
8989,10.105,,,
,8.810,5.894,0.001
8990,10.512,,,
,9.079,7.538,0.001
8991,9.556,,,
,11.399,7.750,0.002
8992,9.868,,,
,12.412,8.352,0.002
8993,11.355,,,
,12.950,8.669,0.001
8994,9.764,,,
,11.990,6.932,0.001
8995,7.590,,,
,10.841,7.764,0.001
8996,12.115,,,
,12.646,9.516,0.000
8997,9.311,,,
,11.065,7.754,0.001
8998,11.814,,,
,11.615,7.678,0.000
8999,13.022,,,
,13.056,8.935,0.001
9000,10.544,,,
,11.587,6.699,0.002
9001,11.543,,,
,10.279,9.121,0.001
9002,12.792,,,
,13.736,9.097,0.001
9003,9.771,,,
,12.368,7.639,0.001
9004,10.743,,,
,11.513,7.526,0.001
9005,28.889,,,
,12.943,9.504,0.001
9006,8.317,,,
,11.513,7.526,0.001
9007,10.166,,,
,11.829,7.716,0.001
9008,8.033,,,
,9.639,6.389,0.001
9009,9.381,,,
,10.022,8.326,0.000
9010,13.825,,,
,13.637,9.544,0.000
9011,10.749,,,
,11.985,7.488,0.000
9012,9.171,,,
,10.574,7.448,0.000
9013,12.339,,,
,12.868,9.338,0.001
9014,8.640,,,
,11.212,7.410,0.002
9015,11.665,,,
,11.668,8.481,0.002
9016,10.695,,,
,12.776,9.263,0.001
9017,11.877,,,
,12.204,7.156,0.002
9018,10.287,,,
,10.862,8.647,0.001
9019,10.727,,,
,13.510,8.930,0.004
9020,9.703,,,
,11.150,7.807,0.002
9021,9.393,,,
,11.643,7.699,0.001
9022,12.904,,,
,11.595,7.673,0.001
9023,14.163,,,
,12.507,6.716,0.002
9024,9.511,,,
,10.321,8.395,0.000
9025,12.689,,,
,13.012,9.679,0.001
9026,9.150,,,
,11.508,7.712,0.001
9027,9.340,,,
,11.759,6.892,0.002
9028,30.506,,,
,12.702,8.587,0.002
9029,9.242,,,
,11.759,6.892,0.002
9030,11.272,,,
,11.131,7.806,0.001
9031,12.047,,,
,11.107,7.330,0.001
9032,11.689,,,
,11.803,6.904,0.000
9033,10.048,,,
,10.628,8.729,0.001
9034,12.140,,,
,13.541,9.057,0.001
9035,7.874,,,
,11.510,7.744,0.001
9036,9.470,,,
,11.137,7.342,0.001
9037,10.449,,,
,12.839,8.573,0.002
9038,8.999,,,
,11.985,7.407,0.001
9039,9.321,,,
,11.455,9.722,0.000
9040,10.986,,,
,14.214,8.995,0.002
9041,10.586,,,
,10.949,6.699,0.002
9042,9.597,,,
,10.341,9.320,0.001
9043,12.662,,,
,13.728,9.068,0.000
9044,9.531,,,
,12.374,7.605,0.001
9045,10.232,,,
,10.550,7.087,0.002
9046,10.703,,,
,12.647,9.404,0.000
9047,9.349,,,
,11.550,7.418,0.001
9048,9.187,,,
,12.226,8.684,0.000
9049,10.638,,,
,13.248,8.791,0.001
9050,10.444,,,
,12.176,7.224,0.002
9051,7.911,,,
,10.887,8.595,0.001
9052,14.977,,,
,13.203,9.402,0.001
9053,9.755,,,
,11.155,7.384,0.001
9054,9.482,,,
,10.310,7.283,0.001
9055,10.010,,,
,12.638,8.681,0.001
9056,9.156,,,
,12.254,7.541,0.001
9057,8.859,,,
,11.855,8.909,0.002
9058,10.639,,,
,13.196,9.251,0.001
9059,9.866,,,
,11.330,7.068,0.000
9060,8.048,,,
,11.307,9.109,0.002
9061,13.089,,,
,13.425,8.920,0.001
9062,9.855,,,
,12.596,6.970,0.001
9063,9.826,,,
,10.286,8.093,0.000
9064,10.870,,,
,13.095,9.214,0.002
9065,12.787,,,
,11.370,8.016,0.001
9066,11.226,,,
,11.866,7.686,0.000
9067,10.890,,,
,12.968,8.762,0.001
9068,8.812,,,
,11.785,7.089,0.000
9069,9.704,,,
,11.106,8.720,0.001
9070,12.746,,,
,13.569,9.052,0.001
9071,8.584,,,
,11.684,7.649,0.001
9072,7.600,,,
,11.144,7.086,0.001
9073,31.203,,,
,11.379,7.534,0.000
9074,29.087,,,
,9.271,6.143,0.001
9075,25.457,,,
,11.379,7.534,0.000
9076,9.389,,,
,9.271,6.143,0.001
9077,8.895,,,
,9.813,6.904,0.000
9078,10.685,,,
,10.185,7.047,0.001
9079,7.972,,,
,10.311,6.796,0.002
9080,11.758,,,
,12.445,8.573,0.002
9081,8.342,,,
,12.027,7.076,0.000
9082,10.040,,,
,11.209,8.788,0.000
9083,13.286,,,
,13.460,9.075,0.002
9084,7.978,,,
,12.384,7.215,0.000
9085,11.168,,,
,10.292,7.727,0.000
9086,8.432,,,
,13.317,9.132,0.001
9087,11.291,,,
,12.171,7.557,0.001
9088,9.013,,,
,12.083,9.120,0.002
9089,15.768,,,
,13.591,9.047,0.002
9090,10.101,,,
,11.282,6.173,0.001
9091,8.172,,,
,9.468,8.247,0.000
9092,12.867,,,
,13.078,10.273,0.002
9093,10.624,,,
,12.174,8.482,0.001
9094,8.888,,,
,12.292,8.663,0.002
9095,10.702,,,
,12.708,9.024,0.002
9096,9.646,,,
,12.025,7.092,0.001
9097,9.033,,,
,11.128,8.415,0.002
9098,12.667,,,
,13.357,9.058,0.000
9099,9.267,,,
,11.383,7.709,0.000
9100,9.579,,,
,11.994,7.422,0.001
9101,29.572,,,
,12.516,9.064,0.000
9102,9.468,,,
,11.994,7.422,0.001
9103,10.808,,,
,11.013,7.731,0.001
9104,12.995,,,
,11.219,7.345,0.000
9105,11.210,,,
,12.039,6.696,0.001
9106,13.920,,,
,10.329,8.610,0.001
9107,12.739,,,
,13.604,9.235,0.001
9108,11.312,,,
,11.513,7.663,0.000
9109,7.990,,,
,11.123,7.338,0.001
9110,11.729,,,
,12.874,8.743,0.001
9111,11.007,,,
,11.452,7.075,0.001
9112,10.349,,,
,11.014,9.307,0.000
9113,12.606,,,
,13.514,8.923,0.002
9114,9.274,,,
,12.805,7.102,0.002
9115,9.580,,,
,10.804,7.938,0.001
9116,14.531,,,
,12.808,9.769,0.001
9117,9.857,,,
,11.383,7.573,0.000
9118,9.501,,,
,10.600,7.464,0.002
9119,13.173,,,
,12.622,9.102,0.001
9120,9.518,,,
,11.532,6.892,0.000
9121,8.362,,,
,13.022,7.130,0.001
9122,33.309,,,
,13.414,8.919,0.000
9123,10.093,,,
,13.022,7.130,0.001
9124,11.019,,,
,9.674,6.701,0.002
9125,9.919,,,
,10.173,6.717,0.002
9126,10.132,,,
,9.636,6.797,0.001
9127,11.108,,,
,12.340,8.497,0.001
9128,8.397,,,
,12.569,7.414,0.000
9129,9.905,,,
,11.732,8.917,0.002
9130,12.040,,,
,13.280,9.410,0.001
9131,10.145,,,
,12.378,7.496,0.001
9132,9.851,,,
,11.043,7.417,0.001
9133,30.436,,,
,10.728,6.608,0.001
9134,28.104,,,
,11.043,7.417,0.001
9135,10.685,,,
,10.728,6.608,0.001
9136,9.824,,,
,8.966,6.158,0.002
9137,9.096,,,
,9.987,7.674,0.001
9138,13.000,,,
,11.618,9.726,0.000
9139,10.022,,,
,11.843,7.759,0.001
9140,9.348,,,
,10.870,7.732,0.000
9141,13.552,,,
,12.992,9.387,0.001
9142,10.473,,,
,11.334,7.424,0.002
9143,9.514,,,
,11.617,8.485,0.000
9144,10.053,,,
,12.763,9.332,0.001
9145,11.186,,,
,12.369,7.325,0.000
9146,9.189,,,
,11.161,7.684,0.002
9147,31.206,,,
,13.520,8.931,0.000
9148,10.265,,,
,11.161,7.684,0.002
9149,8.489,,,
,10.011,6.386,0.002
9150,14.401,,,
,9.819,6.922,0.001
9151,9.555,,,
,10.785,7.243,0.002
9152,10.181,,,
,11.507,7.677,0.001
9153,15.909,,,
,12.725,9.046,0.002
9154,8.069,,,
,11.797,6.160,0.001
9155,10.298,,,
,9.696,7.553,0.001
9156,14.218,,,
,12.928,9.728,0.000
9157,8.867,,,
,11.698,7.488,0.001
9158,8.945,,,
,10.831,7.165,0.001
9159,12.773,,,
,12.615,9.089,0.002
9160,9.081,,,
,11.222,7.080,0.001
9161,8.407,,,
,11.614,8.492,0.001
9162,10.527,,,
,13.326,9.064,0.001
9163,9.699,,,
,12.780,7.472,0.001
9164,9.354,,,
,11.120,8.047,0.002
9165,12.194,,,
,13.207,9.740,0.000
9166,8.867,,,
,11.157,7.763,0.001
9167,9.394,,,
,11.370,7.522,0.000
9168,12.641,,,
,12.874,8.797,0.001
9169,9.793,,,
,11.578,6.705,0.002
9170,8.232,,,
,12.162,7.435,0.001
9171,33.169,,,
,9.450,6.384,0.001
9172,25.757,,,
,12.162,7.435,0.001
9173,10.590,,,
,9.450,6.384,0.001
9174,8.480,,,
,10.386,7.250,0.001
9175,8.697,,,
,10.332,7.261,0.001
9176,10.533,,,
,12.233,8.924,0.002
9177,10.487,,,
,12.800,7.451,0.002
9178,8.833,,,
,11.358,8.829,0.001
9179,3.448,,,
,13.517,8.915,0.001
9180,1.780,,,
,12.445,7.481,0.002
9181,2.106,,,
,13.913,8.770,0.001
9182,4.306,,,
,14.585,9.159,0.000
9183,2.449,,,
,13.434,7.641,0.001
9184,3.446,,,
,13.750,8.489,0.001
9185,3.466,,,
,14.409,8.473,0.001
9186,2.267,,,
,13.611,8.243,0.001
9187,3.430,,,
,14.072,8.147,0.002
9188,3.981,,,
,15.558,8.669,0.001
9189,2.500,,,
,13.598,7.521,0.001
9190,2.486,,,
,13.450,7.550,0.001
9191,24.711,,,
,14.654,8.358,0.000
9192,1.811,,,
,13.450,7.550,0.001
9193,2.266,,,
,13.741,7.496,0.000
9194,1.622,,,
,13.854,7.588,0.002
9195,1.783,,,
,16.178,8.889,0.001
9196,2.430,,,
,16.187,9.231,0.001
9197,1.990,,,
,16.048,8.090,0.001
9198,1.877,,,
,14.045,7.473,0.000
9199,24.675,,,
,16.322,8.349,0.001
9200,1.868,,,
,14.045,7.473,0.000
9201,1.468,,,
,13.290,7.531,0.001
9202,2.415,,,
,14.498,8.237,0.002
9203,1.759,,,
,13.641,7.549,0.000
9204,3.308,,,
,14.242,7.352,0.001
9205,26.345,,,
,16.008,8.237,0.000
9206,1.563,,,
,14.242,7.352,0.001
9207,1.884,,,
,12.801,7.179,0.001
9208,1.461,,,
,12.845,7.336,0.000
9209,2.748,,,
,14.855,7.827,0.000
9210,2.885,,,
,15.490,7.982,0.001
9211,1.635,,,
,14.034,7.816,0.002
9212,3.490,,,
,14.562,8.053,0.002
9213,3.779,,,
,16.184,8.069,0.002
9214,1.962,,,
,13.584,7.125,0.000
9215,2.746,,,
,13.321,7.904,0.001
9216,4.394,,,
,14.457,7.464,0.002
9217,2.395,,,
,13.193,7.649,0.002
9218,3.634,,,
,14.462,7.340,0.000
9219,25.288,,,
,15.071,8.079,0.000
9220,1.802,,,
,14.462,7.340,0.000
9221,1.959,,,
,13.400,7.399,0.001
9222,1.843,,,
,13.777,7.876,0.000
9223,2.320,,,
,14.789,8.717,0.001
9224,4.110,,,
,15.823,8.462,0.002
9225,2.029,,,
,13.713,7.334,0.001
9226,3.110,,,
,16680591487623.240,1766152586157.032,0.000
9227,25.102,,,
,14.607,8.651,0.002
9228,1.913,,,
,13.060,7.803,0.000
9229,1.393,,,
,11.397,7.249,0.001
9230,3.174,,,
,13.089,7.528,0.002
9231,1.783,,,
,12.086,7.131,0.001
9232,2.234,,,
,12.837,7.783,0.002
9233,3.745,,,
,14.154,7.811,0.001
9234,1.717,,,
,11.867,7.109,0.001
9235,2.627,,,
,12.437,7.921,0.001
9236,25.880,,,
,14.205,7.912,0.002
9237,1.843,,,
,12.437,7.921,0.001
9238,2.412,,,
,11.476,7.133,0.000
9239,1.484,,,
,11.127,7.169,0.000
9240,1.707,,,
,12.946,7.585,0.002
9241,4.163,,,
,13.935,7.959,0.001
9242,2.281,,,
,12.259,7.312,0.002
9243,3.752,,,
,13.297,8.438,0.001
9244,3.437,,,
,14.704,7.966,0.000
9245,2.075,,,
,12.269,7.840,0.001
9246,2.486,,,
,13.650,7.596,0.001
9247,2.349,,,
,13.924,7.846,0.000
9248,2.107,,,
,12.297,7.846,0.001
9249,2.967,,,
,1766152586663.521,7.307,0.001
9250,24.724,,,
,14.118,8.266,0.001
9251,2.080,,,
,12.578,7.307,0.001
9252,2.432,,,
,12.318,7.064,0.002
9253,1.796,,,
,12.585,7.358,0.001
9254,2.160,,,
,14.312,7.474,0.001
9255,2.574,,,
,15.089,8.074,0.001
9256,1.912,,,
,14.219,8.272,0.001
9257,2.362,,,
,15.554,8.588,0.001
9258,3.393,,,
,15.911,8.234,0.001
9259,1.952,,,
,14.028,7.724,0.001
9260,3.348,,,
,14.656,8.063,0.002
9261,3.646,,,
,15.374,8.059,0.002
9262,2.161,,,
,12.974,7.508,0.002
9263,2.312,,,
,13.657,8.387,0.002
9264,2.467,,,
,13.866,8.247,0.001
9265,1.785,,,
,12.341,7.798,0.001
9266,2.793,,,
,13.335,7.844,0.000
9267,4.257,,,
,13.204,8.294,0.001
9268,2.391,,,
,12.659,6.929,0.001
9269,3.269,,,
,13.272,8.445,0.001
9270,4.393,,,
,14.664,7.983,0.001
9271,2.250,,,
,12.898,7.260,0.001
9272,2.513,,,
,14.440,7.691,0.002
9273,3.840,,,
,14.938,8.075,0.002
9274,2.113,,,
,14.340,7.464,0.000
9275,3.036,,,
,15.983,8.833,0.001
9276,4.484,,,
,17.179,8.677,0.001
9277,2.344,,,
,16.177,7.848,0.003
9278,2.187,,,
,16.110,7.981,0.002
9279,29.048,,,
,16.979,8.675,0.001
9280,1.975,,,
,16.110,7.981,0.002
9281,2.997,,,
,14.039,7.388,0.002
9282,1.922,,,
,13.790,7.402,0.000
9283,1.556,,,
,15.930,8.668,0.002
9284,3.813,,,
,16.711,8.667,0.000
9285,2.007,,,
,15.281,7.714,0.000
9286,3.318,,,
,15.642,8.561,0.002
9287,3.283,,,
,17.002,8.426,0.000
9288,1.881,,,
,14.804,7.871,0.002
9289,2.261,,,
,14.858,9.287,0.000
9290,2.515,,,
,16.440,8.810,0.000
9291,1.776,,,
,15.073,8.425,0.001
9292,2.387,,,
,15.073,9.089,0.000
9293,3.530,,,
,16.075,9.259,0.001
9294,2.856,,,
,14.323,7.715,0.001
9295,2.259,,,
,15.622,8.948,0.002
9296,3.172,,,
,15.826,8.654,0.001
9297,1.788,,,
,14.463,7.788,0.001
9298,2.915,,,
,14.714,8.493,0.001
9299,3.514,,,
,15.160,8.486,0.001
9300,1.916,,,
,14.569,8.377,0.000
9301,3.066,,,
,14.468,8.387,0.002
9302,4.169,,,
,15.308,9.228,0.001
9303,1.900,,,
,13.937,7.504,0.001
9304,2.434,,,
,14.189,9.359,0.001
9305,2.843,,,
,15.202,8.672,0.001
9306,1.716,,,
,13.634,8.008,0.000
9307,2.820,,,
,13.982,9.123,0.002
9308,3.867,,,
,14.664,9.178,0.001
9309,2.119,,,
,13.282,7.954,0.000
9310,4.284,,,
,13.350,7.854,0.001
9311,24.492,,,
,12.743,7.795,0.002
9312,22.499,,,
,13.350,7.854,0.001
9313,2.006,,,
,12.743,7.795,0.002
9314,2.256,,,
,12.501,7.404,0.001
9315,1.595,,,
,13.187,7.909,0.002
9316,24.693,,,
,14.087,8.518,0.001
9317,2.172,,,
,11.724,6.840,0.001
9318,21.707,,,
,12.626,7.051,0.000
9319,1.931,,,
,11.724,6.840,0.001
9320,2.175,,,
,11.322,6.687,0.002
9321,1.955,,,
,11.839,7.555,0.001
9322,3.109,,,
,13.620,7.825,0.001
9323,26.588,,,
,14.578,9.112,0.002
9324,2.247,,,
,12.151,7.574,0.002
9325,21.707,,,
,12.263,6.997,0.001
9326,2.001,,,
,12.151,7.574,0.002
9327,2.294,,,
,13.766,7.637,0.002
9328,1.440,,,
,14.487,8.098,0.000
9329,2.700,,,
,14.433,7.756,0.001
9330,26.616,,,
,16.893,8.920,0.002
9331,1.711,,,
,14.433,7.756,0.001
9332,2.203,,,
,14.525,7.805,0.001
9333,2.156,,,
,13.682,7.623,0.002
9334,3.325,,,
,15.490,7.943,0.001
9335,4.691,,,
,15.822,7.934,0.000
9336,2.808,,,
,14.711,8.029,0.001
9337,4.290,,,
,14.982,7.610,0.002
9338,3.586,,,
,14.990,9.073,0.001
9339,1.904,,,
,14.380,7.601,0.001
9340,4.163,,,
,15.886,8.221,0.001
9341,3.375,,,
,16.414,8.182,0.001
9342,2.098,,,
,14.619,7.725,0.002
9343,2.990,,,
,15.545,8.022,0.002
9344,28.169,,,
,16.218,7.937,0.001
9345,1.753,,,
,15.545,8.022,0.002
9346,2.236,,,
,14.298,7.209,0.002
9347,1.445,,,
,13.988,7.641,0.000
9348,2.102,,,
,15.329,7.689,0.000
9349,27.638,,,
,17.116,8.276,0.001
9350,2.021,,,
,15.329,7.689,0.000
9351,2.401,,,
,14.478,7.443,0.001
9352,1.713,,,
,15.722,8.064,0.001
9353,3.099,,,
,16.498,8.042,0.001
9354,4.429,,,
,16.804,8.282,0.002
9355,3.027,,,
,15.326,8.006,0.001
9356,3.347,,,
,16.531,8.124,0.000
9357,3.742,,,
,17.577,8.276,0.002
9358,1.809,,,
,15.301,7.817,0.001
9359,2.716,,,
,17.256,8.626,0.000
9360,3.249,,,
,17.463,8.513,0.001
9361,2.286,,,
,15.218,7.989,0.001
9362,4.636,,,
,14.658,7.432,0.001
9363,27.220,,,
,16.903,8.192,0.001
9364,1.938,,,
,14.658,7.432,0.001
9365,1.431,,,
,14.269,7.804,0.002
9366,2.350,,,
,16.338,8.059,0.001
9367,1.434,,,
,14.953,7.942,0.000
9368,1.993,,,
,15.344,8.010,0.001
9369,28.454,,,
,16.459,7.927,0.001
9370,2.022,,,
,15.344,8.010,0.001
9371,2.389,,,
,13.054,7.111,0.001
9372,1.462,,,
,12.650,7.421,0.002
9373,2.372,,,
,14.787,7.800,0.001
9374,3.680,,,
,15.607,8.049,0.001
9375,1.958,,,
,14.465,8.040,0.001
9376,2.410,,,
,14.784,7.768,0.001
9377,2.395,,,
,15.785,7.917,0.002
9378,2.132,,,
,13.996,7.793,0.002
9379,2.455,,,
,14.861,7.771,0.001
9380,26.490,,,
,16.552,8.469,0.002
9381,1.616,,,
,14.861,7.771,0.001
9382,2.237,,,
,13.918,7.389,0.001
9383,2.096,,,
,13.526,7.363,0.000
9384,1.997,,,
,16.328,8.475,0.002
9385,2.748,,,
,16.603,8.259,0.001
9386,1.582,,,
,14.915,7.641,0.001
9387,2.540,,,
,14.597,7.698,0.001
9388,26.673,,,
,15.773,7.733,0.002
9389,1.565,,,
,14.597,7.698,0.001
9390,2.139,,,
,13.276,6.896,0.000
9391,1.442,,,
,12.952,7.322,0.001
9392,2.340,,,
,14.363,7.453,0.002
9393,26.644,,,
,15.723,7.744,0.002
9394,1.774,,,
,14.363,7.453,0.002
9395,1.898,,,
,13.835,7.180,0.002
9396,25.228,,,
,15.190,7.578,0.002
9397,1.870,,,
,13.835,7.180,0.002
9398,2.023,,,
,12.912,7.499,0.000
9399,4.508,,,
,15.375,8.170,0.000
9400,2.809,,,
,14.068,7.588,0.000
9401,4.052,,,
,14.164,7.719,0.001
9402,3.328,,,
,14.832,7.843,0.001
9403,2.158,,,
,12.980,7.291,0.000
9404,3.560,,,
,14.076,7.704,0.001
9405,3.498,,,
,14.469,7.709,0.002
9406,2.010,,,
,13.065,7.771,0.001
9407,2.470,,,
,12.886,7.235,0.000
9408,23.483,,,
,14.419,7.672,0.001
9409,2.082,,,
,12.886,7.235,0.000
9410,3.021,,,
,12.398,7.241,0.001
9411,3.022,,,
,13.992,7.919,0.000
9412,1.891,,,
,44.824,8.859,0.000
9413,5.080,,,
,45.462,8.591,0.000
9414,58.632,,,
,47.447,8.753,0.000
9415,2.041,,,
,45.462,8.591,0.000
9416,4.345,,,
,50.172,8.428,0.002
9417,2.530,,,
,28.276,7.797,0.001
9418,3.290,,,
,27.247,8.665,0.000
9419,3.557,,,
,27.468,9.012,0.001
9420,1.932,,,
,24.524,8.845,0.001
9421,2.700,,,
,24.566,8.487,0.002
9422,3.686,,,
,17.794,8.677,0.001
9423,2.425,,,
,15.185,7.553,0.001
9424,3.279,,,
,16.194,8.069,0.002
9425,4.214,,,
,17.258,8.536,0.000
9426,2.421,,,
,15.649,7.512,0.001
9427,4.179,,,
,16.198,7.928,0.001
9428,4.190,,,
,13.967,8.229,0.002
9429,2.091,,,
,12.427,8.038,0.000
9430,3.799,,,
,11.642,7.186,0.000
9431,22.896,,,
,12.968,7.305,0.002
9432,1.833,,,
,11.642,7.186,0.000
9433,1.845,,,
,11.292,7.146,0.000
9434,3.350,,,
,14.295,7.260,0.000
9435,2.406,,,
,12.683,6.822,0.001
9436,1.936,,,
,13.679,7.414,0.000
9437,4.165,,,
,14.549,7.301,0.001
9438,2.736,,,
,12.446,6.826,0.002
9439,3.645,,,
,14.239,7.400,0.000
9440,3.938,,,
,14.590,7.402,0.001
9441,2.448,,,
,13.024,7.148,0.002
9442,4.232,,,
,13.131,6.996,0.001
9443,23.443,,,
,14.669,7.359,0.001
9444,1.752,,,
,13.131,6.996,0.001
9445,2.206,,,
,12.423,6.685,0.002
9446,1.957,,,
,12.080,6.755,0.001
9447,1.803,,,
,13.595,7.262,0.001
9448,25.585,,,
,15.046,7.468,0.000
9449,1.587,,,
,11.451,7.041,0.001
9450,21.230,,,
,12.976,6.793,0.003
9451,1.631,,,
,11.451,7.041,0.001
9452,1.851,,,
,11.948,7.302,0.002
9453,1.726,,,
,12.340,7.498,0.001
9454,2.709,,,
,15.129,7.720,0.002
9455,27.801,,,
,14.738,7.830,0.002
9456,2.128,,,
,15.129,7.720,0.002
9457,1.832,,,
,13.332,7.097,0.001
9458,3.363,,,
,14.721,7.539,0.001
9459,1.878,,,
,13.792,7.100,0.000
9460,2.672,,,
,14.981,7.459,0.000
9461,2.061,,,
,15.545,7.465,0.002
9462,1.746,,,
,13.845,7.321,0.001
9463,2.641,,,
,14.101,7.276,0.001
9464,24.103,,,
,15.733,7.531,0.002
9465,1.726,,,
,14.101,7.276,0.001
9466,1.498,,,
,13.763,7.335,0.001
9467,3.839,,,
,15.435,7.463,0.000
9468,2.546,,,
,14.141,7.403,0.000
9469,3.091,,,
,13.844,6.887,0.001
9470,25.443,,,
,15.579,7.449,0.001
9471,1.998,,,
,13.844,6.887,0.001
9472,1.530,,,
,14.125,7.387,0.001
9473,25.585,,,
,12.520,6.511,0.000
9474,29.827,,,
,11.699,6.619,0.001
9475,27.404,,,
,12.520,6.511,0.000
9476,8.497,,,
,11.699,6.619,0.001
9477,11.233,,,
,11.136,6.054,0.002
9478,15.654,,,
,10.345,6.779,0.001
9479,12.369,,,
,11.009,7.004,0.000
9480,9.837,,,
,11.833,7.385,0.000
9481,11.267,,,
,13.301,8.744,0.002
9482,8.640,,,
,12.784,6.830,0.002
9483,9.203,,,
,12.562,7.895,0.001
9484,29.694,,,
,13.710,9.587,0.001
9485,8.628,,,
,12.562,7.895,0.001
9486,10.932,,,
,11.050,6.645,0.000
9487,12.281,,,
,10.966,8.536,0.001
9488,10.927,,,
,11.752,7.463,0.000
9489,12.186,,,
,12.427,7.690,0.000
9490,31.527,,,
,12.613,8.867,0.001
9491,8.715,,,
,12.427,7.690,0.000
9492,11.216,,,
,10.537,6.472,0.000
9493,10.859,,,
,10.966,8.285,0.002
9494,10.347,,,
,11.753,7.594,0.001
9495,9.712,,,
,12.122,7.975,0.001
9496,12.877,,,
,13.639,8.725,0.001
9497,8.003,,,
,12.090,6.633,0.001
9498,8.181,,,
,11.163,9.210,0.000
9499,13.042,,,
,14.248,8.864,0.002
9500,9.628,,,
,13.287,6.842,0.001
9501,9.946,,,
,11.221,7.914,0.002
9502,11.487,,,
,13.442,9.488,0.000
9503,9.728,,,
,12.232,7.688,0.001
9504,9.432,,,
,11.612,6.822,0.001
9505,32.018,,,
,13.484,8.526,0.002
9506,10.258,,,
,11.612,6.822,0.001
9507,8.077,,,
,12.113,7.354,0.002
9508,12.386,,,
,10.998,7.303,0.001
9509,10.473,,,
,11.813,6.638,0.002
9510,8.238,,,
,11.408,8.916,0.002
9511,13.073,,,
,13.825,8.519,0.001
9512,10.415,,,
,11.157,6.803,0.000
9513,9.700,,,
,11.977,7.674,0.001
9514,11.866,,,
,13.017,9.072,0.001
9515,8.952,,,
,13.035,6.648,0.000
9516,8.210,,,
,10.954,7.989,0.001
9517,11.385,,,
,13.864,9.001,0.002
9518,9.189,,,
,11.839,7.572,0.001
9519,10.720,,,
,12.817,7.286,0.000
9520,30.166,,,
,13.160,8.837,0.000
9521,8.517,,,
,12.817,7.286,0.000
9522,10.819,,,
,11.793,7.643,0.000
9523,11.498,,,
,12.002,7.926,0.000
9524,8.389,,,
,12.433,6.743,0.001
9525,10.114,,,
,11.465,8.470,0.000
9526,10.876,,,
,13.913,8.802,0.001
9527,9.324,,,
,12.542,7.598,0.000
9528,9.887,,,
,11.771,7.381,0.001
9529,12.476,,,
,14.009,8.935,0.001
9530,10.423,,,
,11.799,7.270,0.002
9531,13.024,,,
,12.412,7.685,0.002
9532,12.490,,,
,13.793,8.810,0.000
9533,8.514,,,
,12.369,6.599,0.001
9534,8.998,,,
,11.173,8.608,0.000
9535,14.809,,,
,14.181,9.095,0.002
9536,8.522,,,
,13.060,7.290,0.001
9537,7.795,,,
,10.714,7.029,0.001
9538,11.352,,,
,12.362,9.617,0.002
9539,10.222,,,
,13.704,7.102,0.000
9540,9.489,,,
,11.738,9.046,0.000
9541,10.884,,,
,14.434,8.953,0.001
9542,10.137,,,
,12.847,7.586,0.001
9543,10.256,,,
,11.501,7.580,0.001
9544,12.505,,,
,13.905,9.597,0.000
9545,9.490,,,
,11.704,7.338,0.000
9546,10.048,,,
,12.297,7.537,0.001
9547,12.428,,,
,13.733,8.804,0.001
9548,9.880,,,
,12.246,6.597,0.001
9549,11.593,,,
,11.180,8.464,0.001
9550,12.220,,,
,14.249,9.091,0.001
9551,10.646,,,
,13.287,7.634,0.001
9552,12.179,,,
,12.107,7.274,0.000
9553,34.059,,,
,14.043,9.258,0.002
9554,8.280,,,
,12.107,7.274,0.000
9555,10.837,,,
,12.078,7.551,0.001
9556,29.111,,,
,12.402,8.032,0.001
9557,29.891,,,
,12.078,7.551,0.001
9558,9.058,,,
,12.402,8.032,0.001
9559,9.120,,,
,11.397,7.281,0.002
9560,10.507,,,
,13.010,7.307,0.001
9561,31.137,,,
,12.187,7.458,0.001
9562,30.769,,,
,13.010,7.307,0.001
9563,11.133,,,
,12.187,7.458,0.001
9564,9.669,,,
,9.549,5.894,0.001
9565,10.574,,,
,10.300,7.532,0.001
9566,12.702,,,
,12.517,9.605,0.002
9567,9.371,,,
,12.878,7.543,0.002
9568,9.139,,,
,11.492,7.916,0.002
9569,12.336,,,
,14.222,8.921,0.001
9570,9.346,,,
,11.523,7.299,0.000
9571,10.128,,,
,12.287,7.543,0.002
9572,9.395,,,
,12.738,8.979,0.000
9573,10.352,,,
,12.870,7.951,0.000
9574,9.081,,,
,12.074,8.081,0.000
9575,13.265,,,
,14.227,8.911,0.000
9576,10.126,,,
,11.625,7.274,0.000
9577,7.672,,,
,12.015,7.920,0.002
9578,12.349,,,
,13.761,8.812,0.001
9579,8.237,,,
,12.210,6.595,0.002
9580,8.396,,,
,13.264,7.460,0.001
9581,31.453,,,
,14.325,8.956,0.000
9582,8.435,,,
,13.264,7.460,0.001
9583,10.721,,,
,10.419,6.434,0.001
9584,10.768,,,
,10.982,8.753,0.001
9585,10.249,,,
,12.418,7.822,0.002
9586,9.923,,,
,11.986,7.912,0.000
9587,12.967,,,
,14.212,9.036,0.000
9588,9.617,,,
,11.811,7.101,0.001
9589,10.292,,,
,12.256,7.616,0.001
9590,13.431,,,
,13.694,8.814,0.001
9591,9.210,,,
,12.461,6.590,0.001
9592,9.449,,,
,11.134,8.428,0.001
9593,12.740,,,
,14.028,9.102,0.002
9594,9.809,,,
,13.071,7.193,0.002
9595,10.515,,,
,11.193,8.070,0.002
9596,12.241,,,
,14.440,8.929,0.001
9597,10.174,,,
,11.726,7.473,0.001
9598,9.360,,,
,11.970,7.354,0.001
9599,12.606,,,
,13.733,8.716,0.001
9600,9.635,,,
,12.162,6.762,0.001
9601,15.270,,,
,11.909,8.671,0.002
9602,11.743,,,
,14.054,9.458,0.001
9603,10.128,,,
,13.386,6.785,0.000
9604,9.611,,,
,11.464,8.116,0.001
9605,17.032,,,
,13.780,9.703,0.000
9606,9.513,,,
,12.535,6.163,0.000
9607,9.578,,,
,10.265,7.137,0.002
9608,10.940,,,
,13.803,9.392,0.001
9609,10.403,,,
,12.148,7.639,0.000
9610,10.347,,,
,12.527,7.687,0.002
9611,12.061,,,
,12.526,8.346,0.001
9612,9.884,,,
,11.662,7.275,0.000
9613,9.777,,,
,13.058,7.378,0.001
9614,31.091,,,
,10.785,6.942,0.001
9615,28.556,,,
,13.058,7.378,0.001
9616,9.353,,,
,10.785,6.942,0.001
9617,10.480,,,
,10.485,6.349,0.002
9618,7.447,,,
,10.705,6.576,0.002
9619,10.130,,,
,14.203,9.235,0.000
9620,9.339,,,
,12.541,7.358,0.002
9621,16.516,,,
,13.319,8.940,0.001
9622,9.830,,,
,14.247,8.807,0.002
9623,11.663,,,
,12.901,6.979,0.001
9624,9.487,,,
,11.793,8.724,0.001
9625,10.732,,,
,14.246,8.799,0.001
9626,9.072,,,
,12.685,7.561,0.001
9627,9.326,,,
,11.525,7.895,0.001
9628,11.839,,,
,14.205,9.047,0.001
9629,9.822,,,
,11.723,7.363,0.001
9630,10.006,,,
,12.334,7.549,0.002
9631,12.662,,,
,13.669,8.797,0.001
9632,9.480,,,
,12.279,6.596,0.001
9633,10.111,,,
,11.213,8.782,0.000
9634,15.076,,,
,14.362,9.106,0.001
9635,8.996,,,
,13.359,6.447,0.001
9636,9.843,,,
,12.196,7.714,0.001
9637,31.116,,,
,10.564,6.029,0.001
9638,29.906,,,
,10.802,6.343,0.000
9639,29.417,,,
,8.891,5.657,0.002
9640,28.735,,,
,10.802,6.343,0.000
9641,10.437,,,
,8.891,5.657,0.002
9642,9.570,,,
,10.215,6.471,0.001
9643,8.582,,,
,14.502,7.502,0.000
9644,33.894,,,
,12.206,8.778,0.000
9645,11.713,,,
,14.502,7.502,0.000
9646,17.320,,,
,8.754,6.182,0.002
9647,34.066,,,
,10.494,5.907,0.002
9648,15.364,,,
,8.754,6.182,0.002
9649,14.817,,,
,10.028,6.471,0.001
9650,15.666,,,
,13.469,6.982,0.002
9651,31.978,,,
,12.980,9.122,0.000
9652,14.596,,,
,7.903,4.989,0.001
9653,30.401,,,
,10.383,6.611,0.001
9654,33.439,,,
,7.903,4.989,0.001
9655,13.020,,,
,10.383,6.611,0.001
9656,10.393,,,
,11.248,6.212,0.002
9657,8.507,,,
,9.890,6.436,0.001
9658,13.526,,,
,13.481,9.714,0.002
9659,10.636,,,
,12.076,7.422,0.002
9660,15.623,,,
,12.134,8.011,0.001
9661,11.893,,,
,13.875,8.829,0.002
9662,10.458,,,
,13.149,6.817,0.001
9663,8.681,,,
,11.824,8.579,0.001
9664,9.506,,,
,14.102,8.970,0.001
9665,11.436,,,
,13.511,7.774,0.001
9666,10.382,,,
,12.304,8.232,0.001
9667,13.274,,,
,14.196,8.819,0.001
9668,9.197,,,
,11.833,7.403,0.000
9669,7.859,,,
,11.510,7.574,0.001
9670,18.712,,,
,13.256,8.888,0.000
9671,18.585,,,
,11.024,7.123,0.002
9672,12.820,,,
,10.502,6.895,0.001
9673,10.976,,,
,12.276,7.597,0.001
9674,9.218,,,
,12.377,6.974,0.002
9675,9.536,,,
,11.554,9.337,0.000
9676,15.155,,,
,14.095,9.322,0.000
9677,11.316,,,
,13.172,6.293,0.001
9678,11.846,,,
,10.451,7.077,0.002
9679,12.427,,,
,13.776,9.431,0.001
9680,11.455,,,
,12.416,7.635,0.001
9681,12.536,,,
,12.036,7.508,0.001
9682,11.992,,,
,13.996,8.909,0.000
9683,10.287,,,
,11.740,7.111,0.001
9684,9.236,,,
,12.613,8.077,0.002
9685,13.448,,,
,13.778,9.308,0.001
9686,7.294,,,
,12.382,6.443,0.000
9687,8.451,,,
,10.702,7.686,0.001
9688,10.232,,,
,14.009,8.567,0.001
9689,10.088,,,
,12.074,6.948,0.002
9690,10.687,,,
,11.829,8.665,0.001
9691,11.664,,,
,14.082,8.804,0.002
9692,8.355,,,
,12.836,7.346,0.001
9693,9.283,,,
,11.441,7.531,0.001
9694,14.005,,,
,13.863,8.919,0.001
9695,10.038,,,
,11.469,7.311,0.001
9696,10.705,,,
,11.494,7.551,0.001
9697,10.336,,,
,13.190,8.972,0.001
9698,10.554,,,
,12.802,7.297,0.001
9699,8.016,,,
,12.895,6.267,0.001
9700,34.648,,,
,13.934,9.174,0.001
9701,11.541,,,
,12.895,6.267,0.001
9702,9.857,,,
,10.498,6.748,0.000
9703,10.223,,,
,9.742,5.900,0.002
9704,9.049,,,
,9.856,6.394,0.002
9705,12.304,,,
,9.846,6.408,0.000
9706,8.540,,,
,12.531,6.764,0.000
9707,7.676,,,
,11.226,8.835,0.001
9708,13.692,,,
,14.305,8.940,0.001
9709,7.764,,,
,12.673,7.057,0.000
9710,9.934,,,
,10.911,7.386,0.001
9711,12.778,,,
,13.892,9.646,0.001
9712,9.329,,,
,11.781,7.530,0.001
9713,9.247,,,
,12.004,7.918,0.002
9714,12.633,,,
,13.933,8.849,0.000
9715,9.359,,,
,12.012,6.774,0.001
9716,10.379,,,
,11.616,9.140,0.000
9717,12.447,,,
,14.249,8.804,0.001
9718,9.730,,,
,13.509,8.793,0.001
9719,8.911,,,
,11.801,7.204,0.001
9720,12.793,,,
,13.641,8.694,0.002
9721,11.333,,,
,11.740,6.941,0.001
9722,12.066,,,
,12.711,6.771,0.001
9723,31.384,,,
,14.003,9.450,0.001
9724,12.139,,,
,9.649,5.651,0.001
9725,27.962,,,
,10.489,6.760,0.002
9726,27.755,,,
,10.008,6.316,0.001
9727,25.194,,,
,9.531,5.884,0.000
9728,25.817,,,
,10.681,6.946,0.002
9729,27.566,,,
,9.531,5.884,0.000
9730,10.883,,,
,10.681,6.946,0.002
9731,9.537,,,
,10.519,6.176,0.001
9732,12.756,,,
,10.088,6.553,0.002
9733,8.563,,,
,11.876,6.962,0.002
9734,8.442,,,
,11.804,7.839,0.001
9735,10.712,,,
,13.702,9.013,0.002
9736,9.786,,,
,12.213,6.768,0.000
9737,11.277,,,
,11.448,8.211,0.001
9738,13.586,,,
,13.815,9.611,0.001
9739,9.541,,,
,12.420,7.231,0.000
9740,9.520,,,
,11.177,7.571,0.002
9741,13.217,,,
,13.700,9.546,0.002
9742,10.297,,,
,11.836,7.358,0.000
9743,7.910,,,
,12.039,7.924,0.002
9744,12.079,,,
,13.948,8.946,0.001
9745,7.667,,,
,12.408,6.775,0.001
9746,10.163,,,
,11.283,9.389,0.002
9747,12.955,,,
,14.232,9.501,0.002
9748,7.525,,,
,13.642,6.746,0.000
9749,10.504,,,
,11.199,8.556,0.000
9750,14.090,,,
,13.797,9.519,0.002
9751,8.590,,,
,12.518,7.598,0.002
9752,9.138,,,
,11.176,3.303,0.001
9753,11.435,,,
,11.203,4.303,0.001
9754,8.810,,,
,11.709,3.433,0.002
9755,7.131,,,
,12.165,3.931,0.001
9756,11.716,,,
,12.439,4.239,0.001
9757,8.963,,,
,11.601,3.367,0.002
9758,8.790,,,
,12.256,3.628,0.001
9759,10.667,,,
,12.085,4.708,0.002
9760,10.304,,,
,12.543,3.363,0.002
9761,9.623,,,
,11.826,3.287,0.002
9762,25.794,,,
,12.729,4.643,0.001
9763,10.487,,,
,11.826,3.287,0.002
9764,11.323,,,
,10.744,3.221,0.001
9765,22.489,,,
,11.313,3.304,0.000
9766,10.007,,,
,10.744,3.221,0.001
9767,8.491,,,
,10.979,3.290,0.001
9768,23.992,,,
,10.847,3.523,0.001
9769,9.796,,,
,10.979,3.290,0.001
9770,7.815,,,
,10.495,3.140,0.001
9771,9.867,,,
,10.543,3.405,0.000
9772,9.691,,,
,11.252,3.367,0.002
9773,8.890,,,
,11.188,3.612,0.000
9774,10.834,,,
,11.368,4.377,0.001
9775,9.352,,,
,11.505,3.398,0.002
9776,9.912,,,
,12.379,3.632,0.001
9777,10.857,,,
,12.435,4.235,0.001
9778,8.905,,,
,11.714,3.383,0.001
9779,9.001,,,
,12.274,3.648,0.000
9780,10.699,,,
,12.305,4.311,0.000
9781,9.591,,,
,11.985,3.294,0.001
9782,9.594,,,
,11.724,3.231,0.000
9783,26.001,,,
,13.577,4.648,0.001
9784,10.838,,,
,11.724,3.231,0.000
9785,10.343,,,
,10.766,3.230,0.001
9786,7.925,,,
,11.381,3.305,0.001
9787,11.490,,,
,10.459,3.150,0.002
9788,9.011,,,
,11.368,3.821,0.000
9789,10.377,,,
,12.026,3.919,0.000
9790,10.201,,,
,11.987,3.146,0.001
9791,9.183,,,
,11.216,3.881,0.000
9792,11.525,,,
,14.428,4.305,0.001
9793,8.293,,,
,12.098,3.075,0.000
9794,9.718,,,
,11.165,3.604,0.001
9795,10.492,,,
,13.984,4.272,0.002
9796,9.587,,,
,12.758,3.233,0.001
9797,8.552,,,
,11.758,3.729,0.001
9798,12.113,,,
,13.677,4.620,0.000
9799,9.242,,,
,12.272,3.069,0.001
9800,9.271,,,
,10.902,3.830,0.001
9801,12.191,,,
,14.224,4.288,0.001
9802,9.320,,,
,12.180,3.072,0.002
9803,8.885,,,
,10.924,3.980,0.002
9804,8.992,,,
,14.206,4.327,0.001
9805,10.616,,,
,12.694,3.292,0.002
9806,7.791,,,
,12.018,3.727,0.001
9807,9.900,,,
,13.676,4.573,0.000
9808,9.502,,,
,12.796,3.233,0.001
9809,9.407,,,
,11.767,3.613,0.000
9810,10.886,,,
,14.229,4.250,0.000
9811,8.143,,,
,12.587,3.143,0.001
9812,9.771,,,
,11.190,3.693,0.002
9813,9.712,,,
,13.462,4.305,0.002
9814,12.280,,,
,13.120,3.238,0.001
9815,12.292,,,
,11.516,3.776,0.000
9816,10.659,,,
,14.235,4.301,0.001
9817,9.412,,,
,12.654,3.150,0.000
9818,8.829,,,
,11.432,3.390,0.000
9819,12.629,,,
,13.765,4.172,0.002
9820,8.382,,,
,13.009,3.076,0.001
9821,8.816,,,
,13.005,3.154,0.001
9822,27.148,,,
,10.057,2.927,0.000
9823,21.981,,,
,13.005,3.154,0.001
9824,9.706,,,
,10.057,2.927,0.000
9825,8.853,,,
,9.744,2.933,0.001
9826,9.328,,,
,10.469,3.922,0.000
9827,12.482,,,
,12.262,3.629,0.002
9828,12.117,,,
,12.336,3.066,0.001
9829,11.608,,,
,13.147,3.224,0.002
9830,26.123,,,
,14.485,4.309,0.001
9831,9.868,,,
,13.147,3.224,0.002
9832,8.848,,,
,10.348,3.062,0.001
9833,9.505,,,
,10.900,3.610,0.001
9834,8.173,,,
,12.381,3.703,0.002
9835,11.689,,,
,11.894,3.475,0.001
9836,10.146,,,
,12.547,4.055,0.001
9837,9.754,,,
,11.819,3.540,0.001
9838,9.982,,,
,11.913,3.848,0.000
9839,10.149,,,
,11.084,3.295,0.000
9840,32.207,,,
,11.502,3.395,0.000
9841,8.943,,,
,11.084,3.295,0.000
9842,10.225,,,
,10.764,3.229,0.001
9843,10.432,,,
,11.635,3.394,0.002
9844,10.297,,,
,11.443,4.095,0.001
9845,9.974,,,
,11.919,3.234,0.000
9846,9.111,,,
,11.749,4.145,0.002
9847,13.181,,,
,13.880,4.751,0.001
9848,8.975,,,
,11.570,3.146,0.001
9849,10.037,,,
,11.338,3.949,0.002
9850,10.709,,,
,12.421,3.951,0.000
9851,10.459,,,
,11.982,3.154,0.001
9852,8.276,,,
,11.211,4.110,0.001
9853,10.361,,,
,14.428,4.298,0.001
9854,8.140,,,
,12.188,3.144,0.001
9855,8.717,,,
,11.200,4.031,0.000
9856,12.384,,,
,14.662,4.363,0.001
9857,8.285,,,
,11.750,3.146,0.002
9858,8.683,,,
,11.602,3.809,0.000
9859,13.463,,,
,12.589,4.568,0.001
9860,8.935,,,
,11.772,3.152,0.001
9861,9.252,,,
,11.579,3.668,0.000
9862,9.784,,,
,12.114,4.385,0.000
9863,7.633,,,
,12.650,3.236,0.001
9864,9.007,,,
,11.763,3.897,0.001
9865,14.322,,,
,13.887,4.710,0.001
9866,11.758,,,
,11.659,3.142,0.000
9867,8.472,,,
,11.630,3.639,0.000
9868,11.436,,,
,12.265,4.098,0.002
9869,8.835,,,
,12.067,3.152,0.002
9870,8.268,,,
,11.246,4.241,0.000
9871,12.043,,,
,13.900,4.676,0.000
9872,9.158,,,
,11.957,3.144,0.000
9873,9.639,,,
,12.498,3.232,0.001
9874,25.940,,,
,12.608,4.577,0.002
9875,9.530,,,
,12.498,3.232,0.001
9876,9.592,,,
,12.812,3.369,0.002
9877,25.703,,,
,11.749,3.803,0.000
9878,9.918,,,
,12.812,3.369,0.002
9879,9.547,,,
,10.591,3.148,0.001
9880,9.602,,,
,11.465,3.627,0.001
9881,8.176,,,
,10.787,3.146,0.001
9882,10.125,,,
,11.520,3.932,0.000
9883,10.825,,,
,13.004,4.511,0.001
9884,9.437,,,
,12.555,3.153,0.000
9885,9.948,,,
,11.195,4.015,0.001
9886,12.598,,,
,14.442,4.294,0.002
9887,9.389,,,
,11.808,3.070,0.002
9888,8.636,,,
,11.152,3.805,0.001
9889,12.456,,,
,13.365,4.637,0.001
9890,7.472,,,
,13.236,4.705,0.001
9891,32.620,,,
,11.457,3.932,0.004
9892,8.294,,,
,13.236,4.705,0.001
9893,10.037,,,
,12.803,3.373,0.002
9894,10.000,,,
,12.035,4.493,0.001
9895,7.988,,,
,12.375,3.363,0.001
9896,7.805,,,
,12.359,4.239,0.001
9897,10.947,,,
,14.197,4.234,0.002
9898,9.421,,,
,11.641,3.289,0.001
9899,9.606,,,
,12.218,3.222,0.001
9900,26.558,,,
,10.755,3.228,0.000
9901,22.787,,,
,12.218,3.222,0.001
9902,8.058,,,
,10.755,3.228,0.000
9903,10.976,,,
,10.481,3.141,0.001
9904,8.938,,,
,11.893,3.287,0.002
9905,25.245,,,
,10.763,3.231,0.000
9906,24.389,,,
,10.492,3.147,0.001
9907,23.405,,,
,10.763,3.231,0.000
9908,8.440,,,
,9.479,2.834,0.000
9909,26.187,,,
,9.768,2.929,0.002
9910,12.434,,,
,9.479,2.834,0.000
9911,10.426,,,
,11.240,3.369,0.001
9912,10.813,,,
,10.649,3.395,0.001
9913,9.787,,,
,11.706,3.490,0.000
9914,9.222,,,
,10.951,3.223,0.000
9915,28.715,,,
,10.480,3.146,0.002
9916,23.009,,,
,10.951,3.223,0.000
9917,10.795,,,
,10.480,3.146,0.002
9918,9.518,,,
,10.005,2.879,0.000
9919,10.193,,,
,11.758,3.490,0.002
9920,24.254,,,
,10.514,4.274,0.002
9921,10.156,,,
,11.758,3.490,0.002
9922,13.349,,,
,11.477,3.434,0.001
9923,26.483,,,
,11.295,3.699,0.001
9924,10.822,,,
,11.477,3.434,0.001
9925,11.036,,,
,9.897,2.725,0.001
9926,11.392,,,
,9.645,3.185,0.001
9927,11.000,,,
,12.387,3.365,0.001
9928,10.331,,,
,10.907,3.612,0.001
9929,10.763,,,
,10.888,4.004,0.002
9930,10.377,,,
,12.145,2.599,0.001
9931,10.108,,,
,9.185,3.024,0.001
9932,9.185,,,
,10.867,4.151,0.002
9933,12.073,,,
,12.837,3.864,0.000
9934,9.766,,,
,12.677,3.654,0.002
9935,11.347,,,
,13.009,4.051,0.002
9936,10.608,,,
,11.812,3.533,0.000
9937,10.715,,,
,11.462,3.438,0.001
9938,27.937,,,
,12.235,3.887,0.000
9939,11.353,,,
,11.462,3.438,0.001
9940,9.468,,,
,10.490,2.906,0.000
9941,10.232,,,
,9.891,3.226,0.001
9942,12.741,,,
,12.403,3.574,0.002
9943,12.440,,,
,11.231,3.308,0.001
9944,12.849,,,
,12.388,4.051,0.002
9945,11.122,,,
,12.501,3.740,0.002
9946,10.517,,,
,11.203,3.686,0.000
9947,10.671,,,
,12.581,4.053,0.001
9948,10.626,,,
,12.381,3.701,0.001
9949,8.162,,,
,11.890,3.475,0.002
9950,11.050,,,
,12.674,4.113,0.002
9951,8.697,,,
,12.097,3.598,0.001
9952,9.373,,,
,11.466,3.432,0.000
9953,26.482,,,
,10.789,3.233,0.001
9954,22.622,,,
,11.466,3.432,0.000
9955,10.929,,,
,10.789,3.233,0.001
9956,9.326,,,
,9.988,2.725,0.002
9957,8.653,,,
,9.646,3.191,0.002
9958,11.405,,,
,10.917,4.348,0.000
9959,8.825,,,
,12.412,3.707,0.001
9960,9.874,,,
,12.189,3.551,0.001
9961,10.709,,,
,12.523,3.993,0.001
9962,10.171,,,
,11.728,3.491,0.002
9963,7.811,,,
,11.792,3.766,0.000
9964,9.207,,,
,12.238,4.052,0.001
9965,10.426,,,
,11.588,3.398,0.001
9966,14.561,,,
,12.375,3.641,0.002
9967,11.599,,,
,12.277,4.293,0.001
9968,8.524,,,
,11.763,3.285,0.002
9969,9.773,,,
,12.080,3.764,0.001
9970,9.246,,,
,12.474,4.551,0.002
9971,11.316,,,
,12.565,3.232,0.002
9972,8.259,,,
,11.776,3.957,0.002
9973,12.505,,,
,14.129,4.749,0.001
9974,9.524,,,
,11.953,3.139,0.001
9975,8.100,,,
,11.259,4.274,0.001
9976,11.868,,,
,13.200,4.562,0.001
9977,8.081,,,
,11.883,3.142,0.001
9978,9.768,,,
,11.485,3.926,0.000
9979,12.804,,,
,12.991,4.641,0.002
9980,7.945,,,
,12.248,3.139,0.002
9981,9.256,,,
,11.231,4.447,0.001
9982,12.575,,,
,13.722,4.712,0.001
9983,8.591,,,
,11.487,3.224,0.001
9984,9.396,,,
,11.925,3.623,0.001
9985,11.112,,,
,12.260,4.286,0.001
9986,8.722,,,
,12.073,3.291,0.000
9987,8.555,,,
,11.878,4.413,0.000
9988,11.028,,,
,13.416,4.598,0.001
9989,9.547,,,
,13.051,3.926,0.000
9990,7.957,,,
,14.181,3.778,0.001
9991,13.716,,,
,12.751,4.725,0.001
9992,10.012,,,
,11.476,3.431,0.002
9993,9.818,,,
,11.983,3.483,0.001
9994,11.124,,,
,12.228,4.049,0.002
9995,10.256,,,
,11.338,3.368,0.001
9996,9.146,,,
,12.098,3.545,0.001
9997,10.607,,,
,12.036,4.236,0.001
9998,9.646,,,
,11.734,3.293,0.001
9999,8.924,,,
,12.220,3.928,0.002
10000,11.173,,,
,12.980,4.715,0.000
10001,8.251,,,
,11.951,3.226,0.000
10002,9.305,,,
,11.625,4.349,0.001
10003,12.518,,,
,13.218,4.591,0.000
10004,8.112,,,
,11.398,3.146,0.000
10005,9.734,,,
,12.042,3.146,0.001
10006,25.662,,,
,12.384,3.990,0.002
10007,10.836,,,
,12.042,3.146,0.001
10008,8.845,,,
,10.264,3.064,0.000
10009,22.512,,,
,11.182,3.690,0.001
10010,9.709,,,
,10.264,3.064,0.000
10011,7.528,,,
,10.027,2.996,0.000
10012,9.525,,,
,10.910,3.226,0.001
10013,9.867,,,
,10.014,2.992,0.001
10014,9.211,,,
,10.729,4.042,0.000
10015,11.047,,,
,12.710,3.855,0.002
10016,8.245,,,
,14.077,4.716,0.000
10017,33.437,,,
,11.204,3.731,0.001
10018,8.989,,,
,14.077,4.716,0.000
10019,11.049,,,
,13.208,3.287,0.001
10020,10.710,,,
,11.722,3.832,0.001
10021,9.156,,,
,12.384,3.234,0.000
10022,8.179,,,
,11.506,4.022,0.001
10023,13.864,,,
,14.666,4.367,0.000
10024,9.293,,,
,11.587,3.068,0.001
10025,8.248,,,
,10.957,4.205,0.001
10026,12.358,,,
,13.008,4.569,0.000
10027,10.423,,,
,13.482,4.055,0.000
10028,8.526,,,
,11.033,2.597,0.001
10029,37.687,,,
,11.068,4.192,0.001
10030,19.351,,,
,8.341,2.536,0.002
10031,27.569,,,
,9.763,2.680,0.000
10032,28.157,,,
,8.165,2.434,0.000
10033,21.910,,,
,8.513,2.593,0.002
10034,25.234,,,
,8.988,2.706,0.001
10035,21.844,,,
,8.513,2.593,0.002
10036,9.905,,,
,8.988,2.706,0.001
10037,10.136,,,
,9.219,2.785,0.001
10038,8.913,,,
,10.162,3.043,0.001
10039,10.383,,,
,9.501,2.865,0.000
10040,12.413,,,
,10.205,3.714,0.001
10041,10.292,,,
,13.039,4.262,0.002
10042,9.593,,,
,13.456,4.053,0.001
10043,11.400,,,
,11.709,3.394,0.002
10044,27.324,,,
,11.500,4.216,0.002
10045,14.488,,,
,11.709,3.394,0.002
10046,11.549,,,
,10.759,2.773,0.001
10047,8.811,,,
,9.874,2.925,0.001
10048,10.977,,,
,11.843,3.526,0.001
10049,8.112,,,
,11.194,3.703,0.002
10050,9.761,,,
,12.362,4.048,0.000
10051,11.035,,,
,12.080,3.597,0.000
10052,7.976,,,
,11.582,3.436,0.001
10053,24.474,,,
,12.410,3.991,0.000
10054,8.736,,,
,11.582,3.436,0.001
10055,10.642,,,
,11.240,3.367,0.001
10056,10.791,,,
,11.422,3.705,0.001
10057,8.337,,,
,10.985,3.289,0.000
10058,9.566,,,
,11.671,3.372,0.002
10059,25.657,,,
,11.248,3.370,0.001
10060,24.812,,,
,11.671,3.372,0.002
10061,10.239,,,
,11.248,3.370,0.001
10062,8.094,,,
,10.520,3.017,0.001
10063,9.867,,,
,12.174,3.003,0.001
10064,29.514,,,
,10.228,3.336,0.001
10065,17.651,,,
,12.174,3.003,0.001
10066,13.521,,,
,10.025,2.995,0.002
10067,14.727,,,
,9.298,2.931,0.001
10068,14.013,,,
,11.246,3.268,0.000
10069,13.694,,,
,11.701,3.492,0.002
10070,26.632,,,
,10.713,2.775,0.001
10071,27.349,,,
,11.701,3.492,0.002
10072,11.579,,,
,10.713,2.775,0.001
10073,10.210,,,
,8.799,2.601,0.001
10074,9.897,,,
,9.183,3.041,0.001
10075,11.723,,,
,11.859,4.278,0.001
10076,10.259,,,
,13.947,3.442,0.001
10077,10.516,,,
,11.518,3.746,0.002
10078,11.049,,,
,13.158,4.237,0.000
10079,10.565,,,
,12.839,3.865,0.000
10080,8.037,,,
,12.347,3.478,0.001
10081,12.777,,,
,12.244,3.991,0.001
10082,10.023,,,
,11.233,3.368,0.001
10083,10.189,,,
,11.563,3.369,0.001
10084,25.787,,,
,12.003,4.047,0.000
10085,8.711,,,
,11.563,3.369,0.001
10086,11.366,,,
,10.981,3.289,0.002
10087,11.038,,,
,11.415,3.710,0.000
10088,8.951,,,
,10.490,3.144,0.001
10089,10.509,,,
,11.107,3.627,0.002
10090,12.468,,,
,11.152,4.003,0.002
10091,9.166,,,
,11.363,3.225,0.000
10092,10.188,,,
,11.582,4.088,0.001
10093,11.279,,,
,12.519,4.583,0.001
10094,9.618,,,
,11.915,3.148,0.001
10095,7.289,,,
,11.512,3.992,0.001
10096,12.709,,,
,13.198,4.682,0.000
10097,9.859,,,
,11.763,3.153,0.001
10098,9.205,,,
,11.572,3.697,0.001
10099,9.873,,,
,12.235,4.441,0.002
10100,11.884,,,
,12.562,3.230,0.002
10101,7.993,,,
,11.802,3.992,0.002
10102,12.109,,,
,14.091,4.745,0.001
10103,9.862,,,
,11.964,3.152,0.000
10104,10.942,,,
,11.455,3.938,0.001
10105,11.131,,,
,13.232,4.706,0.000
10106,9.769,,,
,13.695,4.125,0.001
10107,8.404,,,
,13.560,3.765,0.000
10108,13.364,,,
,12.799,4.598,0.001
10109,8.830,,,
,11.491,3.430,0.001
10110,9.721,,,
,11.898,3.473,0.000
10111,10.890,,,
,12.239,3.993,0.001
10112,10.203,,,
,11.416,3.394,0.000
10113,9.948,,,
,11.523,3.375,0.001
10114,27.285,,,
,12.460,4.232,0.002
10115,13.103,,,
,11.523,3.375,0.001
10116,10.585,,,
,11.238,3.294,0.002
10117,9.645,,,
,10.091,3.287,0.001
10118,10.724,,,
,12.087,3.611,0.002
10119,8.204,,,
,11.716,3.494,0.000
10120,26.981,,,
,10.494,3.065,0.002
10121,23.366,,,
,11.716,3.494,0.000
10122,8.807,,,
,10.494,3.065,0.002
10123,11.189,,,
,9.725,2.782,0.001
10124,9.336,,,
,12.408,3.703,0.000
10125,26.891,,,
,11.183,4.381,0.002
10126,10.166,,,
,12.408,3.703,0.000
10127,8.903,,,
,11.250,3.120,0.001
10128,10.539,,,
,10.700,3.478,0.002
10129,9.811,,,
,12.539,3.432,0.000
10130,8.729,,,
,11.451,3.383,0.002
10131,11.890,,,
,12.818,4.054,0.000
10132,8.444,,,
,12.670,3.631,0.000
10133,9.126,,,
,11.225,3.699,0.001
10134,10.958,,,
,12.682,4.049,0.002
10135,8.830,,,
,12.543,3.719,0.001
10136,8.843,,,
,12.206,3.646,0.001
10137,27.952,,,
,12.462,3.996,0.001
10138,10.309,,,
,12.206,3.646,0.001
10139,9.040,,,
,10.999,3.289,0.001
10140,11.843,,,
,11.358,3.698,0.001
10141,10.883,,,
,11.014,3.291,0.002
10142,9.625,,,
,10.903,3.484,0.002
10143,10.982,,,
,11.043,4.348,0.001
10144,8.362,,,
,11.411,3.370,0.001
10145,9.198,,,
,12.257,3.627,0.000
10146,10.498,,,
,12.278,4.295,0.001
10147,9.075,,,
,11.870,3.288,0.000
10148,10.382,,,
,11.759,3.978,0.002
10149,8.244,,,
,13.680,4.239,0.001
10150,9.909,,,
,12.455,3.365,0.000
10151,8.417,,,
,12.288,4.022,0.001
10152,11.079,,,
,14.131,4.715,0.001
10153,11.262,,,
,12.289,3.143,0.001
10154,11.617,,,
,11.217,4.131,0.001
10155,13.117,,,
,14.425,4.360,0.002
10156,10.309,,,
,11.750,3.147,0.001
10157,7.536,,,
,11.593,3.810,0.002
10158,11.608,,,
,12.609,4.603,0.001
10159,8.000,,,
,12.348,3.226,0.002
10160,9.439,,,
,11.964,3.224,0.001
10161,25.717,,,
,13.710,4.637,0.001
10162,10.281,,,
,11.964,3.224,0.001
10163,8.050,,,
,10.796,3.223,0.000
10164,10.827,,,
,11.548,3.381,0.000
10165,10.080,,,
,10.470,3.144,0.002
10166,12.637,,,
,12.009,3.225,0.002
10167,25.713,,,
,10.942,4.233,0.000
10168,9.943,,,
,12.009,3.225,0.002
10169,10.307,,,
,10.516,3.156,0.001
10170,10.318,,,
,11.292,3.795,0.001
10171,9.126,,,
,10.289,3.073,0.001
10172,8.821,,,
,11.066,3.815,0.000
10173,10.023,,,
,11.968,3.787,0.001
10174,10.939,,,
,12.609,3.229,0.002
10175,11.814,,,
,12.937,3.234,0.002
10176,25.895,,,
,14.226,4.276,0.002
10177,10.421,,,
,12.937,3.234,0.002
10178,9.308,,,
,10.145,3.006,0.000
10179,10.037,,,
,10.811,3.945,0.002
10180,8.378,,,
,10.806,3.064,0.000
10181,10.017,,,
,11.145,3.749,0.001
10182,10.952,,,
,13.512,4.610,0.001
10183,9.232,,,
,12.828,3.148,0.001
10184,7.639,,,
,11.514,3.676,0.001
10185,13.199,,,
,13.880,4.745,0.000
10186,8.983,,,
,12.043,3.072,0.001
10187,8.987,,,
,11.226,3.891,0.001
10188,11.366,,,
,13.015,4.639,0.001
10189,8.422,,,
,12.165,3.152,0.000
10190,9.407,,,
,11.897,3.150,0.001
10191,26.913,,,
,13.503,4.701,0.001
10192,10.143,,,
,11.897,3.150,0.001
10193,8.313,,,
,10.476,3.148,0.000
10194,10.575,,,
,11.169,3.699,0.002
10195,9.092,,,
,10.242,3.068,0.002
10196,10.298,,,
,10.916,3.609,0.002
10197,11.826,,,
,10.902,4.012,0.001
10198,7.699,,,
,12.021,3.145,0.001
10199,8.791,,,
,11.184,4.195,0.001
10200,12.526,,,
,13.892,4.666,0.001
10201,9.895,,,
,11.867,3.142,0.002
10202,9.277,,,
,11.489,3.932,0.001
10203,10.575,,,
,12.990,4.508,0.000
10204,8.951,,,
,12.398,3.150,0.001
10205,10.069,,,
,11.210,4.144,0.002
10206,13.135,,,
,14.452,4.293,0.002
10207,9.432,,,
,11.526,3.150,0.000
10208,10.582,,,
,11.345,4.108,0.001
10209,11.439,,,
,12.471,4.467,0.001
10210,9.299,,,
,11.986,3.148,0.000
10211,9.146,,,
,11.476,3.946,0.002
10212,12.020,,,
,13.708,4.768,0.001
10213,11.649,,,
,13.167,3.228,0.002
10214,10.027,,,
,12.543,3.757,0.000
10215,27.632,,,
,12.710,4.436,0.001
10216,13.774,,,
,8.918,2.715,0.000
10217,21.546,,,
,10.648,2.648,0.002
10218,9.793,,,
,8.918,2.715,0.000
10219,10.370,,,
,9.925,2.929,0.002
10220,22.509,,,
,9.778,2.930,0.001
10221,21.523,,,
,9.925,2.929,0.002
10222,9.814,,,
,9.778,2.930,0.001
10223,8.932,,,
,9.791,2.933,0.001
10224,9.516,,,
,12.338,3.232,0.001
10225,26.353,,,
,10.426,3.496,0.002
10226,9.579,,,
,10.241,3.072,0.001
10227,22.615,,,
,10.545,3.137,0.001
10228,10.344,,,
,8.736,2.648,0.002
10229,20.174,,,
,9.782,2.792,0.002
10230,9.477,,,
,8.691,2.720,0.001
10231,19.895,,,
,9.031,2.728,0.001
10232,21.067,,,
,8.691,2.720,0.001
10233,10.588,,,
,9.031,2.728,0.001
10234,8.402,,,
,8.868,2.558,0.001
10235,8.395,,,
,9.021,2.970,0.002
10236,11.616,,,
,10.843,4.050,0.001
10237,9.483,,,
,12.515,3.758,0.000
10238,8.621,,,
,12.219,3.912,0.001
10239,12.625,,,
,12.932,4.108,0.001
10240,9.618,,,
,12.098,3.600,0.002
10241,10.322,,,
,11.296,3.707,0.002
10242,8.507,,,
,12.374,4.050,0.002
10243,10.496,,,
,11.842,3.543,0.001
10244,8.249,,,
,11.338,3.371,0.000
10245,26.143,,,
,12.570,4.051,0.000
10246,10.385,,,
,11.338,3.371,0.000
10247,8.762,,,
,11.006,3.286,0.001
10248,9.880,,,
,10.872,3.482,0.002
10249,7.603,,,
,11.238,3.373,0.001
10250,9.453,,,
,11.181,3.603,0.002
10251,9.590,,,
,10.979,4.464,0.001
10252,8.738,,,
,11.682,3.394,0.001
10253,9.575,,,
,12.447,3.697,0.001
10254,11.698,,,
,12.475,4.268,0.000
10255,9.683,,,
,11.823,3.225,0.001
10256,8.091,,,
,11.856,3.993,0.001
10257,14.457,,,
,13.230,4.775,0.001
10258,9.859,,,
,11.502,3.230,0.001
10259,9.787,,,
,11.751,3.479,0.000
10260,10.892,,,
,11.737,4.228,0.001
10261,11.267,,,
,12.084,3.363,0.002
10262,11.550,,,
,12.155,4.610,0.001
10263,11.551,,,
,14.208,4.229,0.001
10264,8.386,,,
,11.541,3.285,0.000
10265,9.171,,,
,11.351,3.222,0.002
10266,29.089,,,
,10.783,3.227,0.000
10267,23.371,,,
,10.220,3.037,0.000
10268,23.089,,,
,9.582,2.795,0.000
10269,21.504,,,
,10.220,3.037,0.000
10270,8.882,,,
,9.582,2.795,0.000
10271,9.182,,,
,9.212,2.724,0.002
10272,10.720,,,
,12.072,3.602,0.001
10273,25.128,,,
,11.370,3.395,0.000
10274,23.614,,,
,12.072,3.602,0.001
10275,7.684,,,
,11.370,3.395,0.000
10276,11.307,,,
,10.484,3.138,0.001
10277,9.885,,,
,11.695,3.492,0.001
10278,25.433,,,
,11.391,4.345,0.002
10279,10.742,,,
,11.695,3.492,0.001
10280,8.540,,,
,11.240,3.369,0.002
10281,9.246,,,
,10.727,3.482,0.002
10282,9.419,,,
,12.179,3.643,0.001
10283,9.750,,,
,11.750,3.394,0.002
10284,10.025,,,
,12.276,3.999,0.001
10285,10.150,,,
,11.706,3.490,0.001
10286,9.859,,,
,11.987,3.856,0.002
10287,11.971,,,
,12.391,4.049,0.001
10288,8.034,,,
,11.267,3.373,0.001
10289,10.107,,,
,11.814,3.817,0.002
10290,10.471,,,
,12.274,4.116,0.002
10291,9.236,,,
,11.638,3.371,0.001
10292,14.511,,,
,12.326,3.724,0.002
10293,8.396,,,
,12.250,4.581,0.001
10294,11.997,,,
,12.422,3.363,0.001
10295,8.882,,,
,12.255,4.244,0.004
10296,13.956,,,
,14.666,4.297,0.001
10297,9.377,,,
,11.205,3.152,0.000
10298,7.849,,,
,12.018,3.224,0.001
10299,25.612,,,
,10.515,3.150,0.000
10300,23.941,,,
,10.484,3.135,0.000
10301,23.648,,,
,10.515,3.150,0.000
10302,12.741,,,
,10.484,3.135,0.000
10303,8.152,,,
,12.203,3.645,0.002
10304,24.973,,,
,10.474,2.923,0.002
10305,22.843,,,
,12.203,3.645,0.002
10306,8.935,,,
,10.474,2.923,0.002
10307,11.371,,,
,9.647,2.782,0.001
10308,9.432,,,
,10.058,2.990,0.000
10309,9.008,,,
,11.603,4.335,0.001
10310,10.107,,,
,11.842,2.681,0.002
10311,10.511,,,
,9.487,3.131,0.002
10312,10.148,,,
,11.659,4.271,0.000
10313,8.495,,,
,13.245,3.993,0.000
10314,8.399,,,
,12.067,3.913,0.000
10315,12.212,,,
,13.315,4.170,0.001
10316,9.427,,,
,12.829,3.869,0.002
10317,10.551,,,
,11.588,3.364,0.006
10318,9.390,,,
,12.780,4.060,0.002
10319,10.817,,,
,13.059,3.844,0.001
10320,9.565,,,
,11.979,3.545,0.002
10321,11.234,,,
,12.894,3.989,0.001
10322,9.920,,,
,12.504,3.748,0.001
10323,8.589,,,
,11.293,3.713,0.000
10324,10.503,,,
,12.172,3.932,0.000
10325,11.917,,,
,12.068,3.602,0.001
10326,10.289,,,
,11.411,3.396,0.002
10327,25.363,,,
,11.234,3.365,0.000
10328,25.358,,,
,10.008,2.817,0.002
10329,21.933,,,
,11.234,3.365,0.000
10330,9.793,,,
,9.458,3.127,0.001
10331,24.078,,,
,9.167,2.677,0.002
10332,10.860,,,
,9.458,3.127,0.001
10333,10.362,,,
,12.396,3.547,0.001
10334,11.185,,,
,11.151,3.308,0.001
10335,9.591,,,
,12.393,3.195,0.001
10336,8.804,,,
,10.923,3.620,0.002
10337,10.666,,,
,12.443,4.540,0.000
10338,10.181,,,
,13.029,3.635,0.001
10339,11.470,,,
,12.832,3.744,0.000
10340,26.864,,,
,9.691,2.727,0.000
10341,26.868,,,
,12.832,3.744,0.000
10342,8.725,,,
,9.543,3.222,0.002
10343,25.761,,,
,9.314,2.828,0.000
10344,9.523,,,
,9.543,3.222,0.002
10345,7.766,,,
,10.453,3.000,0.000
10346,9.049,,,
,10.694,3.473,0.002
10347,10.871,,,
,13.751,4.707,0.001
10348,9.620,,,
,13.146,3.146,0.001
10349,7.348,,,
,11.280,3.708,0.000
10350,11.722,,,
,14.236,4.295,0.000
10351,9.175,,,
,12.479,3.065,0.001
10352,8.753,,,
,10.887,3.629,0.001
10353,11.359,,,
,14.108,4.247,0.001
10354,11.710,,,
,12.810,3.142,0.001
10355,8.412,,,
,11.205,3.756,0.002
10356,9.069,,,
,14.255,4.227,0.000
10357,11.094,,,
,12.915,3.369,0.001
10358,8.753,,,
,11.994,3.906,0.001
10359,11.519,,,
,14.692,4.336,0.002
10360,10.692,,,
,12.420,3.073,0.000
10361,8.902,,,
,10.944,3.623,0.002
10362,12.062,,,
,14.122,4.251,0.000
10363,10.172,,,
,12.564,3.063,0.001
10364,9.212,,,
,10.877,3.621,0.001
10365,12.364,,,
,14.133,4.244,0.001
10366,8.947,,,
,13.029,3.006,0.000
10367,9.061,,,
,10.956,3.446,0.001
10368,12.120,,,
,13.657,4.150,0.000
10369,8.384,,,
,12.438,3.070,0.001
10370,10.967,,,
,10.900,3.877,0.001
10371,12.270,,,
,14.454,4.344,0.001
10372,11.369,,,
,12.100,3.145,0.001
10373,11.508,,,
,11.202,4.281,0.001
10374,10.343,,,
,13.890,4.705,0.001
10375,9.234,,,
,12.180,3.152,0.001
10376,8.747,,,
,11.194,3.712,0.002
10377,12.451,,,
,14.046,4.348,0.001
10378,9.828,,,
,12.015,3.069,0.002
10379,9.831,,,
,11.172,3.773,0.001
10380,9.777,,,
,13.476,4.543,0.000
10381,11.251,,,
,13.045,3.283,0.001
10382,8.165,,,
,11.700,4.157,0.001
10383,13.647,,,
,14.151,4.653,0.001
10384,7.936,,,
,11.489,3.066,0.000
10385,9.574,,,
,10.955,4.061,0.001
10386,11.011,,,
,12.774,3.844,0.000
10387,10.280,,,
,12.104,3.142,0.001
10388,10.574,,,
,11.181,4.010,0.002
10389,12.379,,,
,14.480,4.295,0.001
10390,11.054,,,
,11.847,3.068,0.001
10391,9.076,,,
,11.171,3.783,0.002
10392,13.945,,,
,13.633,4.278,0.002
10393,10.044,,,
,11.827,3.141,0.001
10394,9.159,,,
,11.555,3.765,0.001
10395,10.227,,,
,12.467,4.540,0.000
10396,10.955,,,
,13.691,4.124,0.001
10397,10.087,,,
,11.622,3.300,0.001
10398,11.277,,,
,11.946,3.879,0.000
10399,10.237,,,
,11.470,3.426,0.001
10400,10.220,,,
,12.149,3.549,0.000
10401,10.684,,,
,12.269,4.045,0.002
10402,8.914,,,
,11.485,3.367,0.002
10403,8.960,,,
,11.994,3.910,0.001
10404,9.077,,,
,12.327,4.172,0.002
10405,9.928,,,
,11.901,3.228,0.001
10406,10.548,,,
,13.177,3.288,0.000
10407,26.096,,,
,9.995,2.998,0.001
10408,23.989,,,
,10.003,2.995,0.000
10409,23.159,,,
,9.995,2.998,0.001
10410,10.564,,,
,8.865,2.643,0.001
10411,21.269,,,
,9.423,2.786,0.001
10412,9.967,,,
,8.865,2.643,0.001
10413,9.139,,,
,8.723,2.642,0.000
10414,9.733,,,
,9.306,3.092,0.001
10415,9.493,,,
,12.667,3.718,0.002
10416,10.821,,,
,11.453,3.776,0.001
10417,13.796,,,
,12.960,4.117,0.002
10418,10.361,,,
,12.657,3.412,0.001
10419,10.427,,,
,11.174,3.302,0.001
10420,11.379,,,
,12.714,4.110,0.001
10421,10.272,,,
,13.033,3.690,0.001
10422,8.908,,,
,11.454,3.789,0.000
10423,10.338,,,
,11.763,3.472,0.000
10424,9.474,,,
,12.514,3.758,0.000
10425,8.431,,,
,11.272,3.707,0.000
10426,12.810,,,
,12.506,4.051,0.001
10427,10.123,,,
,12.177,3.638,0.000
10428,9.545,,,
,11.460,3.383,0.001
10429,10.118,,,
,12.453,4.048,0.001
10430,8.864,,,
,12.054,3.604,0.001
10431,9.364,,,
,12.169,3.543,0.001
10432,12.155,,,
,12.487,3.997,0.001
10433,9.416,,,
,11.458,3.432,0.002
10434,9.704,,,
,11.991,3.471,0.000
10435,11.288,,,
,12.022,3.995,0.001
10436,9.431,,,
,11.340,3.375,0.000
10437,9.546,,,
,12.097,3.544,0.001
10438,10.332,,,
,12.052,4.230,0.001
10439,10.345,,,
,12.003,3.285,0.002
10440,8.686,,,
,11.701,3.826,0.000
10441,11.514,,,
,13.359,4.299,0.001
10442,11.297,,,
,13.053,3.701,0.000
10443,10.429,,,
,11.814,3.487,0.001
10444,11.937,,,
,13.097,4.110,0.001
10445,8.076,,,
,12.865,3.521,0.002
10446,9.492,,,
,10.938,3.609,0.002
10447,11.147,,,
,12.147,4.460,0.000
10448,9.088,,,
,13.047,3.783,0.002
10449,10.129,,,
,11.791,3.474,0.001
10450,12.080,,,
,12.848,4.046,0.002
10451,8.793,,,
,12.669,3.627,0.000
10452,7.490,,,
,10.897,3.612,0.001
10453,13.794,,,
,12.184,4.397,0.002
10454,10.704,,,
,12.667,3.395,0.001
10455,8.963,,,
,10.945,3.230,0.000
10456,10.271,,,
,11.061,4.361,0.002
10457,9.877,,,
,11.354,2.642,0.001
10458,8.941,,,
,9.529,2.841,0.001
10459,14.064,,,
,12.038,4.329,0.001
10460,9.355,,,
,13.607,3.004,0.000
10461,7.323,,,
,10.736,3.536,0.002
10462,11.491,,,
,12.818,4.463,0.001
10463,8.060,,,
,12.649,3.078,0.001
10464,9.815,,,
,10.927,3.608,0.001
10465,10.430,,,
,12.970,4.510,0.001
10466,9.463,,,
,13.057,3.432,0.001
10467,8.261,,,
,11.542,3.753,0.000
10468,9.951,,,
,13.547,4.231,0.000
10469,8.650,,,
,12.857,3.566,0.001
10470,9.043,,,
,11.516,3.797,0.001
10471,9.748,,,
,13.239,4.166,0.000
10472,10.115,,,
,13.043,3.819,0.002
10473,9.435,,,
,11.995,3.537,0.000
10474,10.580,,,
,13.019,4.046,0.000
10475,10.614,,,
,12.545,3.753,0.001
10476,8.965,,,
,12.412,3.708,0.003
10477,27.695,,,
,12.777,4.053,0.001
10478,10.240,,,
,12.412,3.708,0.003
10479,7.832,,,
,10.341,2.834,0.001
10480,12.304,,,
,10.107,3.289,0.002
10481,11.344,,,
,12.421,3.068,0.001
10482,10.105,,,
,12.829,3.085,0.001
10483,28.125,,,
,12.934,4.536,0.001
10484,10.877,,,
,12.829,3.085,0.001
10485,9.468,,,
,12.199,3.292,0.000
10486,25.314,,,
,9.851,3.256,0.001
10487,9.931,,,
,12.199,3.292,0.000
10488,8.875,,,
,10.466,3.066,0.002
10489,10.167,,,
,10.903,4.146,0.002
10490,9.895,,,
,11.353,3.160,0.002
10491,9.283,,,
,11.256,4.246,0.002
10492,11.556,,,
,13.696,4.645,0.001
10493,11.971,,,
,12.216,3.148,0.000
10494,11.589,,,
,11.198,4.126,0.001
10495,9.908,,,
,14.188,4.339,0.001
10496,10.880,,,
,12.490,3.235,0.001
10497,7.488,,,
,11.525,4.172,0.002
10498,10.548,,,
,14.318,4.748,0.002
10499,9.832,,,
,12.222,3.143,0.001
10500,9.736,,,
,11.228,4.110,0.001
10501,10.630,,,
,14.342,4.753,0.000
10502,8.480,,,
,12.194,3.148,0.000
10503,8.875,,,
,11.191,4.223,0.002
10504,12.197,,,
,14.171,4.293,0.001
10505,7.710,,,
,11.761,3.140,0.002
10506,8.917,,,
,11.457,3.920,0.001
10507,9.985,,,
,12.995,4.611,0.002
10508,8.511,,,
,12.597,3.226,0.001
10509,8.656,,,
,11.775,3.936,0.001
10510,12.981,,,
,14.089,4.738,0.001
10511,9.460,,,
,11.863,3.142,0.002
10512,7.341,,,
,11.573,3.883,0.001
10513,10.640,,,
,12.888,4.680,0.001
10514,7.786,,,
,12.318,3.229,0.001
10515,8.921,,,
,11.484,4.415,0.001
10516,11.412,,,
,14.132,4.641,0.001
10517,8.188,,,
,11.636,3.145,0.001
10518,9.048,,,
,11.591,3.811,0.000
10519,10.821,,,
,12.603,4.572,0.001
10520,9.444,,,
,12.274,3.148,0.000
10521,7.951,,,
,11.227,4.260,0.000
10522,10.614,,,
,14.102,4.694,0.002
10523,10.137,,,
,12.153,3.148,0.001
10524,8.797,,,
,11.203,4.188,0.001
10525,11.051,,,
,13.895,4.680,0.001
10526,8.089,,,
,12.332,3.146,0.001
10527,9.344,,,
,12.366,3.148,0.001
10528,26.172,,,
,13.884,4.733,0.002
10529,8.486,,,
,12.366,3.148,0.001
10530,10.487,,,
,10.754,3.144,0.000
10531,23.146,,,
,11.411,3.958,0.001
10532,10.114,,,
,10.754,3.144,0.000
10533,9.436,,,
,10.240,3.066,0.001
10534,9.423,,,
,10.914,3.598,0.002
10535,10.845,,,
,10.229,3.062,0.001
10536,8.180,,,
,11.007,3.906,0.000
10537,10.146,,,
,12.282,3.743,0.001
10538,9.559,,,
,12.622,3.227,0.001
10539,11.360,,,
,11.721,3.556,0.000
10540,10.793,,,
,14.205,4.262,0.001
10541,8.880,,,
,12.841,3.230,0.002
10542,11.347,,,
,12.965,3.284,0.001
10543,25.759,,,
,14.198,4.271,0.001
10544,13.185,,,
,12.965,3.284,0.001
10545,11.436,,,
,10.229,3.064,0.000
10546,23.823,,,
,11.171,3.307,0.000
10547,2.253,,,
,10.229,3.064,0.000
10548,1.712,,,
,4.339,2.663,0.000
10549,1.346,,,
,4.242,2.666,0.000
10550,1.521,,,
,5.419,2.656,0.001
10551,2.199,,,
,5.987,2.992,0.002
10552,1.541,,,
,4.776,2.994,0.000
10553,1.775,,,
,4.938,3.103,0.001
10554,11.493,,,
,4.918,3.105,0.001
10555,10.672,,,
,4.938,3.103,0.001
10556,1.553,,,
,4.918,3.105,0.001
10557,1.779,,,
,4.634,2.922,0.000
10558,2.084,,,
,5.985,2.921,0.002
10559,2.266,,,
,6.018,2.994,0.001
10560,1.584,,,
,4.778,2.990,0.001
10561,2.759,,,
,4.763,3.026,0.000
10562,11.190,,,
,6.126,2.990,0.002
10563,1.561,,,
,4.763,3.026,0.000
10564,1.382,,,
,4.795,3.018,0.002
10565,2.707,,,
,6.114,2.922,0.002
10566,2.341,,,
,4.650,2.923,0.001
10567,2.584,,,
,4.651,2.922,0.002
10568,11.549,,,
,5.924,2.919,0.001
10569,1.560,,,
,4.651,2.922,0.002
10570,1.567,,,
,4.654,2.920,0.002
10571,2.764,,,
,5.980,2.877,0.000
10572,2.373,,,
,4.557,2.868,0.001
10573,2.152,,,
,5.885,2.869,0.001
10574,3.082,,,
,5.872,2.874,0.001
10575,2.105,,,
,4.561,2.869,0.001
10576,2.287,,,
,5.898,2.875,0.001
10577,2.536,,,
,5.890,2.872,0.000
10578,1.554,,,
,4.917,3.114,0.001
10579,1.579,,,
,6.399,3.107,0.001
10580,1.914,,,
,6.169,3.019,0.001
10581,1.748,,,
,4.801,3.015,0.001
10582,1.776,,,
,6.122,2.995,0.001
10583,2.456,,,
,6.174,3.002,0.001
10584,1.925,,,
,4.891,3.108,0.001
10585,2.982,,,
,4.802,3.017,0.002
10586,11.075,,,
,6.268,3.017,0.002
10587,2.096,,,
,4.802,3.017,0.002
10588,1.880,,,
,4.584,2.995,0.001
10589,1.824,,,
,4.578,2.995,0.001
10590,1.769,,,
,5.797,2.874,0.001
10591,2.573,,,
,5.716,2.873,0.002
10592,1.946,,,
,4.441,2.917,0.002
10593,2.300,,,
,6.012,2.926,0.001
10594,2.764,,,
,5.976,2.926,0.001
10595,2.051,,,
,4.706,2.926,0.001
10596,1.920,,,
,6.359,2.896,0.000
10597,2.697,,,
,6.286,2.876,0.001
10598,1.976,,,
,5.057,2.899,0.000
10599,2.109,,,
,7.126,2.937,0.000
10600,3.263,,,
,7.158,2.998,0.001
10601,2.641,,,
,6.418,3.149,0.001
10602,2.297,,,
,9.092,3.334,0.002
10603,2.208,,,
,8.876,3.334,0.002
10604,1.597,,,
,7.941,3.003,0.002
10605,1.990,,,
,10.455,3.311,0.001
10606,3.446,,,
,11.094,3.813,0.001
10607,2.375,,,
,10.691,3.246,0.001
10608,2.581,,,
,12.589,3.147,0.001
10609,20.056,,,
,13.440,3.819,0.001
10610,1.667,,,
,12.589,3.147,0.001
10611,2.066,,,
,14.193,3.151,0.001
10612,1.741,,,
,14.199,3.346,0.001
10613,2.246,,,
,15.807,3.203,0.001
10614,23.242,,,
,17.715,4.323,0.000
10615,1.670,,,
,15.807,3.203,0.001
10616,1.498,,,
,15.004,3.388,0.002
10617,2.789,,,
,16.729,4.352,0.000
10618,1.987,,,
,15.816,3.343,0.001
10619,1.907,,,
,16.785,3.928,0.000
10620,2.202,,,
,16.963,4.293,0.002
10621,1.738,,,
,15.541,3.443,0.001
10622,2.254,,,
,16.836,3.868,0.001
10623,3.933,,,
,16.928,4.301,0.003
10624,1.507,,,
,16.199,3.547,0.001
10625,1.853,,,
,15.802,3.592,0.001
10626,3.696,,,
,16.575,4.338,0.001
10627,3.037,,,
,15.816,3.249,0.001
10628,1.840,,,
,15.103,3.664,0.000
10629,2.995,,,
,16.236,4.319,0.002
10630,2.210,,,
,15.413,3.303,0.001
10631,3.514,,,
,14.306,3.208,0.002
10632,21.965,,,
,14.998,4.231,0.001
10633,1.607,,,
,14.306,3.208,0.002
10634,2.369,,,
,11.956,3.106,0.000
10635,1.691,,,
,11.599,3.107,0.001
10636,2.782,,,
,12.951,3.535,0.001
10637,3.135,,,
,13.225,4.061,0.001
10638,2.563,,,
,12.330,3.353,0.002
10639,2.587,,,
,12.455,3.146,0.002
10640,20.342,,,
,12.876,4.179,0.002
10641,1.796,,,
,12.455,3.146,0.002
10642,1.442,,,
,11.366,3.148,0.001
10643,3.727,,,
,12.085,4.229,0.001
10644,2.630,,,
,13.219,3.303,0.000
10645,1.636,,,
,12.354,3.500,0.000
10646,19.919,,,
,14.001,3.928,0.000
10647,1.723,,,
,12.354,3.500,0.000
10648,1.560,,,
,11.437,3.144,0.002
10649,18.266,,,
,12.734,3.635,0.001
10650,1.754,,,
,11.437,3.144,0.002
10651,2.821,,,
,10.838,3.002,0.001
10652,1.705,,,
,10.506,2.872,0.002
10653,3.146,,,
,12.638,3.488,0.000
10654,20.786,,,
,13.958,3.912,0.000
10655,2.028,,,
,12.638,3.488,0.000
10656,1.984,,,
,11.872,3.049,0.000
10657,1.654,,,
,11.251,3.000,0.000
10658,1.987,,,
,12.506,3.202,0.001
10659,19.948,,,
,13.828,3.692,0.001
10660,1.787,,,
,12.506,3.202,0.001
10661,2.046,,,
,13.434,3.056,0.000
10662,1.714,,,
,13.449,3.206,0.001
10663,2.661,,,
,15.459,3.928,0.001
10664,4.221,,,
,16.245,4.398,0.001
10665,2.398,,,
,14.473,3.208,0.002
10666,2.461,,,
,14.891,3.445,0.000
10667,21.842,,,
,15.976,3.804,0.001
10668,1.838,,,
,14.891,3.445,0.000
10669,1.897,,,
,14.285,3.220,0.001
10670,1.528,,,
,13.867,3.142,0.001
10671,3.036,,,
,15.407,3.530,0.000
10672,2.409,,,
,16.085,3.739,0.001
10673,2.078,,,
,15.219,3.440,0.001
10674,2.982,,,
,15.210,3.335,0.002
10675,22.478,,,
,14.091,3.001,0.000
10676,18.938,,,
,15.210,3.335,0.002
10677,1.975,,,
,14.091,3.001,0.000
10678,1.556,,,
,13.193,3.004,0.001
10679,1.752,,,
,14.329,3.283,0.001
10680,2.374,,,
,16.350,3.800,0.000
10681,1.918,,,
,15.344,3.342,0.002
10682,3.285,,,
,14.835,3.071,0.002
10683,22.686,,,
,15.784,4.107,0.001
10684,2.173,,,
,14.835,3.071,0.002
10685,1.899,,,
,12.544,3.000,0.002
10686,1.583,,,
,12.276,3.052,0.002
10687,1.777,,,
,13.422,3.398,0.000
10688,20.322,,,
,14.910,3.793,0.001
10689,2.040,,,
,11.917,3.013,0.002
10690,18.292,,,
,12.384,3.146,0.001
10691,1.858,,,
,11.917,3.013,0.002
10692,1.633,,,
,11.800,2.992,0.001
10693,4.984,,,
,13.171,3.494,0.000
10694,1.941,,,
,12.154,3.015,0.002
10695,2.078,,,
,12.675,4.036,0.001
10696,2.038,,,
,14.166,3.738,0.000
10697,1.592,,,
,13.137,3.341,0.002
10698,1.933,,,
,13.377,3.599,0.002
10699,19.472,,,
,15.082,3.962,0.001
10700,2.419,,,
,13.377,3.599,0.002
10701,2.257,,,
,12.961,3.383,0.001
10702,2.475,,,
,13.539,3.931,0.001
10703,1.994,,,
,12.915,3.394,0.001
10704,2.197,,,
,12.093,3.049,0.002
10705,17.792,,,
,13.738,3.583,0.001
10706,1.952,,,
,12.093,3.049,0.002
10707,2.000,,,
,11.890,3.202,0.002
10708,3.504,,,
,13.331,3.779,0.001
10709,2.313,,,
,13.177,3.199,0.001
10710,3.801,,,
,13.071,3.805,0.002
10711,4.146,,,
,14.192,4.223,0.000
10712,2.839,,,
,13.218,3.489,0.001
10713,3.259,,,
,13.382,3.482,0.000
10714,2.806,,,
,13.699,3.627,0.001
10715,2.486,,,
,12.631,3.293,0.002
10716,3.144,,,
,13.656,3.587,0.000
10717,2.557,,,
,13.786,3.799,0.002
10718,2.613,,,
,13.060,3.291,0.003
10719,2.017,,,
,13.336,4.100,0.004
10720,3.369,,,
,14.367,3.793,0.002
10721,2.245,,,
,13.164,3.314,0.002
10722,2.346,,,
,13.066,3.815,0.007
10723,2.882,,,
,14.257,3.853,0.002
10724,2.310,,,
,12.989,3.445,0.000
10725,1.837,,,
,12.214,3.102,0.000
10726,19.596,,,
,13.648,3.582,0.000
10727,1.792,,,
,12.214,3.102,0.000
10728,1.946,,,
,11.613,2.996,0.001
10729,1.485,,,
,11.411,2.996,0.000
10730,2.126,,,
,12.472,3.922,0.002
10731,2.360,,,
,13.709,3.743,0.000
10732,1.961,,,
,13.069,3.289,0.001
10733,2.393,,,
,13.723,3.661,0.002
10734,2.357,,,
,14.007,3.740,0.001
10735,1.995,,,
,13.112,3.494,0.002
10736,3.151,,,
,12.479,3.240,0.000
10737,18.375,,,
,1766152618634.547,3.104,0.001
10738,17.294,,,
,12.479,3.240,0.000
10739,2.145,,,
,11.831,3.104,0.001
10740,1.656,,,
,11.518,3.013,0.001
10741,1.834,,,
,12.986,3.270,0.001
10742,19.750,,,
,14.534,3.814,0.000
10743,2.038,,,
,12.986,3.270,0.001
10744,2.089,,,
,12.029,3.198,0.001
10745,2.195,,,
,13.163,3.927,0.001
10746,1.608,,,
,12.568,3.385,0.001
10747,1.643,,,
,11.923,3.052,0.000
10748,19.324,,,
,13.367,3.581,0.001
10749,2.035,,,
,11.923,3.052,0.000
10750,2.054,,,
,12.376,3.362,0.001
10751,19.626,,,
,12.763,3.494,0.001
10752,2.018,,,
,12.376,3.362,0.001
10753,1.668,,,
,11.045,3.142,0.001
10754,16.986,,,
,12.063,3.416,0.002
10755,1.905,,,
,10.515,3.056,0.001
10756,16.029,,,
,10.718,3.043,0.001
10757,1.772,,,
,10.515,3.056,0.001
10758,1.965,,,
,10.793,3.123,0.000
10759,1.466,,,
,10.475,3.040,0.002
10760,1.854,,,
,1766152619033.156,3.090,0.001
10761,18.207,,,
,11.511,4.018,0.001
10762,1.905,,,
,11.198,3.090,0.001
10763,1.727,,,
,10.302,3.035,0.002
10764,1.936,,,
,10.070,3.027,0.000
10765,2.573,,,
,11.454,3.465,0.001
10766,2.061,,,
,11.593,3.539,0.000
10767,1.437,,,
,10.731,3.241,0.000
10768,2.212,,,
,11.070,3.181,0.001
10769,17.774,,,
,10.766,4.018,0.001
10770,2.033,,,
,11.070,3.181,0.001
10771,1.567,,,
,10.197,3.131,0.001
10772,3.415,,,
,10.921,3.719,0.001
10773,2.580,,,
,9.955,3.035,0.000
10774,2.516,,,
,10.792,3.429,0.002
10775,2.991,,,
,10.924,3.761,0.001
10776,1.836,,,
,10.383,3.203,0.001
10777,2.280,,,
,11.077,3.318,0.001
10778,2.741,,,
,10.537,3.831,0.001
10779,1.784,,,
,10.607,3.260,0.002
10780,2.880,,,
,10.087,2.988,0.001
10781,16.918,,,
,10.846,3.783,0.002
10782,1.981,,,
,10.087,2.988,0.001
10783,1.749,,,
,9.213,2.934,0.001
10784,2.201,,,
,10.587,3.733,0.000
10785,1.525,,,
,9.861,3.111,0.002
10786,2.104,,,
,10.902,3.353,0.001
10787,2.886,,,
,10.390,3.666,0.002
10788,1.701,,,
,9.766,3.124,0.000
10789,1.799,,,
,10.442,3.229,0.001
10790,15.600,,,
,10.886,3.031,0.001
10791,16.819,,,
,10.442,3.229,0.001
10792,2.438,,,
,10.886,3.031,0.001
10793,1.519,,,
,10.539,3.034,0.001
10794,1.598,,,
,11.264,3.615,0.001
10795,2.256,,,
,12.621,4.129,0.001
10796,2.255,,,
,11.543,3.329,0.002
10797,2.659,,,
,11.871,3.145,0.001
10798,19.130,,,
,12.000,4.139,0.001
10799,1.964,,,
,11.871,3.145,0.001
10800,1.922,,,
,11.220,3.064,0.002
10801,1.898,,,
,10.914,3.057,0.001
10802,2.295,,,
,11.537,3.089,0.000
10803,18.444,,,
,12.835,3.582,0.001
10804,1.818,,,
,11.537,3.089,0.000
10805,2.466,,,
,12.004,3.039,0.001
10806,2.012,,,
,12.040,3.243,0.002
10807,2.796,,,
,13.395,4.057,0.001
10808,4.321,,,
,14.412,3.745,0.001
10809,2.861,,,
,13.189,3.234,0.001
10810,3.065,,,
,12.554,3.393,0.000
10811,20.304,,,
,13.592,4.149,0.002
10812,1.608,,,
,12.554,3.393,0.000
10813,2.672,,,
,11.550,3.155,0.001
10814,1.662,,,
,11.348,3.095,0.002
10815,3.215,,,
,11.964,3.627,0.000
10816,2.964,,,
,11.881,3.906,0.002
10817,2.440,,,
,12.166,3.205,0.000
10818,3.169,,,
,12.149,3.735,0.001
10819,2.344,,,
,12.850,4.020,0.000
10820,2.361,,,
,12.167,3.338,0.000
10821,1.616,,,
,12.346,3.135,0.001
10822,19.507,,,
,12.547,4.083,0.001
10823,2.056,,,
,12.346,3.135,0.001
10824,2.003,,,
,11.498,3.037,0.002
10825,1.743,,,
,11.238,3.043,0.001
10826,2.587,,,
,11.601,3.125,0.001
10827,18.661,,,
,12.534,3.885,0.001
10828,1.766,,,
,11.601,3.125,0.001
10829,2.407,,,
,11.126,3.004,0.001
10830,2.232,,,
,10.972,3.150,0.001
10831,2.680,,,
,11.790,3.240,0.002
10832,18.948,,,
,13.023,4.046,0.001
10833,1.802,,,
,11.790,3.240,0.002
10834,1.813,,,
,12.020,3.034,0.001
10835,1.572,,,
,11.879,3.000,0.001
10836,2.638,,,
,13.141,2.986,0.001
10837,20.757,,,
,13.541,3.947,0.002
10838,1.806,,,
,13.141,2.986,0.001
10839,2.111,,,
,12.949,2.986,0.002
10840,1.678,,,
,12.826,3.036,0.002
10841,2.355,,,
,13.854,3.391,0.001
10842,4.103,,,
,14.667,3.912,0.001
10843,1.924,,,
,13.780,3.187,0.001
10844,2.796,,,
,10.592,3.009,0.000
10845,17.937,,,
,11.029,3.828,0.002
10846,2.037,,,
,12.680,3.162,0.001
10847,18.588,,,
,11.883,3.117,0.001
10848,2.183,,,
,13.504,3.066,0.001
10849,19.907,,,
,12.471,2.944,0.001
10850,18.433,,,
,13.504,3.066,0.001
10851,2.052,,,
,12.471,2.944,0.001
10852,1.565,,,
,11.998,2.902,0.001
10853,2.000,,,
,14.757,3.328,0.001
10854,22.089,,,
,15.423,3.870,0.001
10855,1.754,,,
,14.757,3.328,0.001
10856,2.247,,,
,13.309,3.170,0.001
10857,2.080,,,
,12.953,3.219,0.001
10858,3.115,,,
,14.253,3.456,0.001
10859,21.584,,,
,15.620,3.911,0.001
10860,1.813,,,
,14.253,3.456,0.001
10861,2.785,,,
,13.190,3.240,0.000
10862,1.992,,,
,12.904,3.194,0.001
10863,2.452,,,
,13.844,3.445,0.002
10864,2.776,,,
,14.567,3.693,0.000
10865,1.941,,,
,13.762,3.439,0.002
10866,2.283,,,
,14.624,3.654,0.002
10867,2.417,,,
,14.775,3.754,0.002
10868,1.582,,,
,13.301,3.295,0.001
10869,2.732,,,
,14.233,4.262,0.001
10870,3.043,,,
,15.566,3.862,0.002
10871,2.617,,,
,13.585,3.304,0.001
10872,3.638,,,
,14.062,3.877,0.001
10873,3.788,,,
,14.976,3.913,0.001
10874,2.390,,,
,13.636,3.244,0.001
10875,3.157,,,
,14.189,3.596,0.001
10876,3.453,,,
,15.782,3.623,0.001
10877,1.759,,,
,14.320,3.250,0.001
10878,2.071,,,
,14.709,3.703,0.002
10879,3.683,,,
,16.524,3.675,0.002
10880,2.297,,,
,14.785,3.383,0.000
10881,3.090,,,
,14.568,3.317,0.001
10882,22.454,,,
,16.313,3.667,0.002
10883,2.248,,,
,14.568,3.317,0.001
10884,2.066,,,
,13.601,3.166,0.001
10885,1.596,,,
,13.189,3.512,0.001
10886,2.261,,,
,15.867,4.032,0.001
10887,3.637,,,
,16.673,4.026,0.001
10888,2.421,,,
,15.062,3.411,0.002
10889,2.099,,,
,16.129,4.481,0.000
10890,3.149,,,
,17.711,4.081,0.001
10891,2.109,,,
,15.300,3.418,0.001
10892,3.745,,,
,14.809,3.556,0.000
10893,22.733,,,
,16.709,4.104,0.001
10894,1.895,,,
,14.809,3.556,0.000
10895,1.891,,,
,14.426,3.520,0.001
10896,1.613,,,
,13.623,3.318,0.000
10897,2.879,,,
,15.295,3.881,0.000
10898,2.385,,,
,15.924,3.949,0.001
10899,1.895,,,
,14.946,3.624,0.001
10900,1.619,,,
,15.430,4.138,0.002
10901,4.207,,,
,15.996,4.011,0.002
10902,1.816,,,
,14.820,3.617,0.000
10903,2.659,,,
,14.551,3.565,0.001
10904,23.118,,,
,14.915,4.082,0.002
10905,1.864,,,
,14.551,3.565,0.001
10906,2.694,,,
,12.722,3.255,0.000
10907,2.094,,,
,12.109,3.109,0.002
10908,2.853,,,
,12.622,3.159,0.002
10909,20.233,,,
,13.607,3.711,0.000
10910,1.734,,,
,12.622,3.159,0.002
10911,2.517,,,
,12.494,3.068,0.000
10912,1.862,,,
,12.560,3.203,0.001
10913,2.910,,,
,13.773,3.203,0.000
10914,21.670,,,
,15.525,3.883,0.000
10915,1.774,,,
,13.773,3.203,0.000
10916,1.518,,,
,12.993,3.303,0.001
10917,3.490,,,
,14.182,4.237,0.002
10918,2.516,,,
,14.321,3.301,0.001
10919,3.300,,,
,14.300,3.263,0.001
10920,21.451,,,
,15.249,4.151,0.002
10921,1.875,,,
,14.300,3.263,0.001
10922,1.536,,,
,13.424,3.266,0.001
10923,3.272,,,
,14.508,3.704,0.001
10924,2.090,,,
,14.270,3.273,0.001
10925,1.676,,,
,14.039,3.245,0.001
10926,22.218,,,
,15.378,3.820,0.002
10927,2.682,,,
,14.039,3.245,0.001
10928,3.400,,,
,12.741,3.158,0.001
10929,2.036,,,
,13.808,3.457,0.001
10930,2.203,,,
,13.893,3.500,0.000
10931,2.418,,,
,13.601,3.443,0.001
10932,21.183,,,
,14.582,4.130,0.001
10933,1.655,,,
,13.601,3.443,0.001
10934,2.284,,,
,12.856,3.185,0.000
10935,1.927,,,
,12.430,3.054,0.000
10936,2.425,,,
,13.321,3.151,0.001
10937,21.293,,,
,14.455,3.809,0.001
10938,1.668,,,
,13.558,3.242,0.000
10939,19.363,,,
,13.379,3.146,0.001
10940,2.453,,,
,13.558,3.242,0.000
10941,2.286,,,
,13.314,3.088,0.001
10942,1.579,,,
,13.310,3.286,0.001
10943,2.145,,,
,14.122,3.192,0.000
10944,21.978,,,
,16.520,3.990,0.002
10945,1.736,,,
,14.122,3.192,0.000
10946,1.888,,,
,13.295,3.101,0.000
10947,1.482,,,
,13.530,3.303,0.001
10948,1.989,,,
,15.923,3.621,0.001
10949,3.187,,,
,16.764,3.379,0.002
10950,1.790,,,
,14.578,3.071,0.001
10951,3.368,,,
,15.981,3.768,0.001
10952,4.836,,,
,17.016,3.648,0.000
10953,1.599,,,
,14.707,2.996,0.002
10954,1.753,,,
,16.597,3.177,0.002
10955,3.857,,,
,16.916,3.474,0.002
10956,2.538,,,
,14.871,2.976,0.001
10957,3.329,,,
,14.141,2.982,0.000
10958,21.352,,,
,15.745,3.510,0.002
10959,1.741,,,
,14.141,2.982,0.000
10960,1.577,,,
,13.260,2.935,0.000
10961,3.387,,,
,14.519,4.008,0.008
10962,2.063,,,
,14.122,2.986,0.002
10963,3.194,,,
,14.829,3.638,0.001
10964,4.335,,,
,15.941,3.644,0.001
10965,2.516,,,
,13.929,3.002,0.000
10966,3.336,,,
,13.754,3.242,0.001
10967,21.490,,,
,15.774,3.982,0.002
10968,1.793,,,
,13.754,3.242,0.001
10969,1.430,,,
,12.955,3.395,0.001
10970,2.169,,,
,14.218,4.419,0.001
10971,1.510,,,
,14.331,3.492,0.001
10972,3.101,,,
,14.676,3.988,0.002
10973,4.327,,,
,15.383,3.924,0.001
10974,2.491,,,
,13.781,3.289,0.002
10975,2.538,,,
,13.948,3.714,0.001
10976,2.837,,,
,14.861,3.879,0.001
10977,1.968,,,
,13.879,3.522,0.000
10978,2.563,,,
,13.981,4.032,0.002
10979,2.768,,,
,15.192,3.986,0.000
10980,2.742,,,
,13.706,3.541,0.002
10981,3.329,,,
,14.046,4.074,0.002
10982,2.397,,,
,14.262,3.732,0.001
10983,1.613,,,
,12.992,3.373,0.000
10984,1.824,,,
,12.094,3.135,0.001
10985,19.346,,,
,13.573,3.674,0.002
10986,1.973,,,
,10.705,3.138,0.000
10987,16.214,,,
,10.718,3.139,0.001
10988,1.933,,,
,10.705,3.138,0.000
10989,2.239,,,
,10.400,3.146,0.001
10990,1.575,,,
,10.205,3.082,0.000
10991,2.357,,,
,10.956,3.383,0.000
10992,18.727,,,
,11.025,3.380,0.002
10993,1.898,,,
,10.956,3.383,0.000
10994,1.447,,,
,9.715,3.092,0.000
10995,3.136,,,
,11.351,3.258,0.002
10996,1.832,,,
,10.051,3.088,0.002
10997,2.234,,,
,10.893,3.095,0.001
10998,3.978,,,
,11.676,3.342,0.000
10999,2.442,,,
,10.135,3.342,0.002
11000,2.066,,,
,9.443,3.249,0.000
11001,15.869,,,
,10.695,3.148,0.001
11002,1.634,,,
,9.443,3.249,0.000
11003,1.728,,,
,8.577,3.092,0.002
11004,1.781,,,
,8.489,3.036,0.002
11005,1.508,,,
,9.580,3.034,0.000
11006,2.810,,,
,9.496,4.022,0.002
11007,1.494,,,
,8.824,3.139,0.001
11008,1.599,,,
,8.435,3.191,0.002
11009,16.565,,,
,7.950,2.914,0.000
11010,16.189,,,
,8.435,3.191,0.002
11011,2.065,,,
,7.950,2.914,0.000
11012,1.768,,,
,7.400,2.915,0.001
11013,3.902,,,
,9.221,3.152,0.000
11014,3.396,,,
,8.793,3.913,0.000
11015,1.899,,,
,8.707,3.431,0.001
11016,2.150,,,
,9.118,3.772,0.000
11017,3.067,,,
,8.946,3.918,0.001
11018,2.319,,,
,8.716,3.387,0.002
11019,2.557,,,
,9.245,3.475,0.001
11020,3.604,,,
,9.578,3.286,0.001
11021,2.365,,,
,8.361,3.287,0.001
11022,2.698,,,
,8.806,3.373,0.001
11023,2.696,,,
,8.765,3.603,0.001
11024,1.878,,,
,8.301,3.025,0.001
11025,2.226,,,
,8.894,3.502,0.001
11026,3.747,,,
,9.514,2.935,0.000
11027,2.078,,,
,8.222,2.937,0.002
11028,1.953,,,
,8.870,3.427,0.002
11029,2.983,,,
,9.420,3.035,0.000
11030,1.643,,,
,8.791,3.078,0.002
11031,2.171,,,
,9.655,3.190,0.001
11032,2.856,,,
,9.244,3.707,0.002
11033,1.986,,,
,9.268,3.172,0.001
11034,2.481,,,
,9.636,3.564,0.001
11035,3.503,,,
,9.887,3.373,0.002
11036,2.204,,,
,9.208,3.041,0.001
11037,1.995,,,
,9.654,3.494,0.002
11038,3.297,,,
,10.072,3.321,0.002
11039,2.316,,,
,9.292,2.910,0.000
11040,2.411,,,
,9.466,2.896,0.001
11041,15.946,,,
,10.391,3.419,0.001
11042,1.875,,,
,9.466,2.896,0.001
11043,1.416,,,
,9.284,2.894,0.000
11044,2.544,,,
,10.643,3.747,0.001
11045,1.771,,,
,9.852,3.071,0.000
11046,2.084,,,
,11.094,3.363,0.001
11047,2.936,,,
,10.823,3.698,0.003
11048,1.666,,,
,10.103,3.102,0.001
11049,1.744,,,
,10.772,3.525,0.002
11050,3.144,,,
,10.745,3.402,0.002
11051,1.881,,,
,10.735,3.240,0.002
11052,2.021,,,
,11.489,3.309,0.000
11053,2.475,,,
,11.334,3.795,0.001
11054,1.915,,,
,10.724,3.062,0.002
11055,1.987,,,
,11.944,3.358,0.001
11056,3.671,,,
,17.461,3.959,0.001
11057,2.258,,,
,16.546,3.010,0.001
11058,2.830,,,
,15.912,3.846,0.002
11059,4.863,,,
,19.366,3.834,0.002
11060,2.982,,,
,15.465,2.788,0.001
11061,4.358,,,
,14.350,2.950,0.001
11062,20.753,,,
,16.807,3.529,0.002
11063,1.831,,,
,14.350,2.950,0.001
11064,1.688,,,
,14.163,2.817,0.001
11065,1.506,,,
,14.315,3.078,0.001
11066,1.748,,,
,13.801,4.022,0.002
11067,2.267,,,
,14.960,3.603,0.002
11068,1.450,,,
,13.689,3.151,0.001
11069,2.070,,,
,14.581,3.606,0.000
11070,2.813,,,
,15.365,3.650,0.002
11071,2.042,,,
,13.615,3.224,0.002
11072,1.956,,,
,14.301,3.436,0.001
11073,2.167,,,
,14.617,3.985,0.002
11074,1.760,,,
,13.854,3.266,0.000
11075,4.553,,,
,14.016,3.173,0.002
11076,20.487,,,
,15.195,3.580,0.002
11077,1.874,,,
,14.016,3.173,0.002
11078,2.182,,,
,13.866,3.090,0.001
11079,1.471,,,
,13.643,3.044,0.001
11080,2.110,,,
,14.929,3.434,0.001
11081,3.606,,,
,15.223,4.116,0.001
11082,1.971,,,
,14.363,3.086,0.001
11083,2.739,,,
,14.770,4.192,0.002
11084,4.234,,,
,16.137,3.697,0.001
11085,1.945,,,
,13.783,3.048,0.001
11086,1.956,,,
,14.561,3.703,0.002
11087,3.467,,,
,15.574,3.702,0.001
11088,2.535,,,
,13.848,3.097,0.002
11089,2.687,,,
,14.324,3.700,0.001
11090,2.160,,,
,15.365,3.704,0.001
11091,1.675,,,
,14.028,3.224,0.002
11092,2.620,,,
,13.950,3.041,0.000
11093,21.892,,,
,15.151,3.697,0.002
11094,1.636,,,
,13.950,3.041,0.000
11095,1.878,,,
,12.602,2.921,0.001
11096,1.696,,,
,12.170,2.920,0.001
11097,2.549,,,
,14.156,3.484,0.000
11098,4.713,,,
,14.724,3.643,0.000
11099,2.148,,,
,13.585,3.320,0.001
11100,2.957,,,
,13.892,3.344,0.002
11101,2.390,,,
,14.146,3.660,0.001
11102,1.827,,,
,13.045,3.131,0.001
11103,2.328,,,
,14.311,3.779,0.001
11104,2.648,,,
,15.168,3.758,0.001
11105,1.799,,,
,13.785,3.221,0.000
11106,2.654,,,
,13.885,3.270,0.000
11107,19.552,,,
,15.362,3.827,0.001
11108,1.716,,,
,13.885,3.270,0.000
11109,1.871,,,
,13.118,3.041,0.001
11110,1.720,,,
,12.424,3.054,0.000
11111,2.178,,,
,13.207,3.271,0.000
11112,20.916,,,
,14.682,3.711,0.001
11113,1.859,,,
,13.207,3.271,0.000
11114,1.953,,,
,12.140,3.009,0.001
11115,1.491,,,
,12.251,3.046,0.000
11116,1.855,,,
,13.151,3.774,0.001
11117,2.934,,,
,13.810,3.594,0.001
11118,1.661,,,
,12.930,3.133,0.001
11119,2.038,,,
,13.055,3.310,0.001
11120,20.372,,,
,14.226,3.705,0.001
11121,1.900,,,
,13.055,3.310,0.001
11122,2.146,,,
,13.465,3.324,0.001
11123,20.694,,,
,13.648,3.870,0.001
11124,2.291,,,
,13.465,3.324,0.001
11125,2.372,,,
,13.082,3.094,0.000
11126,2.345,,,
,12.794,3.006,0.001
11127,2.148,,,
,13.276,3.052,0.001
11128,19.700,,,
,12.423,2.868,0.001
11129,17.819,,,
,13.276,3.052,0.001
11130,1.805,,,
,12.423,2.868,0.001
11131,1.898,,,
,12.021,2.830,0.002
11132,1.977,,,
,14.084,3.178,0.001
11133,20.196,,,
,14.963,4.118,0.001
11134,1.988,,,
,14.084,3.178,0.001
11135,2.274,,,
,13.265,3.014,0.000
11136,1.720,,,
,12.940,3.136,0.001
11137,1.992,,,
,14.444,3.559,0.001
11138,2.612,,,
,15.438,3.716,0.001
11139,1.702,,,
,14.524,3.309,0.000
11140,1.869,,,
,14.717,3.541,0.000
11141,2.199,,,
,15.837,3.829,0.001
11142,1.571,,,
,14.120,3.380,0.001
11143,1.829,,,
,14.213,3.936,0.002
11144,2.313,,,
,14.708,3.652,0.001
11145,1.527,,,
,13.595,3.377,0.000
11146,1.720,,,
,14.018,3.543,0.000
11147,4.006,,,
,13.714,3.541,0.001
11148,2.307,,,
,12.058,3.007,0.001
11149,3.058,,,
,12.468,3.744,0.000
11150,3.996,,,
,14.063,3.719,0.002
11151,2.012,,,
,12.582,3.142,0.001
11152,3.463,,,
,11.293,3.145,0.001
11153,18.399,,,
,12.568,3.494,0.000
11154,1.911,,,
,11.293,3.145,0.001
11155,1.709,,,
,11.950,3.332,0.000
11156,19.484,,,
,10.990,3.588,0.002
11157,2.298,,,
,11.950,3.332,0.000
11158,1.800,,,
,10.553,3.092,0.000
11159,2.713,,,
,11.621,3.388,0.001
11160,1.965,,,
,10.229,2.943,0.003
11161,2.781,,,
,10.657,3.758,0.001
11162,4.139,,,
,12.242,3.629,0.001
11163,2.053,,,
,10.687,3.203,0.000
11164,2.291,,,
,11.167,3.287,0.001
11165,2.802,,,
,11.037,3.471,0.001
11166,2.053,,,
,10.170,3.078,0.000
11167,2.804,,,
,10.192,3.008,0.001
11168,15.734,,,
,11.213,3.461,0.001
11169,1.972,,,
,10.192,3.008,0.001
11170,2.313,,,
,11.059,2.918,0.012
11171,2.107,,,
,10.723,2.926,0.001
11172,1.790,,,
,12.032,3.314,0.000
11173,3.050,,,
,12.211,3.410,0.000
11174,1.969,,,
,10.844,2.931,0.002
11175,2.417,,,
,11.364,3.240,0.002
11176,3.070,,,
,12.539,3.553,0.001
11177,2.436,,,
,11.027,3.135,0.001
11178,2.068,,,
,11.525,3.570,0.002
11179,3.478,,,
,11.364,3.880,0.002
11180,2.154,,,
,11.434,2.978,0.000
11181,2.713,,,
,11.497,3.560,0.002
11182,2.245,,,
,12.115,3.388,0.002
11183,2.335,,,
,10.920,2.949,0.000
11184,1.877,,,
,11.452,3.143,0.000
11185,17.726,,,
,12.601,3.430,0.001
11186,1.969,,,
,11.452,3.143,0.000
11187,2.050,,,
,10.585,2.771,0.000
11188,18.279,,,
,9.828,2.676,0.000
11189,16.111,,,
,10.585,2.771,0.000
11190,2.497,,,
,9.828,2.676,0.000
11191,1.805,,,
,9.315,2.786,0.002
11192,2.148,,,
,10.417,2.924,0.001
11193,16.575,,,
,11.415,3.521,0.002
11194,2.356,,,
,10.417,2.924,0.001
11195,2.985,,,
,9.969,2.719,0.014
11196,1.661,,,
,9.455,2.773,0.000
11197,2.494,,,
,10.248,2.905,0.002
11198,16.438,,,
,10.963,3.772,0.001
11199,1.746,,,
,10.248,2.905,0.002
11200,2.130,,,
,9.378,2.832,0.000
11201,1.714,,,
,9.086,2.838,0.000
11202,2.120,,,
,10.195,3.227,0.001
11203,3.060,,,
,10.240,3.370,0.001
11204,2.276,,,
,9.385,3.055,0.001
11205,2.796,,,
,8.559,2.941,0.001
11206,15.361,,,
,9.924,3.322,0.002
11207,2.144,,,
,8.559,2.941,0.001
11208,1.493,,,
,7.593,2.892,0.000
11209,13.645,,,
,8.683,3.196,0.001
11210,1.675,,,
,7.593,2.892,0.000
11211,1.933,,,
,6.987,2.832,0.001
11212,1.454,,,
,6.922,2.806,0.002
11213,1.792,,,
,7.755,3.085,0.002
11214,3.163,,,
,7.736,3.722,0.001
11215,2.189,,,
,7.390,3.001,0.001
11216,1.970,,,
,7.776,3.511,0.002
11217,2.530,,,
,8.064,3.429,0.001
11218,1.816,,,
,7.479,3.127,0.000
11219,1.925,,,
,8.644,3.414,0.002
11220,2.886,,,
,8.620,3.407,0.001
11221,2.007,,,
,7.664,3.170,0.001
11222,2.127,,,
,7.492,3.088,0.002
11223,15.008,,,
,8.412,3.314,0.002
11224,2.338,,,
,7.492,3.088,0.002
11225,2.422,,,
,7.248,2.835,0.001
11226,2.502,,,
,7.922,3.152,0.001
11227,1.564,,,
,7.231,3.086,0.001
11228,1.891,,,
,8.320,3.690,0.000
11229,3.725,,,
,8.499,3.353,0.002
11230,2.102,,,
,7.231,2.949,0.001
11231,2.555,,,
,7.097,2.816,0.002
11232,13.158,,,
,8.227,3.238,0.002
11233,1.876,,,
,7.097,2.816,0.002
11234,1.462,,,
,6.816,2.814,0.001
11235,2.384,,,
,7.999,3.499,0.001
11236,1.802,,,
,7.671,3.137,0.001
11237,1.813,,,
,8.498,3.361,0.001
11238,1.814,,,
,8.524,3.454,0.001
11239,10.783,,,
,7.588,3.127,0.001
11240,11.460,,,
,7.915,3.842,0.000
11241,9.574,,,
,6.382,2.995,0.001
11242,22.358,,,
,6.830,3.209,0.001
11243,24.007,,,
,5.782,2.691,0.002
11244,20.208,,,
,6.830,3.209,0.001
11245,10.898,,,
,5.046,2.392,0.002
11246,16.776,,,
,5.326,2.593,0.001
11247,17.293,,,
,5.046,2.392,0.002
11248,10.503,,,
,5.223,2.409,0.001
11249,17.695,,,
,5.384,2.483,0.000
11250,10.110,,,
,5.223,2.409,0.001
11251,11.127,,,
,4.951,2.354,0.000
11252,17.479,,,
,4.949,2.351,0.001
11253,16.761,,,
,4.951,2.354,0.000
11254,8.734,,,
,5.125,2.408,0.001
11255,16.419,,,
,5.091,2.372,0.000
11256,17.015,,,
,5.010,2.359,0.001
11257,18.079,,,
,4.971,2.289,0.001
11258,20.711,,,
,4.757,2.280,0.001
11259,19.810,,,
,4.787,2.271,0.001
11260,17.892,,,
,4.757,2.280,0.001
11261,10.419,,,
,5.011,2.372,0.000
11262,17.948,,,
,4.747,2.293,0.001
11263,10.251,,,
,5.011,2.372,0.000
11264,9.933,,,
,5.527,2.597,0.001
11265,18.844,,,
,5.528,2.599,0.000
11266,10.486,,,
,4.999,2.361,0.000
11267,17.643,,,
,4.974,2.310,0.001
11268,17.068,,,
,4.999,2.361,0.000
11269,10.056,,,
,4.974,2.310,0.001
11270,11.109,,,
,29.981,2.703,0.001
11271,18.450,,,
,5.011,2.372,0.001
11272,9.864,,,
,5.244,2.703,0.001
11273,9.575,,,
,5.261,2.478,0.001
11274,18.320,,,
,6.211,2.921,0.000
11275,19.025,,,
,5.261,2.478,0.001
11276,10.959,,,
,6.211,2.921,0.000
11277,10.321,,,
,5.358,2.528,0.001
11278,17.697,,,
,5.352,2.529,0.001
11279,17.017,,,
,5.367,2.527,0.000
11280,16.961,,,
,5.352,2.529,0.001
11281,10.711,,,
,5.367,2.527,0.000
11282,10.723,,,
,5.112,2.389,0.001
11283,17.424,,,
,5.046,2.382,0.001
11284,17.494,,,
,4.976,2.380,0.000
11285,17.149,,,
,5.046,2.382,0.001
11286,10.060,,,
,4.976,2.380,0.000
11287,10.009,,,
,5.666,2.449,0.001
11288,18.913,,,
,5.679,2.454,0.002
11289,14.676,,,
,5.578,2.409,0.000
11290,18.136,,,
,5.503,2.374,0.001
11291,18.213,,,
,5.183,2.290,0.001
11292,17.115,,,
,5.148,2.335,0.001
11293,16.218,,,
,5.116,2.359,0.001
11294,17.873,,,
,5.148,2.335,0.001
11295,10.355,,,
,5.374,2.445,0.000
11296,18.061,,,
,5.802,2.700,0.001
11297,20.597,,,
,5.374,2.445,0.000
11298,10.833,,,
,5.095,2.392,0.000
11299,18.290,,,
,5.803,2.402,0.000
11300,10.343,,,
,5.095,2.392,0.000
11301,10.342,,,
,6.278,2.920,0.000
11302,9.773,,,
,5.842,3.183,0.001
11303,18.091,,,
,5.703,2.650,0.000
11304,8.889,,,
,5.842,3.183,0.001
11305,9.078,,,
,6.720,2.859,0.002
11306,11.124,,,
,6.122,2.720,0.000
11307,9.972,,,
,6.572,3.072,0.000
11308,19.872,,,
,5.815,3.061,0.001
11309,9.860,,,
,6.572,3.072,0.000
11310,10.005,,,
,7.646,3.612,0.001
11311,9.014,,,
,8.075,3.571,0.005
11312,9.995,,,
,7.400,3.258,0.001
11313,9.222,,,
,7.338,3.447,0.004
11314,11.158,,,
,7.474,3.199,0.001
11315,9.834,,,
,6.249,2.946,0.000
11316,10.592,,,
,7.432,3.774,0.001
11317,8.233,,,
,8.200,3.996,0.001
11318,10.751,,,
,7.543,3.444,0.001
11319,8.203,,,
,7.288,3.774,0.002
11320,9.742,,,
,7.586,3.994,0.001
11321,10.067,,,
,7.541,3.700,0.001
11322,10.233,,,
,7.158,3.496,0.003
11323,22.042,,,
,6.250,3.011,0.001
11324,18.546,,,
,5.770,2.848,0.001
11325,17.073,,,
,6.250,3.011,0.001
11326,8.216,,,
,5.770,2.848,0.001
11327,10.347,,,
,5.532,2.726,0.000
11328,10.225,,,
,5.957,2.928,0.001
11329,19.057,,,
,5.274,2.611,0.001
11330,9.783,,,
,5.957,2.928,0.001
11331,10.094,,,
,5.548,2.726,0.002
11332,18.489,,,
,6.111,3.007,0.001
11333,19.121,,,
,5.548,2.726,0.002
11334,9.788,,,
,5.601,2.727,0.001
11335,17.118,,,
,5.508,2.658,0.001
11336,16.534,,,
,5.601,2.727,0.001
11337,10.619,,,
,5.508,2.658,0.001
11338,9.758,,,
,5.373,2.607,0.002
11339,7.845,,,
,5.269,2.602,0.002
11340,10.222,,,
,5.527,2.804,0.001
11341,9.370,,,
,7.134,3.493,0.001
11342,8.930,,,
,7.454,3.787,0.009
11343,9.958,,,
,7.579,3.482,0.002
11344,8.281,,,
,7.613,3.754,0.002
11345,7.910,,,
,7.948,3.677,0.003
11346,10.561,,,
,7.343,3.393,0.000
11347,8.698,,,
,7.430,3.650,0.000
11348,9.866,,,
,7.309,3.360,0.000
11349,8.983,,,
,7.161,3.322,0.002
11350,10.032,,,
,7.427,3.550,0.001
11351,7.606,,,
,7.286,3.812,0.008
11352,9.781,,,
,7.321,4.193,0.001
11353,9.260,,,
,7.585,3.179,0.001
11354,8.273,,,
,7.366,3.402,0.002
11355,9.991,,,
,7.579,4.123,0.001
11356,9.929,,,
,7.458,3.375,0.000
11357,15.396,,,
,7.589,3.967,0.002
11358,11.756,,,
,7.193,3.535,0.002
11359,9.635,,,
,7.012,3.375,0.001
11360,9.252,,,
,7.228,3.410,0.001
11361,8.574,,,
,7.711,3.426,0.000
11362,20.626,,,
,6.297,2.796,0.000
11363,19.438,,,
,5.662,2.691,0.001
11364,17.224,,,
,6.297,2.796,0.000
11365,10.508,,,
,5.662,2.691,0.001
11366,11.492,,,
,5.163,2.552,0.001
11367,17.089,,,
,5.273,2.578,0.001
11368,10.101,,,
,5.163,2.552,0.001
11369,8.098,,,
,5.535,2.726,0.001
11370,19.935,,,
,5.608,2.736,0.002
11371,9.739,,,
,5.535,2.726,0.001
11372,10.218,,,
,5.374,2.650,0.001
11373,17.539,,,
,5.388,2.656,0.003
11374,9.369,,,
,5.374,2.650,0.001
11375,8.530,,,
,5.407,2.687,0.000
11376,10.732,,,
,5.658,3.215,0.000
11377,19.134,,,
,5.263,2.601,0.002
11378,8.783,,,
,5.990,2.783,0.002
11379,19.013,,,
,5.611,2.653,0.002
11380,19.752,,,
,5.271,2.551,0.000
11381,20.485,,,
,5.611,2.653,0.002
11382,11.489,,,
,5.271,2.551,0.000
11383,10.570,,,
,5.143,2.548,0.001
11384,17.672,,,
,5.143,2.552,0.000
11385,17.630,,,
,5.142,2.513,0.001
11386,18.134,,,
,5.143,2.552,0.000
11387,11.765,,,
,4.984,2.482,0.001
11388,17.922,,,
,5.011,2.470,0.002
11389,10.177,,,
,4.984,2.482,0.001
11390,10.208,,,
,6.233,3.074,0.001
11391,8.740,,,
,5.444,2.687,0.001
11392,19.212,,,
,5.929,2.917,0.000
11393,11.189,,,
,5.444,2.687,0.001
11394,9.200,,,
,6.716,3.289,0.002
11395,8.880,,,
,5.534,2.731,0.001
11396,19.182,,,
,5.846,2.751,0.001
11397,11.812,,,
,5.534,2.731,0.001
11398,10.257,,,
,5.871,2.883,0.000
11399,20.112,,,
,6.978,3.119,0.003
11400,10.259,,,
,5.871,2.883,0.000
11401,9.852,,,
,6.862,3.375,0.001
11402,9.899,,,
,7.419,3.240,0.000
11403,9.835,,,
,6.020,2.937,0.002
11404,8.433,,,
,6.269,3.158,0.001
11405,9.261,,,
,6.958,3.750,0.001
11406,11.407,,,
,6.426,3.074,0.001
11407,9.828,,,
,6.246,3.077,0.001
11408,9.281,,,
,6.707,3.363,0.004
11409,9.356,,,
,7.905,3.625,0.002
11410,10.149,,,
,8.752,4.060,0.000
11411,9.632,,,
,7.195,3.535,0.001
11412,8.691,,,
,7.875,3.766,0.007
11413,10.720,,,
,7.559,3.485,0.001
11414,9.708,,,
,7.551,3.701,0.001
11415,8.621,,,
,7.831,3.347,0.001
11416,10.563,,,
,7.177,3.315,0.001
11417,9.573,,,
,7.435,3.638,0.001
11418,8.591,,,
,7.079,3.586,0.006
11419,9.389,,,
,7.208,3.388,0.000
11420,7.865,,,
,7.338,3.416,0.003
11421,10.520,,,
,7.363,3.398,0.000
11422,16.052,,,
,6.276,3.048,0.001
11423,21.293,,,
,6.494,3.082,0.002
11424,10.289,,,
,6.276,3.048,0.001
11425,8.169,,,
,6.119,2.980,0.001
11426,11.797,,,
,6.551,3.038,0.001
11427,10.614,,,
,5.661,2.791,0.002
11428,8.910,,,
,6.591,3.359,0.004
11429,10.277,,,
,7.600,3.938,0.001
11430,11.239,,,
,6.424,3.142,0.001
11431,19.637,,,
,7.739,3.664,0.004
11432,9.585,,,
,6.424,3.142,0.001
11433,8.078,,,
,7.370,3.593,0.002
11434,10.293,,,
,7.581,3.400,0.001
11435,9.352,,,
,6.413,3.154,0.002
11436,10.172,,,
,6.592,3.229,0.000
11437,19.648,,,
,10.624,2.978,0.000
11438,24.429,,,
,9.951,2.804,0.001
11439,23.434,,,
,10.624,2.978,0.000
11440,11.913,,,
,9.951,2.804,0.001
11441,10.928,,,
,10.405,2.722,0.000
11442,24.460,,,
,9.790,2.787,0.000
11443,11.758,,,
,10.405,2.722,0.000
11444,10.840,,,
,9.296,2.620,0.000
11445,11.299,,,
,9.964,2.961,0.000
11446,10.589,,,
,10.120,2.700,0.000
11447,9.397,,,
,10.365,2.912,0.001
11448,10.509,,,
,11.715,3.699,0.002
11449,9.834,,,
,12.002,3.312,0.001
11450,9.810,,,
,10.808,3.284,0.001
11451,11.727,,,
,10.851,3.699,0.001
11452,10.884,,,
,10.880,3.031,0.002
11453,9.841,,,
,11.532,3.138,0.000
11454,9.998,,,
,11.178,3.259,0.001
11455,8.778,,,
,10.602,2.806,0.001
11456,11.183,,,
,10.627,3.260,0.001
11457,9.504,,,
,12.117,3.698,0.000
11458,11.802,,,
,11.994,3.305,0.001
11459,11.585,,,
,11.727,2.807,0.001
11460,25.677,,,
,9.574,2.659,0.001
11461,21.498,,,
,9.187,2.628,0.002
11462,22.518,,,
,9.193,2.626,0.000
11463,23.209,,,
,9.191,2.620,0.001
11464,21.188,,,
,9.001,2.575,0.000
11465,22.642,,,
,8.610,2.378,0.001
11466,24.084,,,
,9.001,2.575,0.000
11467,10.237,,,
,8.235,2.409,0.001
11468,25.323,,,
,8.621,2.514,0.001
11469,22.480,,,
,8.235,2.409,0.001
11470,13.174,,,
,8.842,2.538,0.002
11471,25.164,,,
,9.186,2.620,0.000
11472,23.442,,,
,8.842,2.538,0.002
11473,10.585,,,
,9.186,2.620,0.000
11474,8.960,,,
,9.403,2.689,0.001
11475,22.120,,,
,9.321,2.652,0.002
11476,21.246,,,
,9.403,2.689,0.001
11477,8.139,,,
,9.232,2.687,0.000
11478,24.816,,,
,9.178,2.623,0.000
11479,11.043,,,
,9.232,2.687,0.000
11480,9.461,,,
,9.508,2.695,0.000
11481,9.128,,,
,10.190,3.288,0.000
11482,9.547,,,
,10.542,3.287,0.002
11483,11.035,,,
,11.994,3.051,0.000
11484,9.509,,,
,10.972,3.062,0.001
11485,9.500,,,
,11.629,3.778,0.001
11486,8.221,,,
,11.487,3.181,0.000
11487,9.280,,,
,11.827,3.192,0.000
11488,10.567,,,
,11.610,3.332,0.002
11489,7.762,,,
,10.605,2.894,0.001
11490,9.013,,,
,10.978,3.469,0.002
11491,10.075,,,
,11.494,3.189,0.001
11492,10.500,,,
,11.974,2.867,0.002
11493,13.198,,,
,10.819,3.053,0.006
11494,11.232,,,
,11.886,3.434,0.001
11495,9.909,,,
,11.473,3.185,0.002
11496,9.400,,,
,11.087,3.027,0.001
11497,11.066,,,
,10.856,3.609,0.001
11498,8.266,,,
,10.677,2.957,0.001
11499,9.218,,,
,11.228,2.759,0.000
11500,25.224,,,
,9.554,2.654,0.000
11501,20.530,,,
,11.228,2.759,0.000
11502,9.436,,,
,9.554,2.654,0.000
11503,7.260,,,
,9.223,2.623,0.001
11504,8.807,,,
,9.967,2.855,0.000
11505,11.076,,,
,11.486,3.568,0.002
11506,8.838,,,
,12.058,3.323,0.001
11507,11.648,,,
,10.585,3.277,0.000
11508,11.064,,,
,11.320,3.781,0.000
11509,9.499,,,
,11.161,3.105,0.000
11510,9.920,,,
,10.900,2.892,0.001
11511,22.782,,,
,11.066,3.600,0.002
11512,10.109,,,
,9.503,2.700,0.001
11513,22.343,,,
,9.485,2.693,0.001
11514,20.974,,,
,9.503,2.700,0.001
11515,11.861,,,
,9.485,2.693,0.001
11516,10.140,,,
,9.306,2.654,0.001
11517,10.333,,,
,10.911,2.950,0.000
11518,23.944,,,
,9.990,2.811,0.001
11519,23.040,,,
,9.948,2.815,0.000
11520,22.456,,,
,9.990,2.811,0.001
11521,9.789,,,
,7.771,2.443,0.000
11522,20.666,,,
,7.775,2.301,0.000
11523,10.191,,,
,8.734,2.547,0.001
11524,21.513,,,
,8.467,2.478,0.001
11525,11.732,,,
,8.984,2.583,0.000
11526,21.827,,,
,8.997,2.580,0.002
11527,21.087,,,
,8.984,2.583,0.000
11528,9.841,,,
,8.997,2.580,0.002
11529,8.993,,,
,8.973,2.576,0.001
11530,8.060,,,
,9.290,2.922,0.008
11531,11.303,,,
,9.448,2.793,0.001
11532,9.943,,,
,10.636,2.843,0.001
11533,10.775,,,
,10.736,3.370,0.001
11534,11.183,,,
,12.142,3.709,0.002
11535,9.600,,,
,12.007,3.164,0.000
11536,8.314,,,
,10.796,3.080,0.001
11537,9.948,,,
,10.846,3.767,0.002
11538,9.986,,,
,11.243,2.527,0.001
11539,8.903,,,
,9.499,2.734,0.001
11540,10.134,,,
,10.960,3.338,0.002
11541,8.515,,,
,11.458,3.179,0.001
11542,10.073,,,
,11.828,3.202,0.002
11543,2.027,,,
,11.596,3.336,0.000
11544,1.536,,,
,9.773,2.775,0.000
11545,1.889,,,
,11.848,2.921,0.000
11546,4.641,,,
,12.462,3.219,0.000
11547,2.877,,,
,10.966,2.942,0.000
11548,3.111,,,
,11.961,2.943,0.001
11549,2.295,,,
,11.944,2.942,0.002
11550,1.827,,,
,11.535,3.225,0.000
11551,1.840,,,
,10.827,2.922,0.000
11552,16.985,,,
,12.316,3.031,0.002
11553,1.657,,,
,10.827,2.922,0.000
11554,1.704,,,
,10.505,2.923,0.001
11555,2.981,,,
,12.573,3.124,0.001
11556,1.825,,,
,11.039,3.064,0.000
11557,2.359,,,
,10.689,2.940,0.011
11558,17.346,,,
,12.358,2.975,0.001
11559,2.316,,,
,10.689,2.940,0.011
11560,1.498,,,
,10.486,2.929,0.001
11561,16.889,,,
,11.853,2.931,0.002
11562,2.398,,,
,10.486,2.929,0.001
11563,1.857,,,
,10.348,2.810,0.000
11564,1.726,,,
,10.067,2.876,0.002
11565,1.711,,,
,10.931,2.981,0.001
11566,18.001,,,
,12.500,3.123,0.000
11567,1.579,,,
,10.931,2.981,0.001
11568,1.798,,,
,13.035,2.836,0.001
11569,2.025,,,
,12.916,2.880,0.002
11570,2.269,,,
,15.832,2.959,0.001
11571,23.031,,,
,15.466,3.812,0.002
11572,1.963,,,
,21.060,10.473,0.000
11573,35.063,,,
,21.683,11.559,0.000
11574,1.621,,,
,20.762,14.054,0.001
11575,37.094,,,
,22.192,14.667,0.001
11576,1.732,,,
,20.191,13.545,0.001
11577,38.017,,,
,20.406,13.831,0.001
11578,1.841,,,
,20.191,13.545,0.001
11579,1.493,,,
,21.843,13.220,0.002
11580,39.111,,,
,22.463,14.134,0.002
11581,2.020,,,
,18.491,7.090,0.001
11582,28.168,,,
,19.823,6.423,0.001
11583,2.038,,,
,18.491,7.090,0.001
11584,2.211,,,
,20.059,3.033,0.002
11585,1.585,,,
,18.202,2.896,0.001
11586,2.741,,,
,18.389,3.219,0.002
11587,2.715,,,
,18.429,3.539,0.001
11588,1.790,,,
,17.493,2.972,0.001
11589,2.248,,,
,16.967,3.025,0.001
11590,23.280,,,
,17.897,3.612,0.002
11591,1.834,,,
,16.967,3.025,0.001
11592,2.204,,,
,16.063,2.906,0.001
11593,1.513,,,
,15.358,2.855,0.002
11594,2.997,,,
,16.146,3.143,0.001
11595,3.540,,,
,16.602,3.563,0.001
11596,2.595,,,
,16.057,2.861,0.001
11597,2.497,,,
,15.797,2.956,0.000
11598,22.058,,,
,15.662,3.411,0.001
11599,1.813,,,
,15.325,2.845,0.001
11600,20.525,,,
,15.664,2.776,0.002
11601,1.705,,,
,15.325,2.845,0.001
11602,1.942,,,
,16.235,2.777,0.000
11603,1.708,,,
,16.083,2.852,0.001
11604,2.230,,,
,17.243,2.966,0.002
11605,22.317,,,
,17.805,3.539,0.000
11606,1.869,,,
,17.243,2.966,0.002
11607,2.193,,,
,17.957,3.795,0.002
11608,1.968,,,
,17.490,3.715,0.002
11609,2.564,,,
,18.133,3.992,0.002
11610,2.829,,,
,18.245,4.594,0.001
11611,1.895,,,
,17.469,3.715,0.001
11612,1.791,,,
,18.432,3.910,0.001
11613,26.907,,,
,19.358,4.765,0.001
11614,1.791,,,
,18.432,3.910,0.001
11615,2.346,,,
,17.639,5.079,0.001
11616,2.573,,,
,18.499,5.490,0.000
11617,1.773,,,
,20.133,5.577,0.000
11618,3.145,,,
,19.736,5.684,0.000
11619,1.684,,,
,20.888,5.615,0.001
11620,3.059,,,
,21.799,5.142,0.001
11621,30.920,,,
,20.631,5.681,0.002
11622,1.651,,,
,21.799,5.142,0.001
11623,2.256,,,
,17.650,2.837,0.001
11624,1.552,,,
,17.732,2.884,0.000
11625,1.685,,,
,18.026,2.600,0.001
11626,23.474,,,
,18.900,3.535,0.002
11627,2.123,,,
,18.026,2.600,0.001
11628,1.789,,,
,16.486,2.773,0.001
11629,2.582,,,
,17.644,3.220,0.001
11630,1.800,,,
,17.773,2.962,0.002
11631,3.371,,,
,18.848,3.246,0.001
11632,4.112,,,
,18.599,3.561,0.002
11633,2.815,,,
,17.976,2.986,0.002
11634,3.455,,,
,17.540,2.704,0.002
11635,25.136,,,
,18.463,3.534,0.001
11636,1.862,,,
,17.540,2.704,0.002
11637,2.241,,,
,16.196,2.712,0.002
11638,1.462,,,
,16.911,2.892,0.002
11639,2.876,,,
,17.719,2.971,0.001
11640,23.398,,,
,19.217,3.223,0.000
11641,1.752,,,
,17.719,2.971,0.001
11642,1.508,,,
,17.918,2.988,0.001
11643,23.281,,,
,19.365,3.342,0.002
11644,1.741,,,
,17.918,2.988,0.001
11645,1.873,,,
,16.960,2.968,0.002
11646,2.121,,,
,17.941,3.334,0.001
11647,1.930,,,
,17.518,2.976,0.002
11648,2.497,,,
,17.153,3.786,0.001
11649,2.151,,,
,18.220,3.294,0.002
11650,1.532,,,
,16.396,2.994,0.001
11651,2.043,,,
,15.729,3.029,0.000
11652,22.852,,,
,13.071,3.080,0.002
11653,18.503,,,
,15.729,3.029,0.000
11654,2.781,,,
,13.071,3.080,0.002
11655,1.520,,,
,12.850,3.000,0.001
11656,1.910,,,
,13.636,3.301,0.001
11657,3.075,,,
,13.867,3.768,0.001
11658,2.138,,,
,14.179,3.219,0.000
11659,2.622,,,
,13.502,3.102,0.001
11660,20.928,,,
,11.985,3.074,0.000
11661,17.215,,,
,13.502,3.102,0.001
11662,1.920,,,
,12.068,3.018,0.001
11663,17.299,,,
,12.035,3.071,0.001
11664,1.768,,,
,12.068,3.018,0.001
11665,1.813,,,
,12.109,3.078,0.001
11666,1.753,,,
,12.768,3.026,0.002
11667,19.551,,,
,13.322,3.496,0.001
11668,1.906,,,
,12.012,3.052,0.001
11669,17.017,,,
,11.901,3.033,0.001
11670,1.635,,,
,12.012,3.052,0.001
11671,1.636,,,
,12.452,3.088,0.001
11672,2.009,,,
,13.732,3.504,0.001
11673,1.431,,,
,12.550,3.086,0.001
11674,1.947,,,
,13.271,3.443,0.002
11675,2.878,,,
,14.060,3.564,0.001
11676,1.930,,,
,13.823,3.361,0.002
11677,2.612,,,
,14.319,3.316,0.002
11678,21.063,,,
,14.771,3.565,0.001
11679,1.905,,,
,13.172,2.994,0.000
11680,18.536,,,
,13.840,3.117,0.002
11681,2.110,,,
,13.749,2.799,0.000
11682,19.056,,,
,13.960,2.852,0.001
11683,2.402,,,
,13.749,2.799,0.000
11684,2.362,,,
,14.121,2.796,0.002
11685,1.480,,,
,13.660,2.685,0.001
11686,2.441,,,
,14.402,2.789,0.002
11687,20.581,,,
,15.002,3.367,0.002
11688,1.745,,,
,14.402,2.789,0.002
11689,1.944,,,
,15.205,2.798,0.002
11690,1.791,,,
,15.193,2.789,0.002
11691,1.927,,,
,15.198,2.724,0.000
11692,22.432,,,
,16.325,3.068,0.001
11693,2.006,,,
,15.198,2.724,0.000
11694,2.302,,,
,15.390,2.716,0.001
11695,1.405,,,
,15.168,2.675,0.001
11696,2.214,,,
,15.646,2.785,0.000
11697,21.142,,,
,16.456,3.070,0.000
11698,1.725,,,
,15.646,2.785,0.000
11699,1.731,,,
,15.520,2.715,0.001
11700,1.449,,,
,14.818,2.601,0.001
11701,2.545,,,
,15.895,3.223,0.001
11702,2.947,,,
,16.455,3.349,0.002
11703,2.323,,,
,16.101,2.778,0.000
11704,1.545,,,
,17.100,2.928,0.001
11705,1.872,,,
,17.683,3.056,0.002
11706,1.513,,,
,16.899,2.771,0.000
11707,1.924,,,
,16.984,2.585,0.001
11708,24.137,,,
,18.049,3.044,0.001
11709,1.756,,,
,16.984,2.585,0.001
11710,2.216,,,
,15.922,2.657,0.000
11711,1.820,,,
,16.392,2.702,0.001
11712,2.482,,,
,17.767,3.107,0.000
11713,2.521,,,
,17.568,3.067,0.001
11714,2.112,,,
,16.589,2.654,0.001
11715,3.067,,,
,16.006,2.767,0.000
11716,22.320,,,
,16.997,3.076,0.001
11717,1.844,,,
,16.006,2.767,0.000
11718,2.295,,,
,15.734,2.773,0.001
11719,2.036,,,
,15.301,2.705,0.000
11720,2.760,,,
,16.801,2.861,0.000
11721,23.366,,,
,16.322,3.064,0.002
11722,2.053,,,
,16.801,2.861,0.000
11723,1.973,,,
,15.296,2.748,0.001
11724,1.805,,,
,15.910,2.745,0.002
11725,2.274,,,
,15.572,2.646,0.000
11726,23.584,,,
,13.823,2.628,0.001
11727,18.965,,,
,15.572,2.646,0.000
11728,2.235,,,
,13.823,2.628,0.001
11729,1.714,,,
,13.644,2.632,0.001
11730,2.166,,,
,15.375,2.750,0.000
11731,22.218,,,
,16.796,3.345,0.001
11732,2.147,,,
,12.253,2.726,0.000
11733,17.092,,,
,13.030,2.759,0.001
11734,17.660,,,
,12.253,2.726,0.000
11735,1.687,,,
,13.030,2.759,0.001
11736,1.507,,,
,13.253,2.775,0.000
11737,3.743,,,
,14.189,2.948,0.001
11738,20.363,,,
,15.138,3.253,0.001
11739,1.749,,,
,14.189,2.948,0.001
11740,2.340,,,
,13.273,2.813,0.001
11741,1.824,,,
,12.932,2.759,0.002
11742,2.599,,,
,13.803,3.039,0.001
11743,2.254,,,
,14.123,3.097,0.001
11744,1.578,,,
,13.337,2.785,0.002
11745,2.589,,,
,13.937,2.775,0.001
11746,20.613,,,
,15.531,3.344,0.001
11747,2.509,,,
,13.937,2.775,0.001
11748,1.480,,,
,12.850,2.778,0.000
11749,2.982,,,
,13.857,3.056,0.002
11750,1.828,,,
,14.109,3.033,0.001
11751,2.536,,,
,13.238,2.806,0.001
11752,19.390,,,
,14.673,3.241,0.001
11753,1.895,,,
,13.238,2.806,0.001
11754,1.772,,,
,12.898,2.807,0.000
11755,1.881,,,
,14.041,3.149,0.001
11756,1.483,,,
,12.896,2.777,0.001
11757,1.905,,,
,13.740,2.811,0.000
11758,19.822,,,
,14.819,3.276,0.000
11759,1.909,,,
,13.740,2.811,0.000
11760,2.131,,,
,12.866,2.759,0.001
11761,1.609,,,
,12.715,2.767,0.002
11762,2.677,,,
,14.121,3.088,0.002
11763,4.950,,,
,14.588,3.282,0.001
11764,4.314,,,
,13.664,2.947,0.001
11765,4.267,,,
,13.565,2.807,0.001
11766,20.202,,,
,14.871,3.244,0.000
11767,2.054,,,
,13.565,2.807,0.001
11768,1.584,,,
,13.632,2.753,0.001
11769,19.666,,,
,14.319,3.326,0.001
11770,1.781,,,
,13.632,2.753,0.001
11771,1.945,,,
,14.623,2.687,0.002
11772,1.634,,,
,14.402,2.686,0.001
11773,2.316,,,
,15.043,2.688,0.001
11774,22.473,,,
,16.471,3.135,0.000
11775,2.096,,,
,15.033,2.686,0.001
11776,19.948,,,
,15.073,2.637,0.001
11777,1.818,,,
,15.033,2.686,0.001
11778,1.894,,,
,15.622,2.744,0.000
11779,21.746,,,
,16.647,3.077,0.001
11780,1.766,,,
,15.622,2.744,0.000
11781,2.229,,,
,15.989,2.750,0.001
11782,2.058,,,
,16.138,2.746,0.001
11783,2.187,,,
,16.391,2.769,0.001
11784,23.149,,,
,17.279,3.049,0.001
11785,1.894,,,
,16.391,2.769,0.001
11786,2.670,,,
,16.986,2.638,0.001
11787,1.934,,,
,16.606,2.640,0.000
11788,2.838,,,
,17.546,2.691,0.001
11789,23.216,,,
,67.329,2.703,0.002
11790,22.772,,,
,17.546,2.691,0.001
11791,2.349,,,
,17.781,2.703,0.002
11792,2.098,,,
,18.467,2.789,0.001
11793,2.373,,,
,18.031,2.646,0.000
11794,23.323,,,
,18.488,2.646,0.001
11795,23.065,,,
,18.031,2.646,0.000
11796,1.639,,,
,18.488,2.646,0.001
11797,1.604,,,
,18.950,2.697,0.000
11798,1.792,,,
,20.000,3.000,0.000
11799,4.915,,,
,20.431,3.031,0.001
11800,3.608,,,
,18.852,2.522,0.001
11801,2.174,,,
,18.751,2.572,0.001
11802,24.849,,,
,20.548,3.030,0.001
11803,2.190,,,
,18.751,2.572,0.001
11804,1.549,,,
,18.368,2.694,0.001
11805,2.484,,,
,20.663,3.196,0.002
11806,1.559,,,
,19.595,2.695,0.000
11807,3.030,,,
,18.969,2.698,0.001
11808,24.855,,,
,20.069,3.052,0.000
11809,1.718,,,
,18.969,2.698,0.001
11810,1.557,,,
,19.104,2.699,0.001
11811,24.061,,,
,20.087,3.081,0.000
11812,1.735,,,
,19.104,2.699,0.001
11813,1.671,,,
,18.370,2.653,0.001
11814,3.662,,,
,19.269,3.051,0.000
11815,1.882,,,
,18.673,2.696,0.001
11816,3.038,,,
,18.846,2.586,0.001
11817,25.075,,,
,19.998,3.081,0.001
11818,1.964,,,
,18.846,2.586,0.001
11819,1.417,,,
,18.981,2.762,0.001
11820,24.595,,,
,19.032,3.344,0.001
11821,1.957,,,
,18.981,2.762,0.001
11822,2.291,,,
,18.846,2.519,0.002
11823,24.437,,,
,20.197,3.066,0.001
11824,1.957,,,
,18.846,2.519,0.002
11825,1.531,,,
,18.957,2.760,0.001
11826,24.260,,,
,19.090,2.806,0.000
11827,23.989,,,
,18.957,2.760,0.001
11828,2.406,,,
,19.090,2.806,0.000
11829,2.504,,,
,18.879,2.705,0.001
11830,1.784,,,
,17.977,2.589,0.001
11831,24.881,,,
,15.146,2.643,0.002
11832,21.595,,,
,17.977,2.589,0.001
11833,1.729,,,
,15.146,2.643,0.002
11834,2.021,,,
,15.283,2.755,0.000
11835,1.520,,,
,15.024,2.755,0.001
11836,21.449,,,
,16.107,3.113,0.000
11837,2.242,,,
,15.024,2.755,0.001
11838,1.926,,,
,9.217,2.773,0.000
11839,1.843,,,
,9.116,2.594,0.001
11840,2.014,,,
,9.256,2.800,0.002
11841,15.148,,,
,9.704,3.265,0.001
11842,1.608,,,
,9.256,2.800,0.002
11843,1.953,,,
,7.828,2.805,0.001
11844,1.418,,,
,7.708,2.779,0.001
11845,1.714,,,
,7.438,2.663,0.001
11846,13.437,,,
,8.942,2.811,0.000
11847,1.789,,,
,7.438,2.663,0.001
11848,1.522,,,
,7.115,2.660,0.000
11849,2.840,,,
,8.262,2.662,0.001
11850,2.152,,,
,7.071,2.636,0.002
11851,2.768,,,
,7.967,2.600,0.001
11852,3.020,,,
,7.962,2.673,0.000
11853,1.923,,,
,7.008,2.718,0.001
11854,2.039,,,
,6.889,2.708,0.002
11855,12.810,,,
,8.192,2.714,0.000
11856,1.941,,,
,6.889,2.708,0.002
11857,1.502,,,
,6.835,2.671,0.001
11858,2.045,,,
,7.793,2.588,0.001
11859,1.878,,,
,6.523,2.593,0.001
11860,2.880,,,
,7.473,2.867,0.001
11861,2.119,,,
,7.880,2.780,0.001
11862,1.655,,,
,7.001,2.786,0.001
11863,2.075,,,
,8.318,2.785,0.001
11864,3.103,,,
,8.325,2.800,0.000
11865,2.330,,,
,6.980,2.783,0.001
11866,2.769,,,
,6.645,2.670,0.001
11867,13.282,,,
,7.930,2.679,0.002
11868,1.831,,,
,6.645,2.670,0.001
11869,1.711,,,
,6.357,2.607,0.001
11870,11.635,,,
,7.683,2.614,0.000
11871,1.726,,,
,6.357,2.607,0.001
11872,1.895,,,
,6.332,2.599,0.001
11873,2.488,,,
,7.578,2.640,0.002
11874,1.620,,,
,6.599,2.675,0.002
11875,2.302,,,
,6.467,2.675,0.001
11876,12.566,,,
,7.711,2.675,0.000
11877,1.798,,,
,6.467,2.675,0.001
11878,1.585,,,
,6.245,2.606,0.000
11879,11.753,,,
,7.440,2.601,0.002
11880,1.723,,,
,6.245,2.606,0.000
11881,1.812,,,
,6.154,2.600,0.001
11882,1.950,,,
,7.373,2.603,0.001
11883,1.556,,,
,6.316,2.671,0.002
11884,1.515,,,
,6.164,2.678,0.001
11885,12.023,,,
,7.597,2.677,0.002
11886,1.867,,,
,6.164,2.678,0.001
11887,1.514,,,
,5.917,2.540,0.001
11888,10.724,,,
,7.127,2.539,0.002
11889,1.872,,,
,5.917,2.540,0.001
11890,1.562,,,
,6.060,2.615,0.002
11891,1.968,,,
,7.294,2.609,0.001
11892,1.786,,,
,6.221,2.675,0.002
11893,2.146,,,
,6.273,2.608,0.001
11894,12.124,,,
,7.490,2.685,0.001
11895,1.898,,,
,6.273,2.608,0.001
11896,1.683,,,
,5.986,2.601,0.001
11897,2.650,,,
,7.246,2.672,0.001
11898,1.959,,,
,6.234,2.679,0.002
11899,1.590,,,
,6.206,2.720,0.001
11900,12.204,,,
,7.391,2.681,0.001
11901,1.721,,,
,6.206,2.720,0.001
11902,1.715,,,
,5.915,2.601,0.002
11903,11.111,,,
,5.752,2.547,0.001
11904,10.422,,,
,5.915,2.601,0.002
11905,1.695,,,
,5.752,2.547,0.001
11906,1.875,,,
,5.722,2.537,0.001
11907,1.856,,,
,6.947,2.540,0.002
11908,2.135,,,
,6.949,2.544,0.000
11909,1.681,,,
,6.119,2.683,0.002
11910,1.564,,,
,5.987,2.639,0.001
11911,11.320,,,
,7.264,2.679,0.001
11912,1.754,,,
,5.987,2.639,0.001
11913,1.582,,,
,5.793,2.613,0.000
11914,2.308,,,
,7.020,2.611,0.002
11915,1.724,,,
,5.793,2.615,0.001
11916,2.432,,,
,5.754,2.612,0.001
11917,13.064,,,
,5.696,2.613,0.000
11918,11.512,,,
,5.754,2.612,0.001
11919,1.971,,,
,5.696,2.613,0.000
11920,1.778,,,
,5.423,2.492,0.000
11921,1.676,,,
,6.578,2.492,0.002
11922,2.457,,,
,6.715,2.616,0.001
11923,1.764,,,
,5.653,2.615,0.000
11924,1.938,,,
,6.882,2.614,0.000
11925,3.204,,,
,6.867,2.616,0.000
11926,1.935,,,
,5.822,2.685,0.002
11927,2.251,,,
,5.556,2.615,0.002
11928,11.582,,,
,6.902,2.614,0.001
11929,1.808,,,
,5.556,2.615,0.002
11930,1.882,,,
,5.461,2.551,0.001
11931,1.677,,,
,5.460,2.552,0.001
11932,1.844,,,
,5.788,2.689,0.000
11933,11.415,,,
,6.472,2.496,0.001
11934,1.866,,,
,5.788,2.689,0.000
11935,1.937,,,
,5.710,2.686,0.001
11936,1.671,,,
,5.402,2.547,0.001
11937,1.941,,,
,6.563,2.548,0.002
11938,2.181,,,
,6.692,2.611,0.001
11939,1.820,,,
,5.480,2.618,0.002
11940,2.395,,,
,5.659,2.730,0.000
11941,11.020,,,
,6.889,2.683,0.002
11942,2.395,,,
,5.460,2.611,0.001
11943,10.215,,,
,5.736,2.739,0.000
11944,1.736,,,
,5.460,2.611,0.001
11945,2.048,,,
,5.470,2.558,0.002
11946,1.598,,,
,5.423,2.544,0.002
11947,1.535,,,
,5.682,2.611,0.001
11948,10.984,,,
,6.873,2.609,0.001
11949,1.541,,,
,7.538,2.609,0.002
11950,12.337,,,
,7.624,2.607,0.001
11951,2.025,,,
,8.842,2.543,0.001
11952,13.701,,,
,9.070,2.585,0.000
11953,1.673,,,
,10.734,2.540,0.000
11954,16.447,,,
,10.750,2.669,0.002
11955,1.672,,,
,10.734,2.540,0.000
11956,2.046,,,
,12.220,2.546,0.001
11957,1.598,,,
,12.229,2.617,0.001
11958,1.951,,,
,14.269,2.789,0.000
11959,22.112,,,
,14.980,3.093,0.001
11960,2.235,,,
,14.269,2.789,0.000
11961,4.263,,,
,15.489,2.662,0.000
11962,21.083,,,
,16.219,2.929,0.002
11963,1.845,,,
,15.489,2.662,0.000
11964,2.164,,,
,16.979,3.365,0.002
11965,1.661,,,
,17.634,3.500,0.001
11966,2.773,,,
,17.911,4.585,0.000
11967,25.796,,,
,20.544,7.298,0.002
11968,29.711,,,
,17.911,4.585,0.000
11969,1.635,,,
,20.544,7.298,0.002
11970,1.763,,,
,21.185,7.274,0.001
11971,2.138,,,
,23.367,7.887,0.001
11972,35.788,,,
,22.923,7.901,0.002
11973,1.830,,,
,23.367,7.887,0.001
11974,2.699,,,
,22.517,9.486,0.001
11975,2.028,,,
,22.858,8.991,0.002
11976,4.609,,,
,22.422,9.251,0.001
11977,36.534,,,
,22.624,8.979,0.001
11978,35.203,,,
,22.422,9.251,0.001
11979,2.065,,,
,22.624,8.979,0.001
11980,1.963,,,
,23.921,9.172,0.002
11981,2.418,,,
,23.045,8.723,0.001
11982,34.794,,,
,24.855,10.058,0.000
11983,2.121,,,
,23.045,8.723,0.001
11984,2.142,,,
,18.061,2.635,0.001
11985,1.564,,,
,17.287,2.566,0.002
11986,2.777,,,
,17.969,2.945,0.001
11987,2.484,,,
,18.621,2.949,0.001
11988,2.358,,,
,17.794,2.570,0.001
11989,3.636,,,
,17.282,2.566,0.001
11990,22.858,,,
,18.765,3.029,0.002
11991,1.617,,,
,17.282,2.566,0.001
11992,2.083,,,
,14.819,2.580,0.001
11993,1.673,,,
,15.052,2.649,0.001
11994,2.854,,,
,16.132,2.966,0.000
11995,2.066,,,
,16.400,3.045,0.002
11996,1.454,,,
,15.590,2.699,0.001
11997,2.168,,,
,15.337,2.650,0.000
11998,21.278,,,
,16.558,3.039,0.001
11999,2.393,,,
,15.337,2.650,0.000
12000,1.884,,,
,1766152642101.292,2.709,0.000
12001,20.701,,,
,15.389,3.363,0.002
12002,1.952,,,
,15.426,2.709,0.000
12003,1.913,,,
,14.813,2.701,0.000
12004,3.211,,,
,15.546,2.919,0.001
12005,2.102,,,
,15.120,2.772,0.001
12006,3.260,,,
,15.549,2.930,0.000
12007,4.529,,,
,15.513,2.978,0.001
12008,2.873,,,
,14.365,2.657,0.002
12009,2.992,,,
,14.021,2.589,0.001
12010,20.105,,,
,13.585,2.524,0.001
12011,18.351,,,
,13.687,2.522,0.002
12012,18.329,,,
,14.005,2.582,0.001
12013,18.888,,,
,13.996,2.521,0.000
12014,18.440,,,
,13.958,2.515,0.001
12015,18.522,,,
,14.218,2.579,0.001
12016,19.014,,,
,13.958,2.515,0.001
12017,2.075,,,
,14.218,2.579,0.001
12018,2.035,,,
,14.508,2.581,0.001
12019,1.573,,,
,14.645,2.584,0.001
12020,1.858,,,
,15.804,2.967,0.001
12021,2.094,,,
,15.998,3.259,0.001
12022,1.470,,,
,15.479,2.653,0.001
12023,3.042,,,
,16.042,2.652,0.002
12024,23.657,,,
,16.583,3.342,0.001
12025,2.054,,,
,16.199,2.651,0.002
12026,21.096,,,
,15.964,2.588,0.001
12027,20.887,,,
,16.229,2.580,0.002
12028,20.899,,,
,15.964,2.588,0.001
12029,1.919,,,
,16.229,2.580,0.002
12030,1.594,,,
,17.279,2.654,0.002
12031,22.202,,,
,17.106,3.033,0.001
12032,1.833,,,
,17.279,2.654,0.002
12033,1.643,,,
,18.459,4.389,0.000
12034,26.876,,,
,18.890,4.658,0.001
12035,1.875,,,
,18.459,4.389,0.000
12036,2.067,,,
,18.343,4.700,0.001
12037,1.592,,,
,17.637,4.717,0.000
12038,3.602,,,
,18.974,4.706,0.001
12039,28.051,,,
,18.138,4.948,0.001
12040,25.422,,,
,18.974,4.706,0.001
12041,2.420,,,
,18.138,4.948,0.001
12042,2.333,,,
,19.892,5.189,0.000
12043,2.209,,,
,19.540,5.204,0.001
12044,2.479,,,
,19.522,5.224,0.000
12045,1.560,,,
,18.896,5.031,0.001
12046,3.324,,,
,20.151,5.302,0.002
12047,3.046,,,
,20.020,5.186,0.001
12048,1.965,,,
,18.505,4.805,0.001
12049,2.913,,,
,19.864,5.798,0.001
12050,2.450,,,
,20.103,5.314,0.000
12051,1.830,,,
,18.826,4.833,0.001
12052,2.240,,,
,18.955,4.701,0.002
12053,26.535,,,
,20.449,5.355,0.001
12054,1.997,,,
,18.955,4.701,0.002
12055,1.683,,,
,19.281,4.927,0.000
12056,26.289,,,
,20.650,5.597,0.001
12057,2.284,,,
,19.281,4.927,0.000
12058,1.732,,,
,19.656,4.837,0.000
12059,27.615,,,
,18.448,4.704,0.002
12060,25.207,,,
,19.656,4.837,0.000
12061,2.011,,,
,18.448,4.704,0.002
12062,1.593,,,
,18.897,5.044,0.001
12063,2.561,,,
,19.074,4.846,0.000
12064,26.951,,,
,20.573,5.319,0.000
12065,2.105,,,
,19.074,4.846,0.000
12066,1.472,,,
,18.331,4.729,0.001
12067,25.664,,,
,1766152643675.021,5.051,0.000
12068,26.088,,,
,18.331,4.729,0.001
12069,1.802,,,
,19.092,5.051,0.000
12070,1.801,,,
,19.388,4.851,0.001
12071,2.333,,,
,20.714,5.024,0.001
12072,30.000,,,
,17.997,4.774,0.001
12073,24.986,,,
,18.047,5.131,0.000
12074,25.087,,,
,17.997,4.774,0.001
12075,1.817,,,
,18.047,5.131,0.000
12076,1.631,,,
,19.574,5.337,0.001
12077,2.229,,,
,19.410,5.401,0.000
12078,1.631,,,
,18.198,4.921,0.002
12079,2.507,,,
,18.634,5.503,0.000
12080,28.962,,,
,19.795,5.951,0.001
12081,1.645,,,
,19.023,6.407,0.001
12082,29.020,,,
,18.986,6.884,0.002
12083,28.297,,,
,19.023,6.407,0.001
12084,2.560,,,
,18.986,6.884,0.002
12085,1.546,,,
,18.600,6.814,0.001
12086,1.834,,,
,19.680,8.364,0.001
12087,4.966,,,
,21.566,7.868,0.000
12088,2.709,,,
,19.346,7.201,0.001
12089,4.614,,,
,20.632,7.733,0.001
12090,33.029,,,
,20.415,8.748,0.002
12091,1.838,,,
,20.632,7.733,0.001
12092,2.171,,,
,18.985,8.025,0.001
12093,1.734,,,
,19.873,7.791,0.002
12094,4.496,,,
,20.387,9.284,0.000
12095,5.396,,,
,21.596,8.659,0.000
12096,2.240,,,
,19.362,7.971,0.001
12097,4.734,,,
,19.736,7.045,0.002
12098,31.232,,,
,18.446,8.249,0.001
12099,29.280,,,
,19.736,7.045,0.002
12100,1.844,,,
,20.071,8.105,0.001
12101,30.598,,,
,19.781,7.505,0.001
12102,1.914,,,
,19.989,7.778,0.001
12103,29.988,,,
,19.125,7.307,0.002
12104,1.853,,,
,19.989,7.778,0.001
12105,1.647,,,
,18.851,6.476,0.001
12106,1.968,,,
,19.075,6.576,0.001
12107,29.062,,,
,18.035,2.899,0.001
12108,23.300,,,
,19.075,6.576,0.001
12109,2.305,,,
,18.035,2.899,0.001
12110,1.694,,,
,16.435,2.646,0.001
12111,1.645,,,
,17.405,2.909,0.001
12112,2.767,,,
,17.966,3.031,0.001
12113,1.552,,,
,17.129,2.753,0.001
12114,2.044,,,
,17.086,2.671,0.002
12115,23.894,,,
,18.133,3.119,0.001
12116,1.725,,,
,17.086,2.671,0.002
12117,1.350,,,
,15.943,2.737,0.001
12118,3.168,,,
,17.306,3.182,0.002
12119,2.319,,,
,17.360,2.809,0.001
12120,2.907,,,
,17.503,2.931,0.001
12121,22.887,,,
,18.479,3.191,0.000
12122,2.287,,,
,17.503,2.931,0.001
12123,2.131,,,
,17.095,2.861,0.001
12124,22.224,,,
,18.074,3.503,0.001
12125,1.797,,,
,17.095,2.861,0.001
12126,1.745,,,
,17.219,2.737,0.000
12127,24.331,,,
,16.384,2.805,0.001
12128,20.939,,,
,16.879,2.858,0.001
12129,22.128,,,
,16.384,2.805,0.001
12130,1.845,,,
,16.879,2.858,0.001
12131,1.782,,,
,17.241,2.933,0.001
12132,2.694,,,
,18.497,3.189,0.001
12133,1.677,,,
,17.537,2.932,0.001
12134,2.014,,,
,17.578,2.731,0.001
12135,24.362,,,
,18.272,3.508,0.001
12136,1.759,,,
,17.578,2.731,0.001
12137,1.342,,,
,16.389,2.805,0.000
12138,3.333,,,
,17.859,3.189,0.000
12139,2.257,,,
,17.483,2.802,0.002
12140,1.593,,,
,16.810,3.422,0.001
12141,2.046,,,
,18.571,3.213,0.000
12142,1.734,,,
,17.016,2.855,0.002
12143,2.981,,,
,17.495,3.183,0.000
12144,2.975,,,
,17.885,3.193,0.002
12145,3.349,,,
,16.609,2.808,0.000
12146,2.390,,,
,16.662,2.852,0.001
12147,23.514,,,
,17.911,3.183,0.002
12148,1.845,,,
,16.662,2.852,0.001
12149,1.905,,,
,16.871,2.918,0.002
12150,2.544,,,
,17.882,3.182,0.001
12151,1.473,,,
,16.917,2.926,0.001
12152,2.699,,,
,16.989,2.929,0.001
12153,23.038,,,
,17.902,3.187,0.001
12154,1.930,,,
,16.989,2.929,0.001
12155,1.517,,,
,16.979,2.855,0.000
12156,22.801,,,
,16.689,2.806,0.002
12157,24.291,,,
,17.360,2.925,0.001
12158,22.421,,,
,16.689,2.806,0.002
12159,2.001,,,
,16.781,2.773,0.001
12160,22.427,,,
,16.489,2.737,0.000
12161,21.275,,,
,16.781,2.773,0.001
12162,1.989,,,
,16.489,2.737,0.000
12163,1.615,,,
,17.144,2.564,0.000
12164,2.365,,,
,18.437,2.748,0.000
12165,24.954,,,
,18.786,3.088,0.000
12166,1.698,,,
,18.437,2.748,0.000
12167,1.928,,,
,17.851,2.566,0.001
12168,23.831,,,
,18.548,2.992,0.001
12169,2.000,,,
,17.851,2.566,0.001
12170,1.813,,,
,18.485,2.745,0.000
12171,23.501,,,
,18.916,3.069,0.001
12172,2.065,,,
,18.485,2.745,0.000
12173,2.018,,,
,18.759,2.732,0.001
12174,1.849,,,
,17.952,2.618,0.002
12175,2.316,,,
,18.060,2.540,0.001
12176,24.280,,,
,19.803,2.933,0.001
12177,1.705,,,
,18.060,2.540,0.001
12178,2.382,,,
,18.164,3.787,0.001
12179,1.466,,,
,19.212,3.975,0.002
12180,3.787,,,
,18.639,4.535,0.001
12181,27.636,,,
,20.192,4.593,0.000
12182,1.944,,,
,18.639,4.535,0.001
12183,2.801,,,
,20.230,5.972,0.002
12184,2.136,,,
,18.816,5.976,0.002
12185,3.762,,,
,18.666,6.257,0.000
12186,30.110,,,
,19.428,5.953,0.000
12187,28.054,,,
,18.666,6.257,0.000
12188,2.265,,,
,19.428,5.953,0.000
12189,1.522,,,
,18.394,6.309,0.001
12190,2.207,,,
,20.860,7.029,0.000
12191,2.917,,,
,20.525,7.306,0.001
12192,1.746,,,
,21.732,6.926,0.002
12193,4.352,,,
,19.217,6.156,0.001
12194,29.591,,,
,20.541,6.895,0.000
12195,2.491,,,
,19.217,6.156,0.001
12196,1.669,,,
,19.856,6.469,0.001
12197,28.899,,,
,21.194,6.889,0.002
12198,1.762,,,
,19.856,6.469,0.001
12199,1.981,,,
,19.315,5.845,0.001
12200,1.664,,,
,18.158,5.846,0.001
12201,3.904,,,
,18.575,5.841,0.001
12202,29.622,,,
,20.767,6.517,0.001
12203,1.651,,,
,18.575,5.841,0.001
12204,2.133,,,
,18.905,5.608,0.000
12205,1.376,,,
,17.853,5.536,0.001
12206,3.492,,,
,19.330,5.826,0.001
12207,29.248,,,
,21.429,6.431,0.002
12208,2.122,,,
,19.330,5.826,0.001
12209,1.878,,,
,18.409,5.415,0.000
12210,26.845,,,
,20.254,6.094,0.001
12211,1.788,,,
,19.532,5.774,0.001
12212,27.648,,,
,18.144,5.765,0.000
12213,2.623,,,
,18.199,5.796,0.002
12214,26.549,,,
,17.947,5.442,0.002
12215,2.026,,,
,18.199,5.796,0.002
12216,1.750,,,
,18.268,5.670,0.001
12217,27.779,,,
,18.875,5.944,0.002
12218,1.728,,,
,17.759,5.437,0.001
12219,25.363,,,
,19.241,5.595,0.002
12220,2.058,,,
,18.022,5.320,0.001
12221,26.285,,,
,18.405,5.644,0.000
12222,1.604,,,
,19.697,5.962,0.001
12223,27.884,,,
,19.346,5.235,0.002
12224,27.367,,,
,19.697,5.962,0.001
12225,1.775,,,
,19.346,5.235,0.002
12226,1.530,,,
,17.527,4.636,0.001
12227,2.480,,,
,20.138,5.218,0.000
12228,29.837,,,
,22.145,6.796,0.000
12229,1.685,,,
,20.138,5.218,0.000
12230,1.839,,,
,19.074,4.466,0.001
12231,27.493,,,
,20.144,4.875,0.001
12232,27.084,,,
,19.074,4.466,0.001
12233,1.672,,,
,20.144,4.875,0.001
12234,2.016,,,
,19.723,4.497,0.002
12235,2.046,,,
,19.188,4.668,0.001
12236,2.807,,,
,22.495,5.389,0.001
12237,1.790,,,
,20.215,4.499,0.003
12238,2.658,,,
,20.856,5.325,0.001
12239,2.225,,,
,22.904,5.237,0.000
12240,1.731,,,
,19.942,3.921,0.001
12241,2.979,,,
,20.946,4.147,0.002
12242,29.038,,,
,21.474,4.276,0.001
12243,1.814,,,
,20.946,4.147,0.002
12244,2.343,,,
,19.164,2.866,0.002
12245,26.093,,,
,20.136,3.125,0.002
12246,1.730,,,
,19.164,2.866,0.002
12247,1.995,,,
,20.265,2.912,0.001
12248,1.671,,,
,19.044,2.819,0.002
12249,1.719,,,
,20.418,3.090,0.001
12250,26.873,,,
,19.395,2.749,0.000
12251,24.348,,,
,18.327,2.820,0.001
12252,23.331,,,
,19.395,2.749,0.000
12253,1.619,,,
,18.327,2.820,0.001
12254,1.931,,,
,18.928,2.871,0.000
12255,1.648,,,
,19.556,2.891,0.001
12256,2.375,,,
,19.199,2.871,0.000
12257,25.818,,,
,20.490,3.204,0.000
12258,1.951,,,
,19.199,2.871,0.000
12259,2.615,,,
,20.562,3.074,0.002
12260,1.651,,,
,19.127,2.828,0.000
12261,3.168,,,
,19.406,2.954,0.001
12262,25.816,,,
,20.328,3.210,0.002
12263,2.787,,,
,18.522,2.821,0.001
12264,23.674,,,
,19.589,2.830,0.000
12265,2.130,,,
,19.489,3.009,0.000
12266,24.625,,,
,18.569,2.827,0.002
12267,1.967,,,
,19.489,3.009,0.000
12268,2.561,,,
,20.199,2.879,0.001
12269,1.508,,,
,18.971,2.830,0.001
12270,3.608,,,
,19.883,3.206,0.002
12271,4.416,,,
,21.329,3.474,0.000
12272,2.761,,,
,21.640,2.950,0.001
12273,2.171,,,
,20.535,3.211,0.002
12274,4.055,,,
,20.550,3.211,0.000
12275,2.170,,,
,19.575,2.954,0.001
12276,2.442,,,
,19.247,2.828,0.000
12277,25.533,,,
,20.567,3.217,0.001
12278,1.626,,,
,19.649,2.762,0.001
12279,26.076,,,
,19.667,2.957,0.001
12280,1.668,,,
,19.649,2.762,0.001
12281,3.065,,,
,18.305,3.191,0.001
12282,2.030,,,
,19.511,3.534,0.000
12283,3.678,,,
,20.249,4.141,0.000
12284,26.838,,,
,21.262,4.271,0.001
12285,1.767,,,
,20.249,4.141,0.000
12286,1.490,,,
,21.826,5.634,0.001
12287,30.150,,,
,25.053,6.019,0.002
12288,1.782,,,
,21.826,5.634,0.001
12289,1.512,,,
,23.947,5.456,0.000
12290,34.502,,,
,22.747,5.665,0.000
12291,1.768,,,
,23.947,5.456,0.000
12292,1.704,,,
,20.605,5.466,0.001
12293,30.384,,,
,23.602,5.704,0.001
12294,2.075,,,
,20.605,5.466,0.001
12295,2.084,,,
,24.311,5.828,0.001
12296,32.526,,,
,22.303,5.562,0.000
12297,1.990,,,
,22.405,7.279,0.001
12298,33.005,,,
,22.222,7.612,0.002
12299,2.036,,,
,25.098,14.854,0.000
12300,43.248,,,
,20.979,20.354,0.001
12301,43.663,,,
,25.098,14.854,0.000
12302,2.151,,,
,20.979,20.354,0.001
12303,1.587,,,
,19.206,18.959,0.001
12304,1.995,,,
,19.022,19.118,0.002
12305,43.070,,,
,20.849,19.882,0.002
12306,2.017,,,
,19.243,20.262,0.001
12307,42.456,,,
,19.059,19.869,0.000
12308,2.067,,,
,18.841,20.091,0.002
12309,41.942,,,
,18.873,19.829,0.000
12310,1.843,,,
,18.002,18.835,0.001
12311,39.972,,,
,19.335,20.059,0.002
12312,41.736,,,
,19.536,19.937,0.001
12313,41.771,,,
,19.335,20.059,0.002
12314,1.684,,,
,19.536,19.937,0.001
12315,1.992,,,
,19.094,19.262,0.002
12316,43.255,,,
,20.973,20.443,0.002
12317,2.695,,,
,19.094,19.262,0.002
12318,1.547,,,
,18.170,19.089,0.002
12319,42.198,,,
,20.608,20.480,0.000
12320,1.874,,,
,18.170,19.089,0.002
12321,1.543,,,
,19.166,19.347,0.001
12322,42.189,,,
,20.359,20.609,0.001
12323,1.918,,,
,19.166,19.347,0.001
12324,2.329,,,
,20.535,20.563,0.001
12325,1.583,,,
,20.862,20.843,0.000
12326,2.682,,,
,21.094,20.546,0.001
12327,46.381,,,
,22.072,21.828,0.001
12328,2.141,,,
,21.805,18.432,0.001
12329,43.187,,,
,22.959,16.723,0.001
12330,2.007,,,
,24.115,16.877,0.001
12331,44.598,,,
,23.977,17.036,0.001
12332,1.933,,,
,24.115,16.877,0.001
12333,1.544,,,
,24.147,17.018,0.001
12334,46.298,,,
,24.301,17.269,0.002
12335,44.618,,,
,24.147,17.018,0.001
12336,1.801,,,
,24.385,17.893,0.000
12337,45.987,,,
,25.083,17.948,0.001
12338,1.742,,,
,24.385,17.893,0.000
12339,2.163,,,
,23.052,18.734,0.000
12340,1.433,,,
,21.387,18.579,0.001
12341,43.794,,,
,22.473,16.973,0.002
12342,41.623,,,
,21.387,18.579,0.001
12343,2.038,,,
,22.473,16.973,0.002
12344,1.669,,,
,22.889,17.539,0.000
12345,3.324,,,
,22.566,18.398,0.001
12346,45.114,,,
,22.734,17.740,0.002
12347,43.487,,,
,22.566,18.398,0.001
12348,1.752,,,
,22.734,17.740,0.002
12349,3.978,,,
,22.468,16.470,0.001
12350,2.637,,,
,22.804,17.576,0.001
12351,44.669,,,
,24.929,18.364,0.001
12352,1.724,,,
,22.804,17.576,0.001
12353,3.289,,,
,22.974,13.048,0.002
12354,1.588,,,
,23.077,13.202,0.001
12355,3.743,,,
,24.145,11.702,0.000
12356,40.375,,,
,24.879,13.306,0.000
12357,2.315,,,
,24.145,11.702,0.000
12358,2.206,,,
,20.338,2.982,0.001
12359,27.613,,,
,19.234,2.744,0.000
12360,24.528,,,
,20.338,2.982,0.001
12361,1.774,,,
,19.234,2.744,0.000
12362,1.553,,,
,18.024,2.747,0.000
12363,1.762,,,
,20.992,3.154,0.002
12364,28.306,,,
,22.148,3.627,0.000
12365,1.712,,,
,20.992,3.154,0.002
12366,1.514,,,
,19.004,2.820,0.002
12367,25.291,,,
,19.600,3.209,0.001
12368,2.012,,,
,19.004,2.820,0.002
12369,1.554,,,
,20.313,2.826,0.002
12370,26.999,,,
,22.134,3.584,0.001
12371,10.846,,,
,20.313,2.826,0.002
12372,10.774,,,
,17.545,3.021,0.001
12373,9.430,,,
,16.707,2.686,0.001
12374,10.895,,,
,20.987,2.953,0.001
12375,34.451,,,
,17.985,3.031,0.001
12376,31.259,,,
,16.314,2.684,0.002
12377,30.248,,,
,18.043,2.794,0.002
12378,31.731,,,
,16.314,2.684,0.002
12379,16.076,,,
,18.043,2.794,0.002
12380,10.899,,,
,14.949,2.615,0.002
12381,18.744,,,
,16.565,3.805,0.000
12382,11.163,,,
,21.230,4.040,0.000
12383,9.367,,,
,20.952,2.973,0.002
12384,11.566,,,
,19.256,2.796,0.002
12385,34.687,,,
,21.792,4.041,0.000
12386,10.597,,,
,19.256,2.796,0.002
12387,12.132,,,
,17.956,2.953,0.000
12388,32.139,,,
,17.062,3.842,0.002
12389,8.369,,,
,17.956,2.953,0.000
12390,10.414,,,
,18.241,2.834,0.002
12391,11.425,,,
,17.659,3.578,0.000
12392,7.863,,,
,18.139,3.100,0.000
12393,10.016,,,
,18.751,3.763,0.002
12394,12.060,,,
,20.751,3.594,0.001
12395,9.129,,,
,17.766,3.020,0.001
12396,9.596,,,
,19.753,2.737,0.001
12397,37.340,,,
,19.578,3.656,0.002
12398,10.508,,,
,19.753,2.737,0.001
12399,9.231,,,
,18.040,2.877,0.001
12400,15.873,,,
,17.284,3.398,0.001
12401,9.706,,,
,16.999,2.890,0.001
12402,8.409,,,
,18.086,3.185,0.001
12403,14.094,,,
,20.505,3.590,0.001
12404,8.941,,,
,17.145,2.881,0.001
12405,8.624,,,
,18.156,2.891,0.001
12406,30.393,,,
,20.503,3.614,0.001
12407,8.742,,,
,18.156,2.891,0.001
12408,10.172,,,
,18.882,2.895,0.000
12409,10.445,,,
,17.743,3.574,0.001
12410,8.749,,,
,18.081,3.021,0.000
12411,9.364,,,
,17.811,2.895,0.001
12412,30.971,,,
,19.033,2.829,0.000
12413,30.820,,,
,16.093,2.742,0.002
12414,27.398,,,
,19.033,2.829,0.000
12415,10.554,,,
,16.093,2.742,0.002
12416,10.247,,,
,18.605,2.798,0.002
12417,10.528,,,
,17.051,3.899,0.001
12418,8.569,,,
,18.218,3.101,0.000
12419,10.012,,,
,18.698,3.764,0.002
12420,13.025,,,
,20.583,3.590,0.001
12421,7.683,,,
,17.527,2.953,0.002
12422,10.188,,,
,18.220,3.526,0.001
12423,12.075,,,
,20.640,3.615,0.001
12424,10.973,,,
,17.762,2.959,0.001
12425,8.431,,,
,19.032,3.428,0.000
12426,11.766,,,
,20.802,3.940,0.001
12427,9.393,,,
,17.921,2.888,0.001
12428,7.417,,,
,19.169,3.498,0.001
12429,9.999,,,
,21.100,3.625,0.000
12430,10.907,,,
,18.218,2.885,0.000
12431,9.108,,,
,19.100,3.592,0.001
12432,12.817,,,
,21.683,4.118,0.000
12433,11.170,,,
,17.862,2.797,0.001
12434,8.807,,,
,18.359,3.770,0.001
12435,13.054,,,
,21.008,3.718,0.000
12436,9.545,,,
,20.152,3.420,0.002
12437,10.118,,,
,19.274,3.870,0.001
12438,15.999,,,
,20.570,3.592,0.000
12439,9.640,,,
,17.581,2.799,0.000
12440,9.160,,,
,18.031,2.981,0.000
12441,34.750,,,
,16.454,2.690,0.001
12442,28.979,,,
,17.614,2.872,0.002
12443,31.504,,,
,16.048,2.683,0.002
12444,27.692,,,
,17.614,2.872,0.002
12445,10.766,,,
,16.048,2.683,0.002
12446,9.973,,,
,17.529,2.966,0.000
12447,10.359,,,
,17.423,3.589,0.001
12448,12.867,,,
,20.733,3.609,0.000
12449,9.102,,,
,17.746,3.025,0.000
12450,9.431,,,
,19.081,3.402,0.001
12451,11.978,,,
,21.023,3.570,0.000
12452,8.274,,,
,18.359,3.017,0.000
12453,10.225,,,
,19.058,3.481,0.000
12454,9.480,,,
,21.061,3.594,0.001
12455,11.018,,,
,18.566,3.024,0.001
12456,8.875,,,
,20.081,3.881,0.001
12457,12.912,,,
,21.509,3.895,0.001
12458,9.565,,,
,18.309,2.994,0.000
12459,10.604,,,
,18.412,3.707,0.001
12460,12.894,,,
,21.045,3.584,0.000
12461,8.949,,,
,18.654,3.000,0.001
12462,9.573,,,
,18.445,3.866,0.001
12463,12.388,,,
,21.018,3.588,0.002
12464,7.913,,,
,19.174,2.962,0.001
12465,9.870,,,
,19.187,3.178,0.000
12466,35.059,,,
,21.026,3.585,0.001
12467,10.934,,,
,19.187,3.178,0.000
12468,12.321,,,
,20.848,2.836,0.001
12469,35.089,,,
,18.263,3.426,0.001
12470,8.562,,,
,20.848,2.836,0.001
12471,11.640,,,
,18.264,3.068,0.001
12472,13.714,,,
,18.852,3.737,0.001
12473,9.690,,,
,17.774,2.832,0.001
12474,8.645,,,
,18.915,3.654,0.001
12475,15.035,,,
,21.834,3.613,0.002
12476,8.607,,,
,17.926,2.935,0.000
12477,9.351,,,
,18.201,3.377,0.001
12478,13.604,,,
,21.006,3.572,0.002
12479,8.302,,,
,18.177,2.933,0.001
12480,9.794,,,
,18.254,3.469,0.001
12481,12.255,,,
,20.973,3.578,0.002
12482,9.039,,,
,19.308,2.992,0.001
12483,10.164,,,
,18.442,3.750,0.001
12484,12.669,,,
,21.018,3.585,0.001
12485,7.705,,,
,18.660,2.972,0.001
12486,8.790,,,
,18.474,3.854,0.000
12487,12.527,,,
,21.036,3.580,0.002
12488,9.158,,,
,19.149,2.950,0.001
12489,9.648,,,
,18.690,3.571,0.001
12490,15.679,,,
,21.019,3.589,0.000
12491,12.103,,,
,19.000,2.741,0.002
12492,9.529,,,
,17.461,3.824,0.000
12493,13.028,,,
,21.306,3.868,0.002
12494,8.657,,,
,20.777,2.796,0.001
12495,9.916,,,
,19.464,2.798,0.001
12496,35.317,,,
,19.428,2.888,0.002
12497,31.165,,,
,19.464,2.798,0.001
12498,9.413,,,
,18.749,2.736,0.001
12499,32.076,,,
,16.239,2.687,0.000
12500,11.521,,,
,16.768,2.580,0.001
12501,32.230,,,
,16.317,2.735,0.001
12502,12.023,,,
,15.682,2.603,0.001
12503,27.907,,,
,17.697,2.690,0.002
12504,11.104,,,
,15.682,2.603,0.001
12505,9.949,,,
,18.591,2.793,0.001
12506,9.239,,,
,19.434,2.883,0.002
12507,36.593,,,
,21.046,3.612,0.001
12508,10.929,,,
,17.717,3.021,0.001
12509,29.171,,,
,17.407,2.689,0.002
12510,31.162,,,
,18.054,2.954,0.001
12511,30.245,,,
,16.804,2.682,0.001
12512,28.148,,,
,18.165,2.798,0.001
12513,30.161,,,
,16.126,2.648,0.001
12514,28.018,,,
,18.165,2.798,0.001
12515,10.737,,,
,19.655,2.787,0.001
12516,33.469,,,
,19.174,3.168,0.002
12517,2.429,,,
,8.075,2.781,0.001
12518,14.752,,,
,8.672,2.976,0.002
12519,14.488,,,
,8.387,2.855,0.001
12520,14.628,,,
,8.247,2.713,0.001
12521,14.123,,,
,7.891,2.710,0.001
12522,13.848,,,
,8.467,2.914,0.000
12523,14.456,,,
,8.372,2.857,0.000
12524,14.193,,,
,8.314,2.849,0.002
12525,14.056,,,
,8.303,2.854,0.001
12526,14.262,,,
,8.641,2.978,0.001
12527,14.623,,,
,8.673,2.976,0.002
12528,14.213,,,
,8.641,2.978,0.001
12529,3.280,,,
,8.673,2.976,0.002
12530,1.840,,,
,8.586,2.654,0.000
12531,2.550,,,
,9.295,2.982,0.002
12532,16.587,,,
,9.675,3.226,0.015
12533,2.410,,,
,8.557,2.907,0.001
12534,14.102,,,
,8.755,2.938,0.000
12535,1.936,,,
,8.557,2.907,0.001
12536,1.862,,,
,8.710,2.978,0.001
12537,2.582,,,
,10.159,2.975,0.001
12538,1.935,,,
,8.798,2.977,0.001
12539,2.646,,,
,8.953,2.990,0.004
12540,16.231,,,
,10.343,2.992,0.001
12541,1.908,,,
,9.227,2.971,0.000
12542,14.095,,,
,9.235,2.969,0.001
12543,1.739,,,
,9.227,2.971,0.000
12544,1.844,,,
,9.588,2.896,0.000
12545,1.727,,,
,9.399,2.897,0.001
12546,2.007,,,
,10.583,3.028,0.001
12547,18.151,,,
,12.347,3.316,0.000
12548,1.643,,,
,10.583,3.028,0.001
12549,2.240,,,
,15.317,2.959,0.000
12550,1.826,,,
,15.286,3.010,0.001
12551,3.351,,,
,18.756,3.376,0.002
12552,26.172,,,
,18.873,3.641,0.001
12553,1.756,,,
,18.756,3.376,0.002
12554,2.392,,,
,20.277,2.955,0.002
12555,1.523,,,
,19.426,2.954,0.002
12556,2.491,,,
,20.940,2.965,0.000
12557,3.619,,,
,21.097,3.218,0.001
12558,2.234,,,
,19.889,2.834,0.001
12559,2.814,,,
,22.152,3.730,0.006
12560,3.384,,,
,22.510,3.517,0.000
12561,2.070,,,
,20.850,3.860,0.000
12562,3.596,,,
,23.179,8.980,0.000
12563,35.571,,,
,25.180,8.893,0.000
12564,1.741,,,
,24.448,17.178,0.002
12565,45.790,,,
,26.153,17.725,0.001
12566,1.858,,,
,19.999,19.501,0.001
12567,42.417,,,
,20.774,20.720,0.002
12568,2.170,,,
,20.243,19.912,0.001
12569,43.529,,,
,19.944,19.291,0.002
12570,1.671,,,
,19.435,20.055,0.001
12571,43.281,,,
,19.214,19.882,0.000
12572,41.388,,,
,19.435,20.055,0.001
12573,1.602,,,
,19.214,19.882,0.000
12574,1.761,,,
,19.502,20.376,0.001
12575,2.667,,,
,20.521,20.294,0.001
12576,4.721,,,
,20.376,20.283,0.002
12577,3.043,,,
,19.415,18.430,0.002
12578,4.049,,,
,20.179,19.923,0.000
12579,44.191,,,
,21.118,19.673,0.001
12580,12.474,,,
,20.179,19.923,0.000
12581,13.321,,,
,19.665,16.702,0.001
12582,9.789,,,
,16.872,19.993,0.000
12583,11.994,,,
,18.689,18.954,0.001
12584,49.277,,,
,18.195,20.792,0.001
12585,48.312,,,
,18.535,19.026,0.002
12586,47.130,,,
,18.195,20.792,0.001
12587,9.703,,,
,18.535,19.026,0.002
12588,12.607,,,
,18.118,19.356,0.000
12589,47.894,,,
,17.850,20.551,0.002
12590,48.192,,,
,18.338,18.594,0.002
12591,46.852,,,
,18.579,20.409,0.001
12592,48.375,,,
,18.338,18.594,0.002
12593,8.525,,,
,18.579,20.409,0.001
12594,10.856,,,
,18.466,20.411,0.002
12595,13.027,,,
,19.173,21.787,0.002
12596,15.626,,,
,20.216,21.182,0.001
12597,9.568,,,
,16.687,18.715,0.001
12598,12.488,,,
,19.819,21.766,0.001
12599,14.559,,,
,20.658,21.541,0.002
12600,8.902,,,
,16.262,16.322,0.001
12601,8.687,,,
,18.658,22.562,0.001
12602,15.258,,,
,21.179,22.119,0.002
12603,10.648,,,
,17.720,18.295,0.001
12604,12.041,,,
,17.639,19.546,0.001
12605,50.863,,,
,19.568,20.681,0.000
12606,11.354,,,
,17.639,19.546,0.001
12607,7.528,,,
,17.690,19.562,0.002
12608,50.580,,,
,19.901,21.631,0.002
12609,10.831,,,
,17.690,19.562,0.002
12610,9.324,,,
,18.405,18.971,0.002
12611,14.438,,,
,20.159,21.449,0.002
12612,9.172,,,
,17.562,19.256,0.000
12613,14.578,,,
,17.853,20.241,0.001
12614,49.242,,,
,20.213,21.487,0.001
12615,10.534,,,
,17.853,20.241,0.001
12616,9.213,,,
,18.167,18.857,0.001
12617,12.018,,,
,20.300,21.666,0.002
12618,8.507,,,
,18.095,20.414,0.001
12619,12.075,,,
,19.481,21.383,0.000
12620,15.272,,,
,20.022,21.803,0.000
12621,8.188,,,
,17.229,18.456,0.001
12622,13.782,,,
,19.603,21.836,0.001
12623,13.475,,,
,20.753,21.532,0.001
12624,8.774,,,
,16.091,16.891,0.001
12625,10.643,,,
,19.143,22.344,0.001
12626,13.469,,,
,21.442,21.934,0.002
12627,9.607,,,
,18.121,18.587,0.000
12628,10.498,,,
,18.631,20.524,0.000
12629,47.982,,,
,20.377,21.566,0.001
12630,12.791,,,
,18.631,20.524,0.000
12631,11.575,,,
,18.450,18.562,0.001
12632,11.547,,,
,20.313,21.463,0.000
12633,9.652,,,
,17.974,20.042,0.002
12634,11.380,,,
,18.112,18.395,0.000
12635,49.956,,,
,20.536,21.564,0.000
12636,10.357,,,
,18.112,18.395,0.000
12637,8.765,,,
,18.533,18.937,0.001
12638,49.072,,,
,18.326,20.640,0.001
12639,48.204,,,
,18.533,18.937,0.001
12640,8.442,,,
,18.326,20.640,0.001
12641,10.924,,,
,18.593,19.936,0.000
12642,12.105,,,
,20.060,21.217,0.001
12643,15.561,,,
,19.898,21.375,0.001
12644,9.959,,,
,16.740,19.253,0.002
12645,12.335,,,
,19.300,21.727,0.002
12646,14.621,,,
,20.295,22.065,0.001
12647,9.386,,,
,17.780,18.352,0.001
12648,13.008,,,
,18.364,20.592,0.001
12649,46.965,,,
,20.824,21.317,0.001
12650,9.869,,,
,18.364,20.592,0.001
12651,9.952,,,
,18.213,18.836,0.002
12652,15.136,,,
,20.333,21.597,0.002
12653,9.749,,,
,17.453,19.491,0.002
12654,12.045,,,
,18.867,22.502,0.001
12655,13.183,,,
,20.510,21.877,0.001
12656,8.202,,,
,17.451,18.917,0.001
12657,12.625,,,
,20.128,21.187,0.002
12658,13.678,,,
,19.875,21.359,0.001
12659,9.419,,,
,17.214,18.936,0.000
12660,12.432,,,
,18.874,19.005,0.001
12661,48.590,,,
,20.397,21.928,0.000
12662,15.350,,,
,18.874,19.005,0.001
12663,8.957,,,
,17.400,19.787,0.001
12664,15.550,,,
,19.405,21.928,0.001
12665,9.389,,,
,17.808,18.237,0.000
12666,9.659,,,
,17.487,18.949,0.001
12667,49.098,,,
,18.013,20.354,0.001
12668,48.042,,,
,18.306,19.171,0.000
12669,46.473,,,
,18.346,19.571,0.000
12670,48.101,,,
,16.930,19.749,0.000
12671,45.252,,,
,18.346,19.571,0.000
12672,10.222,,,
,16.930,19.749,0.000
12673,8.183,,,
,18.228,18.854,0.001
12674,11.215,,,
,20.331,21.665,0.001
12675,10.768,,,
,17.784,20.054,0.001
12676,11.556,,,
,17.656,18.319,0.000
12677,50.484,,,
,20.440,21.573,0.000
12678,12.375,,,
,17.656,18.319,0.000
12679,11.040,,,
,17.551,19.589,0.000
12680,10.518,,,
,19.167,22.130,0.001
12681,9.151,,,
,19.534,21.725,0.002
12682,12.626,,,
,19.996,21.849,0.002
12683,9.481,,,
,20.207,21.254,0.001
12684,10.577,,,
,18.187,19.204,0.002
12685,12.330,,,
,20.183,21.504,0.001
12686,12.104,,,
,20.549,21.852,0.002
12687,9.587,,,
,18.317,19.019,0.000
12688,11.160,,,
,20.375,21.229,0.001
12689,14.163,,,
,19.921,21.398,0.002
12690,9.800,,,
,17.120,19.430,0.000
12691,12.451,,,
,19.622,20.044,0.001
12692,14.720,,,
,20.662,21.333,0.001
12693,9.494,,,
,17.308,19.575,0.001
12694,12.827,,,
,16.892,18.000,0.002
12695,44.752,,,
,20.480,21.519,0.002
12696,9.276,,,
,16.892,18.000,0.002
12697,10.500,,,
,17.621,20.716,0.002
12698,11.986,,,
,19.789,21.457,0.002
12699,9.762,,,
,18.277,18.744,0.000
12700,12.850,,,
,19.895,21.657,0.001
12701,13.771,,,
,20.645,21.793,0.000
12702,8.042,,,
,17.881,19.026,0.000
12703,9.718,,,
,20.006,21.924,0.000
12704,16.004,,,
,20.175,20.806,0.001
12705,9.446,,,
,16.703,19.343,0.002
12706,14.106,,,
,17.337,18.100,0.001
12707,51.208,,,
,17.711,20.645,0.001
12708,47.881,,,
,17.337,18.100,0.001
12709,9.867,,,
,17.711,20.645,0.001
12710,8.774,,,
,18.373,18.998,0.002
12711,13.517,,,
,17.644,20.136,0.001
12712,50.096,,,
,18.219,18.950,0.001
12713,45.899,,,
,17.644,20.136,0.001
12714,10.137,,,
,18.219,18.950,0.001
12715,7.521,,,
,18.352,20.222,0.002
12716,11.237,,,
,18.006,18.194,0.002
12717,51.059,,,
,20.630,21.789,0.001
12718,14.939,,,
,18.006,18.194,0.002
12719,8.861,,,
,17.694,18.568,0.001
12720,50.163,,,
,19.299,21.482,0.001
12721,8.753,,,
,17.694,18.568,0.001
12722,10.090,,,
,17.759,20.900,0.001
12723,16.179,,,
,20.034,21.812,0.002
12724,10.195,,,
,19.039,19.708,0.001
12725,12.273,,,
,17.130,18.704,0.001
12726,49.563,,,
,17.918,19.249,0.002
12727,49.159,,,
,17.130,18.704,0.001
12728,13.522,,,
,17.918,19.249,0.002
12729,13.484,,,
,17.622,19.120,0.002
12730,19.360,,,
,19.909,21.846,0.001
12731,17.277,,,
,20.747,21.275,0.001
12732,8.901,,,
,16.938,18.959,0.002
12733,15.486,,,
,16.561,18.969,0.001
12734,51.809,,,
,20.750,21.289,0.001
12735,9.788,,,
,16.561,18.969,0.001
12736,9.953,,,
,18.330,19.019,0.001
12737,14.316,,,
,19.955,21.173,0.001
12738,8.121,,,
,17.120,19.044,0.000
12739,12.738,,,
,19.429,21.694,0.001
12740,13.066,,,
,20.378,21.979,0.000
12741,15.079,,,
,15.965,17.794,0.002
12742,8.735,,,
,19.313,22.414,0.002
12743,17.717,,,
,21.241,22.009,0.001
12744,9.425,,,
,17.372,17.877,0.000
12745,11.963,,,
,19.636,21.756,0.001
12746,25.507,,,
,21.394,21.974,0.002
12747,20.020,,,
,15.743,17.559,0.001
12748,12.058,,,
,19.653,22.192,0.000
12749,16.140,,,
,20.927,22.249,0.000
12750,10.085,,,
,17.698,18.011,0.001
12751,9.303,,,
,19.528,21.732,0.001
12752,10.319,,,
,20.903,21.619,0.001
12753,10.259,,,
,18.075,19.972,0.001
12754,10.486,,,
,19.299,21.760,0.001
12755,13.080,,,
,20.221,21.158,0.002
12756,10.115,,,
,17.588,18.917,0.001
12757,10.063,,,
,18.280,18.939,0.001
12758,48.940,,,
,20.472,21.695,0.002
12759,8.092,,,
,18.280,18.939,0.001
12760,10.583,,,
,18.637,19.981,0.002
12761,9.938,,,
,17.747,20.201,0.001
12762,11.088,,,
,19.356,21.674,0.001
12763,11.971,,,
,20.011,21.847,0.001
12764,9.892,,,
,18.039,19.050,0.002
12765,11.158,,,
,19.889,21.741,0.001
12766,14.918,,,
,20.532,21.922,0.001
12767,9.702,,,
,17.896,18.339,0.001
12768,13.840,,,
,17.607,20.106,0.001
12769,50.726,,,
,18.219,18.996,0.002
12770,45.573,,,
,17.607,20.106,0.001
12771,7.946,,,
,18.219,18.996,0.002
12772,9.253,,,
,18.705,20.307,0.001
12773,9.484,,,
,20.225,21.864,0.002
12774,13.880,,,
,20.736,21.719,0.001
12775,9.704,,,
,18.370,18.714,0.000
12776,12.153,,,
,20.338,21.719,0.000
12777,14.194,,,
,21.299,22.057,0.001
12778,8.891,,,
,17.484,19.048,0.000
12779,11.728,,,
,17.288,19.085,0.000
12780,50.562,,,
,19.935,21.415,0.001
12781,9.042,,,
,17.288,19.085,0.000
12782,11.542,,,
,19.037,18.659,0.002
12783,48.769,,,
,18.396,19.510,0.001
12784,48.224,,,
,17.683,19.498,0.001
12785,50.640,,,
,18.396,19.510,0.001
12786,9.848,,,
,17.683,19.498,0.001
12787,11.231,,,
,15.788,17.800,0.001
12788,48.687,,,
,18.684,19.223,0.001
12789,46.682,,,
,18.339,20.616,0.001
12790,49.214,,,
,18.546,19.246,0.002
12791,47.945,,,
,18.339,20.616,0.001
12792,8.635,,,
,18.546,19.246,0.002
12793,9.956,,,
,19.574,21.870,0.000
12794,11.893,,,
,20.725,21.711,0.000
12795,16.618,,,
,20.608,21.564,0.000
12796,12.429,,,
,17.413,17.867,0.001
12797,10.696,,,
,19.789,21.479,0.001
12798,10.682,,,
,20.952,22.407,0.001
12799,9.284,,,
,18.875,18.995,0.001
12800,9.779,,,
,20.416,21.976,0.002
12801,13.155,,,
,21.059,21.410,0.001
12802,9.268,,,
,17.562,19.817,0.002
12803,11.791,,,
,18.967,20.739,0.001
12804,13.584,,,
,20.159,21.222,0.000
12805,9.096,,,
,17.615,19.324,0.002
12806,11.732,,,
,19.406,21.721,0.002
12807,18.076,,,
,20.335,22.069,0.002
12808,9.850,,,
,16.457,15.206,0.002
12809,8.977,,,
,17.780,23.745,0.000
12810,13.810,,,
,22.257,22.242,0.002
12811,8.772,,,
,18.101,18.573,0.000
12812,8.993,,,
,20.332,21.496,0.002
12813,12.987,,,
,20.309,21.201,0.002
12814,9.164,,,
,17.664,20.172,0.000
12815,10.102,,,
,19.429,21.693,0.001
12816,16.086,,,
,20.385,21.951,0.002
12817,9.398,,,
,17.922,18.390,0.001
12818,11.117,,,
,17.855,18.963,0.001
12819,49.632,,,
,20.599,21.840,0.000
12820,9.961,,,
,17.855,18.963,0.001
12821,9.318,,,
,17.890,18.953,0.002
12822,50.480,,,
,20.511,21.590,0.002
12823,11.463,,,
,17.890,18.953,0.002
12824,10.894,,,
,18.250,18.987,0.000
12825,49.373,,,
,18.887,20.153,0.000
12826,47.819,,,
,18.077,20.613,0.001
12827,47.083,,,
,18.887,20.153,0.000
12828,9.765,,,
,18.077,20.613,0.001
12829,7.909,,,
,18.590,21.383,0.001
12830,14.926,,,
,20.035,21.778,0.000
12831,8.912,,,
,17.294,18.371,0.001
12832,11.401,,,
,18.100,16.220,0.001
12833,47.268,,,
,17.461,20.248,0.000
12834,47.802,,,
,18.100,16.220,0.001
12835,8.795,,,
,17.461,20.248,0.000
12836,9.935,,,
,18.421,20.111,0.000
12837,12.011,,,
,19.551,21.525,0.001
12838,14.333,,,
,19.966,21.484,0.000
12839,10.030,,,
,17.039,18.646,0.002
12840,10.580,,,
,18.695,18.774,0.000
12841,49.560,,,
,20.714,21.696,0.000
12842,9.853,,,
,18.695,18.774,0.000
12843,8.264,,,
,18.559,19.320,0.002
12844,48.698,,,
,17.946,20.667,0.000
12845,48.770,,,
,18.559,19.320,0.002
12846,9.780,,,
,17.946,20.667,0.000
12847,8.224,,,
,18.718,19.035,0.001
12848,11.405,,,
,17.490,18.641,0.000
12849,52.065,,,
,18.511,19.464,0.001
12850,47.010,,,
,17.490,18.641,0.000
12851,10.162,,,
,18.511,19.464,0.001
12852,8.685,,,
,17.938,20.628,0.001
12853,10.521,,,
,20.452,20.275,0.000
12854,15.365,,,
,20.802,21.656,0.002
12855,10.220,,,
,17.287,19.039,0.001
12856,10.008,,,
,19.714,22.008,0.001
12857,14.043,,,
,20.481,21.896,0.000
12858,9.963,,,
,17.036,18.855,0.001
12859,12.452,,,
,19.659,21.869,0.001
12860,15.043,,,
,20.717,21.417,0.001
12861,9.476,,,
,17.361,19.012,0.001
12862,13.876,,,
,19.298,21.927,0.001
12863,17.957,,,
,20.770,21.338,0.001
12864,11.631,,,
,16.213,18.605,0.001
12865,14.930,,,
,19.374,22.016,0.000
12866,14.645,,,
,20.563,21.531,0.000
12867,10.845,,,
,19.057,21.629,0.000
12868,9.581,,,
,20.671,21.789,0.002
12869,17.039,,,
,20.555,21.815,0.002
12870,9.422,,,
,17.296,17.945,0.002
12871,13.824,,,
,19.651,21.534,0.001
12872,11.537,,,
,20.829,21.635,0.001
12873,10.616,,,
,18.334,19.234,0.000
12874,11.186,,,
,20.415,21.274,0.001
12875,9.869,,,
,19.934,21.426,0.001
12876,7.791,,,
,18.262,20.036,0.001
12877,11.713,,,
,20.438,21.657,0.001
12878,13.793,,,
,20.632,21.521,0.000
12879,8.270,,,
,17.963,18.460,0.001
12880,8.537,,,
,20.583,21.437,0.000
12881,13.421,,,
,20.678,21.758,0.000
12882,8.775,,,
,17.910,19.218,0.002
12883,14.044,,,
,19.630,21.899,0.002
12884,13.532,,,
,20.196,21.126,0.001
12885,8.711,,,
,17.308,19.108,0.000
12886,9.490,,,
,19.678,21.460,0.002
12887,14.993,,,
,20.391,22.041,0.002
12888,9.388,,,
,18.116,18.446,0.000
12889,13.890,,,
,20.169,21.465,0.001
12890,11.162,,,
,20.854,21.774,0.001
12891,7.931,,,
,17.988,19.666,0.001
12892,11.796,,,
,19.640,21.793,0.002
12893,10.557,,,
,20.207,21.129,0.001
12894,8.847,,,
,18.074,19.345,0.001
12895,11.041,,,
,20.180,21.587,0.002
12896,14.365,,,
,20.785,21.688,0.002
12897,11.016,,,
,18.045,18.589,0.001
12898,13.115,,,
,20.365,21.580,0.003
12899,12.567,,,
,20.775,21.680,0.000
12900,8.777,,,
,17.578,19.817,0.000
12901,10.986,,,
,17.841,18.889,0.001
12902,49.606,,,
,20.066,21.884,0.001
12903,10.167,,,
,17.841,18.889,0.001
12904,9.657,,,
,17.770,20.402,0.001
12905,15.599,,,
,19.211,21.578,0.002
12906,8.972,,,
,17.347,18.178,0.002
12907,12.507,,,
,19.834,21.549,0.002
12908,14.373,,,
,20.801,21.461,0.000
12909,8.991,,,
,18.111,18.551,0.002
12910,8.333,,,
,20.373,21.515,0.001
12911,14.665,,,
,20.347,21.619,0.002
12912,9.790,,,
,17.397,19.493,0.002
12913,13.121,,,
,19.198,21.762,0.000
12914,15.280,,,
,20.008,21.823,0.002
12915,9.224,,,
,16.959,18.611,0.002
12916,11.024,,,
,17.840,18.338,0.001
12917,50.461,,,
,20.629,21.515,0.000
12918,11.120,,,
,17.914,18.326,0.002
12919,48.595,,,
,17.559,20.152,0.000
12920,19.952,,,
,17.000,19.283,0.001
12921,54.212,,,
,16.840,18.126,0.001
12922,16.489,,,
,17.000,19.283,0.001
12923,16.491,,,
,17.645,19.269,0.000
12924,50.894,,,
,20.165,21.406,0.000
12925,9.335,,,
,17.945,19.663,0.001
12926,48.378,,,
,17.132,18.223,0.002
12927,11.034,,,
,17.659,20.702,0.001
12928,48.151,,,
,18.695,18.718,0.001
12929,48.433,,,
,19.548,18.416,0.001
12930,51.791,,,
,16.706,18.930,0.001
12931,49.430,,,
,18.340,18.997,0.000
12932,46.399,,,
,16.706,18.930,0.001
12933,11.206,,,
,18.340,18.997,0.000
12934,11.434,,,
,18.102,19.515,0.001
12935,10.053,,,
,17.934,19.899,0.002
12936,11.930,,,
,20.871,21.865,0.002
12937,9.254,,,
,20.613,21.361,0.002
12938,9.742,,,
,18.544,20.750,0.001
12939,13.030,,,
,20.363,21.758,0.001
12940,12.186,,,
,20.467,21.613,0.000
12941,10.255,,,
,18.193,18.561,0.000
12942,10.807,,,
,17.703,19.274,0.002
12943,48.815,,,
,20.961,21.465,0.000
12944,10.297,,,
,18.222,19.256,0.000
12945,48.309,,,
,17.899,19.286,0.002
12946,8.677,,,
,18.222,19.256,0.000
12947,8.033,,,
,18.086,20.834,0.000
12948,14.303,,,
,20.085,22.107,0.002
12949,8.385,,,
,17.823,18.386,0.002
12950,13.326,,,
,18.133,18.655,0.001
12951,51.136,,,
,20.838,21.690,0.002
12952,9.014,,,
,18.133,18.655,0.001
12953,11.603,,,
,18.191,19.927,0.001
12954,9.023,,,
,18.295,19.293,0.000
12955,12.906,,,
,20.463,21.277,0.001
12956,13.610,,,
,20.397,21.475,0.000
12957,9.592,,,
,17.542,19.632,0.000
12958,8.414,,,
,19.419,21.846,0.000
12959,12.357,,,
,20.485,21.239,0.000
12960,9.122,,,
,17.743,18.590,0.000
12961,11.399,,,
,17.815,18.590,0.002
12962,50.718,,,
,20.579,21.842,0.002
12963,10.122,,,
,17.815,18.590,0.002
12964,14.600,,,
,18.457,20.116,0.001
12965,8.986,,,
,17.780,18.569,0.002
12966,8.937,,,
,20.411,21.720,0.002
12967,14.121,,,
,20.589,20.945,0.000
12968,9.173,,,
,17.598,19.985,0.001
12969,11.489,,,
,18.175,20.649,0.001
12970,48.254,,,
,20.697,21.725,0.000
12971,9.363,,,
,18.175,20.649,0.001
12972,10.719,,,
,18.292,18.652,0.001
12973,7.931,,,
,18.013,19.991,0.001
12974,12.941,,,
,19.920,21.940,0.001
12975,14.669,,,
,20.574,21.565,0.002
12976,8.996,,,
,17.960,18.428,0.002
12977,12.960,,,
,20.182,21.510,0.002
12978,13.562,,,
,20.604,21.832,0.000
12979,8.878,,,
,17.857,18.970,0.000
12980,14.394,,,
,20.154,21.981,0.001
12981,13.030,,,
,20.608,20.858,0.000
12982,8.490,,,
,17.571,19.754,0.001
12983,12.824,,,
,19.701,21.564,0.001
12984,15.825,,,
,20.517,21.570,0.000
12985,9.864,,,
,17.381,18.119,0.000
12986,7.915,,,
,19.816,21.563,0.001
12987,15.903,,,
,20.541,21.887,0.000
12988,10.398,,,
,17.832,18.257,0.001
12989,11.000,,,
,20.359,21.614,0.001
12990,15.021,,,
,20.755,21.726,0.000
12991,10.089,,,
,17.480,18.967,0.001
12992,10.331,,,
,17.026,18.826,0.001
12993,50.240,,,
,17.885,18.919,0.002
12994,47.619,,,
,18.673,19.974,0.001
12995,47.409,,,
,17.885,18.919,0.002
12996,9.682,,,
,18.673,19.974,0.001
12997,13.272,,,
,17.777,20.208,0.001
12998,10.826,,,
,17.583,18.238,0.001
12999,10.827,,,
,19.897,21.662,0.000
13000,14.606,,,
,20.640,21.796,0.000
13001,10.559,,,
,17.843,18.568,0.002
13002,11.210,,,
,20.301,21.692,0.001
13003,10.318,,,
,20.662,21.262,0.002
13004,8.521,,,
,18.194,19.974,0.000
13005,10.005,,,
,19.902,21.902,0.002
13006,15.335,,,
,20.614,21.795,0.001
13007,9.319,,,
,17.891,18.293,0.000
13008,11.895,,,
,19.638,21.189,0.001
13009,11.091,,,
,20.607,21.764,0.002
13010,9.791,,,
,18.152,19.615,0.001
13011,10.927,,,
,19.217,21.707,0.000
13012,15.001,,,
,19.945,21.422,0.001
13013,8.246,,,
,17.041,18.702,0.000
13014,12.131,,,
,19.632,21.819,0.002
13015,11.931,,,
,20.400,21.960,0.001
13016,10.174,,,
,18.769,19.030,0.001
13017,10.496,,,
,18.396,20.742,0.001
13018,47.455,,,
,20.783,21.672,0.001
13019,9.956,,,
,18.001,20.075,0.002
13020,48.978,,,
,18.322,19.560,0.001
13021,47.973,,,
,18.001,20.075,0.002
13022,8.216,,,
,18.322,19.560,0.001
13023,10.100,,,
,18.789,19.815,0.000
13024,9.070,,,
,18.661,16.758,0.000
13025,15.163,,,
,19.680,21.729,0.000
13026,9.826,,,
,17.315,19.692,0.002
13027,10.530,,,
,19.322,21.996,0.001
13028,17.551,,,
,20.419,21.496,0.000
13029,9.674,,,
,16.612,17.777,0.002
13030,14.916,,,
,17.661,19.879,0.001
13031,51.281,,,
,18.120,18.463,0.000
13032,46.747,,,
,18.662,20.234,0.000
13033,47.860,,,
,17.941,19.466,0.001
13034,48.188,,,
,18.662,20.234,0.000
13035,9.809,,,
,17.941,19.466,0.001
13036,7.616,,,
,15.939,17.572,0.001
13037,9.472,,,
,19.742,21.367,0.001
13038,13.871,,,
,20.587,21.719,0.000
13039,11.370,,,
,17.830,18.805,0.001
13040,9.671,,,
,19.619,21.737,0.001
13041,13.289,,,
,19.882,21.293,0.000
13042,9.291,,,
,17.111,18.989,0.000
13043,12.033,,,
,19.386,21.605,0.001
13044,16.529,,,
,20.351,21.948,0.001
13045,9.681,,,
,17.777,17.449,0.001
13046,9.637,,,
,18.077,18.194,0.001
13047,51.438,,,
,17.680,20.443,0.001
13048,48.434,,,
,18.077,18.194,0.001
13049,8.771,,,
,17.680,20.443,0.001
13050,10.505,,,
,18.547,19.534,0.002
13051,9.581,,,
,20.176,21.361,0.002
13052,14.090,,,
,20.130,20.718,0.001
13053,9.646,,,
,17.199,19.335,0.001
13054,11.285,,,
,19.646,21.412,0.000
13055,18.571,,,
,20.284,21.675,0.001
13056,10.253,,,
,16.873,17.531,0.002
13057,13.926,,,
,19.645,21.461,0.000
13058,11.362,,,
,20.519,21.748,0.001
13059,7.878,,,
,18.285,18.807,0.002
13060,12.599,,,
,18.227,18.826,0.000
13061,47.934,,,
,18.865,19.999,0.002
13062,47.212,,,
,17.707,19.427,0.002
13063,49.320,,,
,18.865,19.999,0.002
13064,10.180,,,
,17.707,19.427,0.002
13065,9.636,,,
,18.151,19.524,0.001
13066,49.247,,,
,18.861,20.666,0.001
13067,47.909,,,
,18.151,19.524,0.001
13068,10.028,,,
,18.861,20.666,0.001
13069,8.834,,,
,18.259,19.126,0.001
13070,11.766,,,
,19.916,21.120,0.002
13071,11.266,,,
,19.882,21.297,0.002
13072,9.233,,,
,18.026,19.323,0.001
13073,10.482,,,
,19.948,21.261,0.002
13074,13.505,,,
,20.426,21.757,0.001
13075,11.802,,,
,15.738,17.922,0.000
13076,10.578,,,
,18.851,18.905,0.002
13077,48.386,,,
,20.645,21.604,0.000
13078,10.025,,,
,18.851,18.905,0.002
13079,8.334,,,
,18.412,20.032,0.001
13080,14.567,,,
,20.403,21.336,0.002
13081,8.951,,,
,17.950,18.162,0.002
13082,7.883,,,
,20.188,21.374,0.001
13083,13.641,,,
,20.348,21.463,0.000
13084,10.635,,,
,17.438,19.794,0.000
13085,10.294,,,
,19.372,21.284,0.001
13086,13.349,,,
,19.998,21.655,0.000
13087,8.264,,,
,17.016,16.268,0.001
13088,10.453,,,
,19.220,21.897,0.001
13089,14.237,,,
,21.515,21.907,0.000
13090,9.304,,,
,17.857,18.970,0.000
13091,11.250,,,
,20.143,21.889,0.001
13092,14.756,,,
,20.149,20.851,0.002
13093,8.342,,,
,17.005,19.510,0.001
13094,9.166,,,
,18.632,19.208,0.002
13095,47.866,,,
,20.472,21.607,0.002
13096,10.524,,,
,18.632,19.208,0.002
13097,8.842,,,
,18.045,20.526,0.000
13098,15.298,,,
,20.380,21.814,0.002
13099,8.665,,,
,17.856,18.193,0.001
13100,9.754,,,
,19.416,21.384,0.002
13101,16.003,,,
,20.890,21.220,0.001
13102,9.504,,,
,16.754,17.619,0.001
13103,13.538,,,
,17.773,18.530,0.001
13104,50.325,,,
,20.594,21.789,0.001
13105,9.828,,,
,17.773,18.530,0.001
13106,9.124,,,
,18.569,19.986,0.001
13107,15.450,,,
,20.492,21.628,0.000
13108,9.606,,,
,17.594,18.162,0.001
13109,13.399,,,
,20.258,21.481,0.000
13110,16.915,,,
,20.284,21.208,0.000
13111,8.700,,,
,17.035,18.669,0.001
13112,10.323,,,
,17.333,18.975,0.001
13113,50.107,,,
,20.750,21.252,0.001
13114,10.668,,,
,17.333,18.975,0.001
13115,12.832,,,
,17.879,19.675,0.001
13116,12.303,,,
,19.906,21.585,0.001
13117,10.092,,,
,17.839,19.016,0.000
13118,11.020,,,
,17.858,18.328,0.002
13119,52.568,,,
,20.997,21.930,0.000
13120,10.835,,,
,17.858,18.328,0.002
13121,12.776,,,
,17.568,20.334,0.000
13122,9.444,,,
,18.162,18.452,0.000
13123,11.465,,,
,20.575,21.373,0.001
13124,13.272,,,
,20.742,21.727,0.000
13125,7.981,,,
,17.650,19.551,0.001
13126,12.304,,,
,19.568,21.877,0.001
13127,13.406,,,
,20.239,21.239,0.000
13128,9.978,,,
,17.387,18.891,0.001
13129,11.355,,,
,17.979,18.414,0.001
13130,50.068,,,
,20.754,21.713,0.001
13131,9.955,,,
,17.979,18.414,0.001
13132,9.214,,,
,18.495,20.523,0.001
13133,12.221,,,
,20.160,21.927,0.001
13134,9.941,,,
,18.796,18.706,0.003
13135,12.482,,,
,17.713,19.567,0.000
13136,50.346,,,
,18.054,18.813,0.000
13137,47.175,,,
,18.155,20.759,0.001
13138,48.472,,,
,18.054,18.813,0.000
13139,11.059,,,
,18.155,20.759,0.001
13140,12.958,,,
,18.621,18.860,0.001
13141,9.810,,,
,17.658,19.835,0.000
13142,16.660,,,
,19.503,20.406,0.002
13143,13.892,,,
,20.287,21.732,0.002
13144,9.406,,,
,17.483,19.254,0.000
13145,11.007,,,
,17.528,19.169,0.001
13146,49.624,,,
,20.223,21.204,0.002
13147,10.626,,,
,17.528,19.169,0.001
13148,11.452,,,
,17.899,19.319,0.000
13149,9.543,,,
,18.206,19.275,0.001
13150,9.942,,,
,18.065,18.554,0.001
13151,50.858,,,
,20.806,21.647,0.000
13152,9.972,,,
,18.456,18.980,0.001
13153,46.206,,,
,18.136,18.995,0.001
13154,11.319,,,
,18.456,18.980,0.001
13155,9.369,,,
,18.505,19.020,0.001
13156,48.649,,,
,19.910,21.931,0.001
13157,7.988,,,
,18.505,19.020,0.001
13158,10.157,,,
,18.689,20.171,0.002
13159,10.693,,,
,18.342,2.697,0.001
13160,8.341,,,
,18.527,2.900,0.000
13161,13.638,,,
,20.912,3.213,0.000
13162,9.447,,,
,18.610,2.738,0.000
13163,7.852,,,
,19.068,2.851,0.000
13164,34.727,,,
,19.518,2.619,0.000
13165,33.305,,,
,16.513,2.560,0.000
13166,35.750,,,
,19.518,2.619,0.000
13167,11.406,,,
,16.513,2.560,0.000
13168,8.652,,,
,16.044,2.421,0.001
13169,12.766,,,
,17.408,3.142,0.000
13170,11.057,,,
,20.286,2.662,0.001
13171,8.779,,,
,18.805,2.937,0.002
13172,13.375,,,
,21.046,3.384,0.002
13173,8.892,,,
,17.747,2.260,0.002
13174,7.626,,,
,16.308,2.764,0.002
13175,13.889,,,
,20.883,3.538,0.001
13176,8.079,,,
,20.389,2.617,0.001
13177,8.405,,,
,19.205,2.929,0.001
13178,13.841,,,
,21.616,3.384,0.001
13179,9.085,,,
,18.511,2.548,0.000
13180,8.696,,,
,19.114,2.929,0.001
13181,15.687,,,
,21.748,3.379,0.000
13182,8.200,,,
,17.722,2.533,0.001
13183,10.128,,,
,18.969,2.804,0.002
13184,13.791,,,
,21.303,3.236,0.000
13185,8.175,,,
,17.811,2.617,0.001
13186,11.504,,,
,19.022,3.033,0.000
13187,13.104,,,
,21.407,3.225,0.000
13188,8.419,,,
,18.114,2.653,0.000
13189,9.758,,,
,18.912,3.296,0.002
13190,15.319,,,
,22.125,3.156,0.001
13191,8.901,,,
,19.458,2.539,0.000
13192,11.419,,,
,18.557,2.865,0.002
13193,10.919,,,
,21.348,3.385,0.001
13194,8.895,,,
,19.448,2.654,0.000
13195,8.157,,,
,19.372,2.936,0.000
13196,12.917,,,
,21.541,3.388,0.001
13197,9.562,,,
,19.031,2.576,0.002
13198,9.029,,,
,18.950,3.142,0.001
13199,14.607,,,
,21.625,3.387,0.001
13200,8.542,,,
,18.066,2.533,0.000
13201,9.094,,,
,18.385,2.615,0.001
13202,33.567,,,
,19.485,2.617,0.001
13203,32.455,,,
,18.385,2.615,0.001
13204,9.754,,,
,17.930,2.543,0.001
13205,31.002,,,
,16.777,2.580,0.001
13206,28.326,,,
,17.930,2.543,0.001
13207,9.392,,,
,16.777,2.580,0.001
13208,9.256,,,
,19.084,2.586,0.000
13209,13.078,,,
,18.093,3.146,0.002
13210,8.453,,,
,19.033,2.675,0.002
13211,8.605,,,
,18.307,3.068,0.004
13212,13.873,,,
,20.516,3.222,0.000
13213,9.691,,,
,19.018,2.664,0.000
13214,11.580,,,
,19.557,2.774,0.000
13215,34.517,,,
,21.044,3.298,0.001
13216,10.207,,,
,19.557,2.774,0.000
13217,9.585,,,
,17.305,2.577,0.001
13218,12.595,,,
,19.547,2.988,0.002
13219,9.337,,,
,19.967,2.585,0.002
13220,7.129,,,
,18.433,3.138,0.001
13221,11.113,,,
,21.367,3.383,0.000
13222,9.566,,,
,20.143,2.656,0.000
13223,12.453,,,
,18.998,3.157,0.000
13224,17.103,,,
,21.403,3.387,0.000
13225,8.122,,,
,18.273,2.466,0.000
13226,8.997,,,
,18.045,3.077,0.001
13227,14.291,,,
,21.586,3.394,0.000
13228,7.679,,,
,17.959,2.537,0.002
13229,10.220,,,
,19.195,3.144,0.002
13230,12.163,,,
,21.411,3.264,0.001
13231,10.306,,,
,18.071,2.586,0.000
13232,9.167,,,
,19.374,3.145,0.001
13233,17.337,,,
,20.884,3.227,0.001
13234,9.615,,,
,17.313,2.578,0.000
13235,7.789,,,
,18.391,2.670,0.001
13236,11.989,,,
,20.853,3.222,0.001
13237,10.105,,,
,18.154,2.657,0.002
13238,9.308,,,
,19.382,3.077,0.001
13239,13.286,,,
,21.350,3.228,0.001
13240,9.537,,,
,18.041,2.653,0.002
13241,14.198,,,
,19.127,3.015,0.001
13242,8.818,,,
,20.814,3.226,0.001
13243,11.125,,,
,18.802,2.714,0.000
13244,12.605,,,
,18.641,2.651,0.000
13245,33.050,,,
,21.239,2.994,0.002
13246,8.384,,,
,18.641,2.651,0.000
13247,10.526,,,
,19.439,2.656,0.001
13248,10.783,,,
,18.661,2.982,0.002
13249,9.068,,,
,19.192,2.857,0.001
13250,11.809,,,
,20.170,2.912,0.000
13251,13.470,,,
,20.394,3.146,0.002
13252,9.299,,,
,17.940,2.711,0.001
13253,9.597,,,
,18.716,2.951,0.001
13254,14.345,,,
,21.149,2.934,0.000
13255,9.280,,,
,18.310,2.741,0.000
13256,7.905,,,
,18.516,2.845,0.001
13257,12.414,,,
,20.911,3.219,0.001
13258,7.899,,,
,18.396,2.765,0.001
13259,10.440,,,
,19.420,2.775,0.000
13260,12.543,,,
,20.741,3.221,0.000
13261,11.157,,,
,19.960,2.550,0.002
13262,9.142,,,
,18.267,3.023,0.001
13263,12.509,,,
,20.815,3.303,0.002
13264,8.495,,,
,18.996,2.580,0.000
13265,9.377,,,
,18.861,3.162,0.002
13266,13.611,,,
,21.607,3.384,0.001
13267,9.209,,,
,18.424,2.542,0.002
13268,10.158,,,
,18.951,2.920,0.001
13269,13.816,,,
,21.683,3.387,0.001
13270,9.742,,,
,18.144,2.542,0.000
13271,9.694,,,
,19.030,3.146,0.001
13272,12.000,,,
,21.349,3.295,0.000
13273,10.198,,,
,18.581,2.617,0.001
13274,11.396,,,
,19.633,2.922,0.000
13275,12.245,,,
,21.328,3.271,0.000
13276,9.645,,,
,18.249,2.585,0.001
13277,9.690,,,
,19.166,3.141,0.001
13278,16.642,,,
,21.317,3.297,0.000
13279,11.871,,,
,17.513,2.543,0.001
13280,8.913,,,
,18.908,2.776,0.001
13281,13.049,,,
,21.292,3.230,0.000
13282,9.204,,,
,18.194,2.653,0.001
13283,7.289,,,
,19.707,2.869,0.001
13284,15.595,,,
,21.146,2.945,0.001
13285,7.899,,,
,17.374,2.613,0.000
13286,10.549,,,
,18.819,2.714,0.000
13287,13.243,,,
,21.134,2.932,0.001
13288,10.102,,,
,17.880,2.658,0.000
13289,8.169,,,
,19.242,3.023,0.000
13290,11.764,,,
,20.924,3.213,0.001
13291,9.359,,,
,18.186,2.664,0.001
13292,9.512,,,
,18.503,2.673,0.001
13293,13.887,,,
,20.717,2.986,0.002
13294,9.428,,,
,17.893,2.578,0.000
13295,9.600,,,
,19.161,3.084,0.001
13296,13.104,,,
,21.365,3.241,0.001
13297,7.983,,,
,18.012,2.619,0.001
13298,10.781,,,
,19.683,3.190,0.004
13299,12.489,,,
,21.462,3.221,0.000
13300,8.276,,,
,18.158,2.657,0.001
13301,9.488,,,
,19.468,3.072,0.000
13302,14.773,,,
,21.432,3.222,0.002
13303,9.185,,,
,17.786,2.660,0.002
13304,9.254,,,
,18.488,2.714,0.001
13305,33.310,,,
,18.596,2.615,0.001
13306,30.518,,,
,17.098,2.614,0.001
13307,30.121,,,
,17.803,2.544,0.001
13308,30.117,,,
,17.313,2.646,0.002
13309,29.313,,,
,17.803,2.544,0.001
13310,9.867,,,
,17.313,2.646,0.002
13311,8.723,,,
,18.096,2.585,0.002
13312,12.028,,,
,18.480,3.211,0.000
13313,9.299,,,
,19.474,2.662,0.001
13314,7.717,,,
,18.731,2.979,0.002
13315,17.620,,,
,21.279,3.379,0.002
13316,12.229,,,
,19.025,2.544,0.000
13317,9.975,,,
,18.049,3.141,0.001
13318,13.457,,,
,21.222,3.387,0.001
13319,9.885,,,
,21.204,3.137,0.000
13320,8.795,,,
,21.097,3.224,0.001
13321,16.341,,,
,21.158,2.933,0.002
13322,9.301,,,
,17.875,2.585,0.002
13323,9.507,,,
,18.641,2.760,0.001
13324,34.066,,,
,16.836,2.505,0.000
13325,32.025,,,
,18.641,2.760,0.001
13326,11.440,,,
,16.836,2.505,0.000
13327,8.962,,,
,18.799,2.578,0.001
13328,7.524,,,
,17.956,3.203,0.002
13329,14.504,,,
,21.310,3.387,0.002
13330,8.677,,,
,19.977,2.618,0.001
13331,9.469,,,
,18.466,3.152,0.001
13332,11.098,,,
,21.251,3.381,0.001
13333,12.112,,,
,20.415,2.664,0.002
13334,18.547,,,
,20.488,2.658,0.000
13335,34.192,,,
,17.468,2.650,0.001
13336,28.407,,,
,20.488,2.658,0.000
13337,10.695,,,
,17.468,2.650,0.001
13338,8.999,,,
,17.887,2.545,0.000
13339,8.966,,,
,18.062,3.135,0.001
13340,13.237,,,
,21.243,3.387,0.001
13341,10.417,,,
,19.976,2.589,0.002
13342,8.953,,,
,17.912,2.652,0.001
13343,32.404,,,
,20.353,3.085,0.000
13344,10.486,,,
,17.912,2.652,0.001
13345,10.642,,,
,18.704,2.541,0.000
13346,9.492,,,
,17.059,2.611,0.000
13347,10.188,,,
,18.230,2.872,0.001
13348,12.252,,,
,21.188,2.988,0.001
13349,8.574,,,
,18.384,2.709,0.001
13350,9.967,,,
,19.971,2.866,0.000
13351,14.315,,,
,20.927,3.211,0.001
13352,11.703,,,
,18.195,2.703,0.001
13353,12.136,,,
,18.965,2.802,0.000
13354,13.809,,,
,21.221,2.992,0.000
13355,9.209,,,
,18.077,2.718,0.002
13356,9.754,,,
,18.125,2.709,0.000
13357,33.664,,,
,17.944,2.589,0.001
13358,29.433,,,
,17.035,2.607,0.001
13359,29.112,,,
,16.483,2.484,0.000
13360,29.572,,,
,17.276,2.660,0.001
13361,28.519,,,
,16.483,2.484,0.000
13362,10.158,,,
,17.276,2.660,0.001
13363,2.711,,,
,17.762,2.541,0.001
13364,2.023,,,
,20.317,2.572,0.001
13365,3.275,,,
,26.173,3.281,0.002
13366,3.617,,,
,26.071,3.129,0.001
13367,2.320,,,
,25.507,2.830,0.001
13368,3.322,,,
,24.653,2.761,0.001
13369,31.488,,,
,27.519,3.320,0.000
13370,1.876,,,
,24.653,2.761,0.001
13371,2.980,,,
,25.658,2.833,0.001
13372,1.968,,,
,23.866,2.831,0.001
13373,3.185,,,
,22.822,2.972,0.002
13374,28.948,,,
,24.617,3.134,0.000
13375,1.609,,,
,11.505,3.181,0.000
13376,16.985,,,
,11.131,2.972,0.002
13377,1.817,,,
,11.505,3.181,0.000
13378,1.834,,,
,10.826,3.019,0.001
13379,1.865,,,
,10.324,3.025,0.001
13380,1.928,,,
,10.490,3.021,0.002
13381,17.746,,,
,12.500,3.316,0.000
13382,1.823,,,
,10.490,3.021,0.002
13383,1.681,,,
,8.908,2.988,0.001
13384,1.845,,,
,8.847,2.988,0.000
13385,1.446,,,
,10.489,3.206,0.001
13386,3.270,,,
,10.735,3.070,0.001
13387,2.047,,,
,8.822,3.072,0.001
13388,2.288,,,
,9.620,3.006,0.000
13389,3.666,,,
,9.574,2.984,0.001
13390,2.954,,,
,8.119,2.973,0.000
13391,3.099,,,
,7.934,2.953,0.000
13392,14.751,,,
,9.302,2.951,0.002
13393,1.459,,,
,7.934,2.953,0.000
13394,1.769,,,
,7.970,2.951,0.002
13395,1.655,,,
,7.928,2.837,0.001
13396,1.819,,,
,8.947,2.830,0.001
13397,3.152,,,
,9.546,3.197,0.001
13398,2.646,,,
,8.639,2.982,0.001
13399,2.273,,,
,9.617,2.966,0.001
13400,3.201,,,
,9.991,3.244,0.001
13401,3.042,,,
,8.906,2.964,0.002
13402,1.891,,,
,9.824,2.966,0.002
13403,2.844,,,
,10.348,3.285,0.002
13404,1.877,,,
,9.212,3.001,0.001
13405,2.161,,,
,10.274,3.193,0.000
13406,15.557,,,
,11.330,3.388,0.001
13407,1.628,,,
,10.274,3.193,0.000
13408,1.797,,,
,12.145,3.185,0.000
13409,2.151,,,
,11.172,2.873,0.002
13410,1.885,,,
,12.146,2.945,0.003
13411,19.035,,,
,12.966,3.326,0.001
13412,1.788,,,
,12.146,2.945,0.003
13413,1.449,,,
,13.385,3.000,0.000
13414,2.691,,,
,14.418,3.685,0.001
13415,2.042,,,
,15.244,3.054,0.001
13416,3.010,,,
,15.891,3.134,0.002
13417,3.646,,,
,16.213,3.473,0.001
13418,2.564,,,
,15.318,2.947,0.002
13419,3.360,,,
,16.154,2.828,0.000
13420,23.366,,,
,17.492,3.378,0.002
13421,1.715,,,
,16.154,2.828,0.000
13422,2.205,,,
,18.163,2.863,0.001
13423,1.942,,,
,18.797,2.950,0.001
13424,2.176,,,
,21.294,3.464,0.002
13425,2.503,,,
,20.901,3.266,0.000
13426,1.797,,,
,19.310,2.861,0.002
13427,3.032,,,
,21.698,2.828,0.001
13428,28.001,,,
,23.905,2.752,0.001
13429,28.660,,,
,21.698,2.828,0.001
13430,1.700,,,
,23.905,2.752,0.001
13431,1.913,,,
,26.083,2.752,0.001
13432,2.625,,,
,25.083,3.399,0.001
13433,2.683,,,
,27.506,3.217,0.001
13434,2.000,,,
,24.996,2.820,0.000
13435,3.281,,,
,23.398,2.683,0.001
13436,30.715,,,
,25.480,3.222,0.001
13437,1.765,,,
,23.398,2.683,0.001
13438,1.602,,,
,26.199,2.747,0.000
13439,33.287,,,
,25.022,3.073,0.001
13440,1.722,,,
,26.199,2.747,0.000
13441,2.701,,,
,23.468,2.746,0.002
13442,2.235,,,
,24.791,2.746,0.001
13443,2.767,,,
,24.558,2.823,0.001
13444,30.339,,,
,23.031,2.691,0.000
13445,27.622,,,
,24.558,2.823,0.001
13446,2.274,,,
,23.031,2.691,0.000
13447,1.803,,,
,21.543,2.819,0.002
13448,1.531,,,
,25.204,3.241,0.001
13449,2.511,,,
,24.118,3.125,0.002
13450,1.684,,,
,22.605,2.941,0.000
13451,2.977,,,
,22.291,2.854,0.000
13452,29.261,,,
,23.593,3.074,0.002
13453,1.786,,,
,22.291,2.854,0.000
13454,3.236,,,
,21.641,2.689,0.000
13455,1.950,,,
,21.781,2.870,0.000
13456,3.715,,,
,23.879,3.520,0.001
13457,4.430,,,
,23.676,3.078,0.000
13458,2.133,,,
,22.172,2.831,0.001
13459,3.598,,,
,25.551,2.830,0.002
13460,33.072,,,
,24.247,3.132,0.001
13461,1.653,,,
,25.551,2.830,0.002
13462,1.408,,,
,23.717,2.830,0.001
13463,30.034,,,
,26.274,3.590,0.000
13464,1.919,,,
,23.717,2.830,0.001
13465,2.525,,,
,25.390,2.690,0.002
13466,1.882,,,
,22.555,2.828,0.001
13467,2.594,,,
,25.026,2.840,0.001
13468,31.979,,,
,24.857,3.127,0.001
13469,1.849,,,
,25.026,2.840,0.001
13470,1.915,,,
,21.777,2.648,0.001
13471,2.623,,,
,25.292,3.763,0.002
13472,1.831,,,
,24.785,2.826,0.001
13473,2.885,,,
,24.540,3.656,0.002
13474,2.301,,,
,25.793,3.203,0.001
13475,2.012,,,
,23.271,2.875,0.001
13476,4.316,,,
,23.068,2.941,0.002
13477,29.191,,,
,24.323,3.127,0.001
13478,1.663,,,
,21.008,2.828,0.001
13479,27.283,,,
,21.772,2.752,0.001
13480,1.727,,,
,21.008,2.828,0.001
13481,2.072,,,
,23.072,2.826,0.002
13482,2.715,,,
,20.563,2.754,0.001
13483,2.171,,,
,22.561,3.319,0.000
13484,8.307,,,
,24.362,3.259,0.002
13485,2.018,,,
,20.431,2.634,0.002
13486,2.384,,,
,21.753,3.199,0.001
13487,3.249,,,
,22.767,3.212,0.006
13488,2.045,,,
,21.104,2.825,0.001
13489,3.293,,,
,21.011,2.753,0.001
13490,27.047,,,
,23.115,3.199,0.001
13491,1.755,,,
,21.011,2.753,0.001
13492,2.309,,,
,19.922,2.862,0.002
13493,1.528,,,
,20.099,2.820,0.001
13494,3.748,,,
,20.923,2.967,0.001
13495,28.331,,,
,21.327,3.194,0.001
13496,1.925,,,
,20.923,2.967,0.001
13497,2.709,,,
,19.637,2.744,0.001
13498,2.101,,,
,18.669,2.749,0.002
13499,3.337,,,
,20.318,2.818,0.000
13500,27.331,,,
,18.470,2.823,0.001
13501,23.829,,,
,19.906,3.017,0.002
13502,25.234,,,
,18.470,2.823,0.001
13503,2.707,,,
,19.906,3.017,0.002
13504,2.133,,,
,19.019,2.755,0.000
13505,3.691,,,
,18.026,2.826,0.000
13506,1.729,,,
,20.487,2.947,0.000
13507,26.954,,,
,21.939,3.527,0.001
13508,1.988,,,
,20.487,2.947,0.000
13509,2.239,,,
,18.549,2.832,0.000
13510,1.907,,,
,18.579,2.953,0.001
13511,2.993,,,
,21.017,3.477,0.001
13512,2.914,,,
,21.480,3.305,0.001
13513,2.077,,,
,19.526,2.662,0.001
13514,2.654,,,
,20.278,2.850,0.001
13515,27.557,,,
,20.460,3.465,0.001
13516,2.627,,,
,20.278,2.850,0.001
13517,1.748,,,
,19.135,2.717,0.001
13518,25.785,,,
,19.792,3.039,0.001
13519,2.028,,,
,19.135,2.717,0.001
13520,2.561,,,
,19.589,2.620,0.001
13521,2.244,,,
,17.802,2.544,0.000
13522,2.831,,,
,19.237,2.777,0.000
13523,25.669,,,
,20.136,3.352,0.001
13524,2.283,,,
,19.237,2.777,0.000
13525,1.943,,,
,19.519,2.792,0.000
13526,1.974,,,
,20.344,3.047,0.001
13527,1.551,,,
,19.070,2.667,0.002
13528,1.829,,,
,21.034,2.705,0.000
13529,27.774,,,
,21.005,3.570,0.001
13530,1.681,,,
,21.034,2.705,0.000
13531,2.167,,,
,18.424,2.598,0.001
13532,2.017,,,
,17.984,2.661,0.002
13533,2.211,,,
,19.892,2.796,0.001
13534,26.170,,,
,20.727,3.289,0.002
13535,1.809,,,
,19.892,2.796,0.001
13536,2.170,,,
,16.437,2.605,0.001
13537,2.063,,,
,15.511,2.669,0.000
13538,3.256,,,
,16.311,2.780,0.001
13539,23.828,,,
,15.914,2.783,0.001
13540,20.551,,,
,16.311,2.780,0.001
13541,1.888,,,
,15.914,2.783,0.001
13542,2.389,,,
,15.272,2.671,0.002
13543,2.343,,,
,16.387,2.803,0.001
13544,22.585,,,
,15.762,2.687,0.002
13545,21.227,,,
,16.387,2.803,0.001
13546,1.854,,,
,15.762,2.687,0.002
13547,1.820,,,
,15.345,2.718,0.001
13548,1.840,,,
,16.695,3.092,0.000
13549,2.247,,,
,17.758,3.112,0.002
13550,1.562,,,
,16.176,2.784,0.001
13551,3.070,,,
,17.031,3.113,0.000
13552,2.360,,,
,17.372,3.091,0.000
13553,1.674,,,
,16.198,2.781,0.001
13554,2.098,,,
,15.859,2.688,0.014
13555,22.086,,,
,15.212,2.676,0.001
13556,20.267,,,
,15.859,2.688,0.014
13557,2.248,,,
,15.212,2.676,0.001
13558,1.650,,,
,15.338,2.723,0.001
13559,1.960,,,
,15.701,2.721,0.001
13560,22.678,,,
,15.654,2.787,0.001
13561,20.520,,,
,15.840,2.782,0.001
13562,21.257,,,
,15.654,2.787,0.001
13563,2.082,,,
,15.840,2.782,0.001
13564,1.525,,,
,15.924,2.783,0.002
13565,21.283,,,
,16.873,3.061,0.001
13566,2.010,,,
,15.924,2.783,0.002
13567,1.574,,,
,15.900,2.755,0.001
13568,2.660,,,
,16.437,2.997,0.001
13569,2.182,,,
,16.141,2.768,0.001
13570,3.787,,,
,16.078,2.718,0.002
13571,21.746,,,
,15.149,2.547,0.001
13572,19.918,,,
,14.155,2.493,0.001
13573,18.910,,,
,15.149,2.547,0.001
13574,2.361,,,
,15.094,2.715,0.000
13575,19.950,,,
,15.483,2.716,0.000
13576,20.013,,,
,15.094,2.715,0.000
13577,1.891,,,
,15.483,2.716,0.000
13578,1.570,,,
,15.216,2.681,0.000
13579,1.831,,,
,15.850,2.784,0.000
13580,23.023,,,
,16.661,3.054,0.001
13581,1.623,,,
,15.850,2.784,0.000
13582,2.241,,,
,15.974,2.771,0.002
13583,1.615,,,
,15.405,2.669,0.001
13584,3.149,,,
,16.112,2.756,0.001
13585,23.304,,,
,16.960,3.052,0.002
13586,2.154,,,
,16.112,2.756,0.001
13587,1.820,,,
,14.990,2.540,0.002
13588,1.420,,,
,14.604,2.637,0.002
13589,2.125,,,
,16.182,2.597,0.000
13590,23.199,,,
,18.059,3.116,0.002
13591,2.006,,,
,15.122,2.658,0.000
13592,20.515,,,
,15.004,2.532,0.000
13593,1.914,,,
,1766152695889.591,2.705,0.000
13594,20.870,,,
,15.848,2.661,0.000
13595,1.743,,,
,16.043,2.705,0.000
13596,2.026,,,
,16.220,2.704,0.002
13597,1.609,,,
,16.322,2.705,0.001
13598,2.518,,,
,16.809,2.769,0.002
13599,22.154,,,
,63.115,2.681,0.001
13600,21.664,,,
,16.809,2.769,0.002
13601,1.835,,,
,16.751,2.681,0.001
13602,1.544,,,
,16.447,2.659,0.002
13603,1.726,,,
,17.007,2.707,0.000
13604,24.522,,,
,18.227,3.112,0.001
13605,1.884,,,
,17.007,2.707,0.000
13606,1.783,,,
,17.206,2.709,0.001
13607,23.470,,,
,17.838,3.028,0.001
13608,1.775,,,
,17.206,2.709,0.001
13609,2.611,,,
,16.484,2.535,0.001
13610,1.464,,,
,15.745,2.591,0.001
13611,1.854,,,
,16.882,3.443,0.002
13612,3.608,,,
,18.587,3.101,0.001
13613,1.902,,,
,17.000,2.663,0.001
13614,2.292,,,
,17.331,2.775,0.002
13615,23.315,,,
,17.063,2.712,0.000
13616,22.275,,,
,17.331,2.775,0.002
13617,1.616,,,
,17.063,2.712,0.000
13618,2.036,,,
,16.829,2.661,0.001
13619,1.727,,,
,16.999,2.704,0.001
13620,22.364,,,
,17.767,3.266,0.001
13621,1.840,,,
,16.999,2.704,0.001
13622,2.096,,,
,17.644,2.570,0.002
13623,1.509,,,
,17.039,2.570,0.001
13624,1.716,,,
,19.116,2.738,0.000
13625,23.715,,,
,19.739,3.020,0.001
13626,2.008,,,
,19.116,2.738,0.000
13627,2.385,,,
,21.144,2.749,0.001
13628,1.611,,,
,21.046,2.639,0.000
13629,2.985,,,
,22.612,2.746,0.001
13630,29.008,,,
,22.041,3.065,0.000
13631,1.791,,,
,19.186,2.767,0.000
13632,24.082,,,
,19.539,2.589,0.000
13633,2.939,,,
,18.545,2.735,0.000
13634,23.753,,,
,18.599,2.773,0.001
13635,1.960,,,
,18.545,2.735,0.000
13636,1.813,,,
,17.742,2.530,0.002
13637,1.865,,,
,17.008,2.588,0.001
13638,2.669,,,
,18.513,2.705,0.000
13639,24.918,,,
,19.698,3.040,0.001
13640,1.670,,,
,18.513,2.705,0.000
13641,2.012,,,
,18.782,2.783,0.002
13642,1.711,,,
,18.059,2.671,0.001
13643,2.323,,,
,18.613,2.674,0.001
13644,25.268,,,
,19.900,3.053,0.001
13645,1.694,,,
,18.613,2.674,0.001
13646,1.963,,,
,19.033,2.785,0.001
13647,1.487,,,
,19.254,2.748,0.001
13648,1.720,,,
,18.725,2.673,0.001
13649,24.624,,,
,19.715,2.983,0.001
13650,1.687,,,
,18.725,2.673,0.001
13651,1.982,,,
,18.112,2.676,0.001
13652,1.495,,,
,18.843,2.783,0.001
13653,3.023,,,
,19.481,2.985,0.001
13654,2.912,,,
,19.444,2.980,0.001
13655,2.018,,,
,18.337,2.606,0.001
13656,2.011,,,
,20.281,2.915,0.001
13657,26.204,,,
,20.262,3.516,0.001
13658,2.258,,,
,72.795,2.682,0.000
13659,24.988,,,
,20.546,2.682,0.001
13660,1.798,,,
,19.712,2.682,0.000
13661,2.294,,,
,20.179,2.791,0.001
13662,1.987,,,
,20.565,2.722,0.001
13663,2.600,,,
,20.062,2.787,0.002
13664,26.326,,,
,21.036,3.068,0.000
13665,2.127,,,
,17.278,2.540,0.002
13666,22.533,,,
,18.935,2.599,0.001
13667,1.823,,,
,17.278,2.540,0.002
13668,2.076,,,
,18.492,2.793,0.001
13669,24.948,,,
,19.130,3.108,0.001
13670,1.882,,,
,18.492,2.793,0.001
13671,2.627,,,
,16.985,2.787,0.001
13672,2.055,,,
,16.078,2.658,0.001
13673,2.841,,,
,16.574,2.588,0.000
13674,23.619,,,
,17.627,3.039,0.001
13675,1.796,,,
,16.574,2.588,0.000
13676,1.459,,,
,16.116,2.583,0.002
13677,3.028,,,
,17.357,3.090,0.005
13678,1.563,,,
,17.415,2.761,0.002
13679,2.467,,,
,18.901,3.076,0.000
13680,4.535,,,
,18.943,3.070,0.001
13681,2.426,,,
,17.882,2.677,0.002
13682,3.338,,,
,17.953,2.589,0.002
13683,24.814,,,
,17.544,2.712,0.002
13684,22.376,,,
,17.953,2.589,0.002
13685,1.661,,,
,17.544,2.712,0.002
13686,2.030,,,
,18.095,2.775,0.000
13687,1.589,,,
,18.094,2.537,0.001
13688,25.708,,,
,18.950,3.353,0.000
13689,1.993,,,
,18.094,2.537,0.001
13690,1.576,,,
,18.009,2.781,0.001
13691,23.195,,,
,18.418,3.067,0.002
13692,2.128,,,
,17.641,2.775,0.001
13693,23.120,,,
,17.547,2.781,0.002
13694,2.004,,,
,15.875,2.531,0.002
13695,20.738,,,
,16.981,2.531,0.000
13696,1.819,,,
,15.875,2.531,0.002
13697,2.018,,,
,15.980,2.590,0.001
13698,1.578,,,
,16.466,2.656,0.000
13699,2.488,,,
,17.597,2.767,0.000
13700,23.847,,,
,18.610,3.121,0.001
13701,1.937,,,
,17.597,2.767,0.000
13702,1.568,,,
,17.481,2.600,0.002
13703,24.777,,,
,18.161,3.023,0.001
13704,1.659,,,
,16.146,2.652,0.000
13705,21.081,,,
,16.200,2.525,0.000
13706,1.739,,,
,16.146,2.652,0.000
13707,2.451,,,
,16.837,2.659,0.001
13708,1.782,,,
,16.886,2.704,0.002
13709,3.178,,,
,17.337,2.771,0.002
13710,22.481,,,
,18.477,3.127,0.000
13711,1.642,,,
,17.337,2.771,0.002
13712,2.066,,,
,16.903,2.745,0.002
13713,1.678,,,
,16.185,2.661,0.001
13714,2.140,,,
,16.711,2.665,0.001
13715,22.813,,,
,17.965,3.110,0.001
13716,1.743,,,
,16.711,2.665,0.001
13717,1.865,,,
,16.135,2.667,0.001
13718,2.779,,,
,17.221,3.144,0.001
13719,2.136,,,
,16.824,2.770,0.001
13720,3.129,,,
,16.772,2.794,0.001
13721,23.938,,,
,16.603,2.770,0.001
13722,21.938,,,
,16.772,2.794,0.001
13723,1.931,,,
,16.603,2.770,0.001
13724,1.543,,,
,15.907,2.665,0.005
13725,1.796,,,
,16.552,2.751,0.001
13726,22.058,,,
,16.165,2.701,0.002
13727,20.744,,,
,16.021,2.710,0.001
13728,20.782,,,
,15.908,2.591,0.001
13729,20.571,,,
,16.021,2.710,0.001
13730,1.818,,,
,15.908,2.591,0.001
13731,1.632,,,
,15.448,2.599,0.000
13732,1.597,,,
,16.499,2.705,0.000
13733,22.828,,,
,17.819,3.137,0.000
13734,2.177,,,
,17.268,2.736,0.000
13735,22.751,,,
,16.789,2.628,0.001
13736,2.050,,,
,17.268,2.736,0.000
13737,2.048,,,
,19.097,2.650,0.001
13738,1.710,,,
,18.234,2.626,0.002
13739,2.578,,,
,18.697,2.670,0.001
13740,25.980,,,
,20.001,3.076,0.001
13741,1.948,,,
,18.697,2.670,0.001
13742,2.263,,,
,18.373,2.732,0.002
13743,1.722,,,
,17.658,2.630,0.002
13744,2.394,,,
,17.841,2.619,0.001
13745,24.319,,,
,17.816,2.724,0.001
13746,22.396,,,
,17.841,2.619,0.001
13747,2.130,,,
,17.816,2.724,0.001
13748,1.480,,,
,18.709,2.822,0.000
13749,1.613,,,
,19.130,2.816,0.002
13750,25.151,,,
,19.975,3.135,0.000
13751,2.069,,,
,19.130,2.816,0.002
13752,1.715,,,
,17.796,2.612,0.001
13753,23.967,,,
,17.450,2.724,0.002
13754,22.165,,,
,18.060,2.747,0.002
13755,22.870,,,
,17.450,2.724,0.002
13756,2.323,,,
,18.060,2.747,0.002
13757,2.072,,,
,18.193,2.777,0.000
13758,1.768,,,
,17.948,2.723,0.002
13759,2.064,,,
,17.517,2.557,0.001
13760,23.972,,,
,18.946,3.004,0.000
13761,1.600,,,
,18.546,2.736,0.001
13762,24.170,,,
,17.902,2.666,0.001
13763,1.926,,,
,18.546,2.736,0.001
13764,2.744,,,
,19.865,2.868,0.004
13765,1.471,,,
,18.462,2.671,0.001
13766,2.489,,,
,18.195,2.673,0.002
13767,24.443,,,
,19.541,3.011,0.001
13768,1.750,,,
,18.195,2.673,0.002
13769,2.264,,,
,18.550,2.878,0.001
13770,1.658,,,
,18.022,2.745,0.000
13771,2.894,,,
,17.185,2.580,0.001
13772,24.717,,,
,18.923,3.049,0.002
13773,1.776,,,
,17.185,2.580,0.001
13774,2.223,,,
,16.260,2.649,0.002
13775,1.855,,,
,17.072,2.763,0.002
13776,2.488,,,
,17.188,2.783,0.002
13777,23.972,,,
,18.461,3.152,0.002
13778,1.935,,,
,17.188,2.783,0.002
13779,1.857,,,
,15.543,2.590,0.001
13780,1.470,,,
,15.220,2.703,0.001
13781,1.570,,,
,16.777,3.127,0.001
13782,3.300,,,
,17.827,3.135,0.001
13783,2.050,,,
,16.254,2.656,0.002
13784,2.856,,,
,16.547,2.784,0.001
13785,22.595,,,
,17.635,3.093,0.002
13786,2.188,,,
,16.547,2.784,0.001
13787,1.562,,,
,17.337,2.857,0.002
13788,23.382,,,
,16.692,2.552,0.000
13789,23.490,,,
,15.059,2.472,0.000
13790,20.624,,,
,14.867,2.646,0.002
13791,20.163,,,
,15.631,2.650,0.002
13792,20.445,,,
,14.867,2.646,0.002
13793,1.702,,,
,15.631,2.650,0.002
13794,1.677,,,
,16.237,2.776,0.001
13795,22.566,,,
,16.041,2.766,0.001
13796,20.837,,,
,16.237,2.776,0.001
13797,1.672,,,
,16.041,2.766,0.001
13798,2.275,,,
,16.050,2.766,0.001
13799,1.651,,,
,16.147,2.768,0.000
13800,23.268,,,
,16.439,3.242,0.000
13801,2.038,,,
,16.147,2.768,0.000
13802,1.519,,,
,16.134,2.763,0.001
13803,1.879,,,
,17.249,3.149,0.000
13804,2.056,,,
,16.191,2.783,0.000
13805,2.952,,,
,16.104,2.769,0.000
13806,23.185,,,
,17.233,3.136,0.000
13807,1.984,,,
,16.104,2.769,0.000
13808,1.469,,,
,16.359,2.731,0.002
13809,22.679,,,
,16.778,2.993,0.001
13810,1.821,,,
,16.359,2.731,0.002
13811,2.209,,,
,15.690,2.703,0.001
13812,3.315,,,
,16.743,3.190,0.001
13813,1.690,,,
,16.778,2.701,0.002
13814,2.700,,,
,16.098,2.696,0.000
13815,22.100,,,
,15.463,2.646,0.001
13816,20.499,,,
,16.098,2.696,0.000
13817,1.659,,,
,15.463,2.646,0.001
13818,1.824,,,
,15.321,2.645,0.002
13819,1.740,,,
,15.898,2.756,0.001
13820,21.860,,,
,17.309,2.812,0.000
13821,1.905,,,
,15.898,2.756,0.001
13822,1.642,,,
,15.597,2.757,0.000
13823,2.923,,,
,16.286,3.328,0.002
13824,1.750,,,
,15.518,2.750,0.001
13825,2.802,,,
,15.716,2.758,0.001
13826,22.057,,,
,16.999,2.782,0.001
13827,2.091,,,
,15.716,2.758,0.001
13828,1.768,,,
,15.851,2.761,0.002
13829,21.841,,,
,16.049,2.895,0.002
13830,1.787,,,
,15.851,2.761,0.002
13831,2.267,,,
,15.348,2.674,0.001
13832,1.584,,,
,15.093,2.642,0.002
13833,2.632,,,
,16.408,2.677,0.002
13834,4.472,,,
,17.215,2.810,0.000
13835,2.354,,,
,15.748,2.641,0.001
13836,3.062,,,
,15.830,2.578,0.001
13837,23.094,,,
,14.565,2.521,0.000
13838,19.793,,,
,14.268,2.632,0.001
13839,18.630,,,
,15.085,2.686,0.001
13840,19.980,,,
,15.335,2.687,0.000
13841,20.140,,,
,15.167,2.642,0.001
13842,19.909,,,
,15.335,2.687,0.000
13843,1.724,,,
,15.167,2.642,0.001
13844,1.580,,,
,14.983,2.689,0.000
13845,1.562,,,
,15.589,2.642,0.001
13846,21.269,,,
,16.957,3.129,0.001
13847,1.723,,,
,15.373,2.687,0.002
13848,20.194,,,
,15.285,2.636,0.000
13849,2.055,,,
,15.373,2.687,0.002
13850,1.706,,,
,16.553,2.635,0.001
13851,23.368,,,
,17.736,2.763,0.001
13852,2.943,,,
,16.553,2.635,0.001
13853,3.379,,,
,15.017,2.647,0.001
13854,2.336,,,
,15.911,2.915,0.000
13855,1.709,,,
,15.242,2.692,0.000
13856,2.586,,,
,15.828,2.757,0.001
13857,21.721,,,
,16.655,3.033,0.001
13858,1.698,,,
,15.828,2.757,0.001
13859,2.223,,,
,17.706,2.746,0.001
13860,1.691,,,
,17.716,2.748,0.001
13861,2.132,,,
,17.554,2.644,0.001
13862,23.239,,,
,19.580,3.062,0.001
13863,1.915,,,
,17.037,2.690,0.001
13864,22.633,,,
,16.793,2.646,0.000
13865,2.109,,,
,17.037,2.690,0.001
13866,2.159,,,
,17.456,2.757,0.002
13867,1.875,,,
,17.517,2.755,0.002
13868,3.612,,,
,17.645,2.734,0.000
13869,24.106,,,
,16.332,2.670,0.001
13870,28.817,,,
,17.645,2.734,0.000
13871,7.785,,,
,15.138,2.530,0.000
13872,28.054,,,
,13.389,2.454,0.002
13873,27.294,,,
,15.138,2.530,0.000
13874,11.052,,,
,13.389,2.454,0.002
13875,10.213,,,
,15.538,2.722,0.002
13876,12.751,,,
,14.978,3.079,0.002
13877,11.090,,,
,16.248,2.616,0.001
13878,9.013,,,
,15.881,3.279,0.002
13879,12.498,,,
,18.197,3.486,0.002
13880,9.706,,,
,17.710,3.166,0.002
13881,7.786,,,
,16.657,2.617,0.002
13882,35.696,,,
,13.911,2.493,0.001
13883,26.954,,,
,16.657,2.617,0.002
13884,9.497,,,
,13.911,2.493,0.001
13885,9.045,,,
,15.610,2.802,0.002
13886,9.479,,,
,17.126,2.669,0.001
13887,31.329,,,
,15.554,2.768,0.001
13888,30.651,,,
,14.046,2.422,0.001
13889,28.386,,,
,15.554,2.768,0.001
13890,11.417,,,
,14.046,2.422,0.001
13891,9.747,,,
,17.544,3.099,0.002
13892,32.970,,,
,14.469,2.459,0.000
13893,26.884,,,
,17.544,3.099,0.002
13894,15.238,,,
,14.469,2.459,0.000
13895,9.396,,,
,14.003,2.564,0.002
13896,9.989,,,
,14.666,2.746,0.001
13897,14.295,,,
,16.751,3.648,0.002
13898,9.140,,,
,17.062,2.570,0.000
13899,10.869,,,
,15.405,3.203,0.000
13900,12.144,,,
,17.809,3.453,0.000
13901,8.362,,,
,17.564,2.857,0.002
13902,14.618,,,
,16.305,3.396,0.002
13903,12.180,,,
,18.519,3.415,0.001
13904,8.317,,,
,16.001,2.744,0.000
13905,9.691,,,
,17.107,3.273,0.001
13906,9.275,,,
,18.519,3.449,0.001
13907,10.591,,,
,17.206,2.742,0.002
13908,10.449,,,
,16.172,3.334,0.001
13909,11.781,,,
,18.245,3.451,0.002
13910,8.916,,,
,16.561,2.939,0.000
13911,9.914,,,
,16.649,3.375,0.001
13912,13.845,,,
,18.349,3.412,0.002
13913,8.411,,,
,15.963,2.566,0.001
13914,10.128,,,
,15.467,3.529,0.002
13915,14.043,,,
,18.445,3.547,0.001
13916,9.515,,,
,17.235,2.617,0.000
13917,10.639,,,
,15.196,3.312,0.001
13918,9.804,,,
,18.284,3.549,0.001
13919,10.229,,,
,16.817,2.936,0.001
13920,9.719,,,
,17.650,3.284,0.001
13921,12.460,,,
,18.520,3.414,0.000
13922,9.618,,,
,16.479,2.574,0.001
13923,12.605,,,
,15.371,3.193,0.001
13924,13.145,,,
,17.771,3.482,0.002
13925,7.561,,,
,17.559,2.828,0.001
13926,9.514,,,
,16.255,3.580,0.002
13927,14.331,,,
,18.515,3.416,0.002
13928,9.443,,,
,17.679,2.681,0.000
13929,9.895,,,
,14.392,3.010,0.001
13930,14.197,,,
,18.122,3.791,0.001
13931,9.084,,,
,15.876,2.664,0.001
13932,9.179,,,
,16.552,3.196,0.001
13933,12.811,,,
,19.039,3.603,0.000
13934,9.489,,,
,17.176,2.748,0.001
13935,9.268,,,
,16.345,3.423,0.002
13936,12.523,,,
,19.085,3.703,0.002
13937,10.056,,,
,18.319,2.890,0.000
13938,7.354,,,
,16.778,3.570,0.001
13939,9.334,,,
,19.291,3.573,0.001
13940,10.496,,,
,17.207,3.102,0.000
13941,8.867,,,
,17.698,3.613,0.001
13942,10.631,,,
,19.171,3.570,0.002
13943,9.553,,,
,16.839,2.808,0.002
13944,11.275,,,
,16.790,3.760,0.001
13945,11.193,,,
,19.868,3.818,0.000
13946,9.063,,,
,15.565,2.611,0.001
13947,9.172,,,
,16.300,3.337,0.002
13948,12.255,,,
,19.395,3.748,0.002
13949,9.864,,,
,17.998,2.796,0.002
13950,8.874,,,
,16.309,3.704,0.001
13951,10.761,,,
,19.061,3.706,0.002
13952,7.385,,,
,18.650,2.981,0.001
13953,10.617,,,
,16.890,3.865,0.001
13954,11.181,,,
,19.223,3.568,0.000
13955,11.437,,,
,17.188,3.091,0.002
13956,9.636,,,
,17.486,3.269,0.002
13957,11.514,,,
,19.106,3.576,0.001
13958,10.178,,,
,16.937,2.802,0.002
13959,10.442,,,
,16.801,3.694,0.001
13960,9.950,,,
,19.485,3.751,0.001
13961,10.658,,,
,18.645,2.889,0.001
13962,10.380,,,
,17.573,2.658,0.001
13963,37.790,,,
,14.825,2.743,0.001
13964,28.776,,,
,15.140,2.542,0.001
13965,27.439,,,
,15.089,2.793,0.000
13966,27.128,,,
,15.277,2.570,0.001
13967,29.016,,,
,15.048,2.793,0.001
13968,28.150,,,
,15.277,2.570,0.001
13969,9.367,,,
,15.048,2.793,0.001
13970,11.566,,,
,16.216,2.953,0.000
13971,9.756,,,
,17.377,3.262,0.000
13972,12.518,,,
,18.947,3.572,0.001
13973,9.587,,,
,17.110,2.751,0.001
13974,9.960,,,
,16.556,3.427,0.000
13975,12.653,,,
,19.317,3.748,0.001
13976,9.926,,,
,18.867,2.809,0.000
13977,12.775,,,
,16.008,3.763,0.001
13978,9.444,,,
,18.995,3.602,0.002
13979,10.181,,,
,18.260,3.264,0.001
13980,8.848,,,
,16.172,2.898,0.001
13981,33.450,,,
,19.225,3.574,0.002
13982,12.309,,,
,16.172,2.898,0.001
13983,10.346,,,
,15.233,2.540,0.001
13984,9.237,,,
,15.343,2.834,0.001
13985,8.850,,,
,16.110,3.022,0.001
13986,13.585,,,
,18.400,3.857,0.000
13987,7.760,,,
,16.893,2.744,0.000
13988,9.718,,,
,16.544,3.738,0.000
13989,13.322,,,
,19.579,3.756,0.000
13990,9.485,,,
,17.745,2.748,0.001
13991,9.096,,,
,16.042,3.698,0.001
13992,10.595,,,
,19.116,3.710,0.002
13993,8.263,,,
,18.535,2.963,0.001
13994,9.321,,,
,16.943,3.844,0.001
13995,11.323,,,
,19.234,3.572,0.001
13996,10.389,,,
,17.057,3.097,0.002
13997,8.991,,,
,17.486,3.264,0.001
13998,10.857,,,
,19.232,3.572,0.000
13999,9.082,,,
,16.623,2.802,0.000
14000,9.895,,,
,16.883,3.698,0.000
14001,13.155,,,
,19.535,3.752,0.001
14002,7.372,,,
,17.827,2.748,0.001
14003,12.880,,,
,18.888,2.967,0.001
14004,32.263,,,
,15.269,2.742,0.002
14005,27.619,,,
,18.888,2.967,0.001
14006,9.694,,,
,15.269,2.742,0.002
14007,8.747,,,
,16.989,2.900,0.001
14008,11.470,,,
,16.747,2.898,0.001
14009,31.222,,,
,19.183,3.645,0.001
14010,10.081,,,
,16.747,2.898,0.001
14011,10.987,,,
,17.350,2.707,0.001
14012,9.767,,,
,14.584,2.695,0.001
14013,8.261,,,
,16.953,2.701,0.001
14014,34.106,,,
,18.373,3.864,0.001
14015,9.491,,,
,16.953,2.701,0.001
14016,10.981,,,
,16.190,2.818,0.001
14017,9.780,,,
,14.409,2.572,0.000
14018,9.810,,,
,15.309,3.419,0.001
14019,10.728,,,
,19.215,3.870,0.001
14020,9.733,,,
,19.008,3.435,0.001
14021,7.378,,,
,17.285,2.800,0.000
14022,31.567,,,
,16.305,3.026,0.001
14023,27.495,,,
,17.285,2.800,0.000
14024,10.640,,,
,16.305,3.026,0.001
14025,8.926,,,
,15.806,2.654,0.002
14026,9.299,,,
,15.066,3.856,0.001
14027,9.843,,,
,19.400,3.708,0.001
14028,11.429,,,
,18.308,3.228,0.002
14029,8.182,,,
,17.709,3.768,0.000
14030,12.827,,,
,19.423,3.578,0.000
14031,8.242,,,
,16.241,2.900,0.000
14032,9.233,,,
,17.241,3.254,0.000
14033,14.208,,,
,18.999,3.572,0.002
14034,10.005,,,
,16.526,2.697,0.000
14035,9.502,,,
,16.425,3.346,0.000
14036,10.852,,,
,19.263,3.706,0.001
14037,8.199,,,
,18.576,2.806,0.000
14038,9.460,,,
,17.836,3.175,0.000
14039,31.019,,,
,18.962,3.582,0.000
14040,10.304,,,
,17.836,3.175,0.000
14041,7.529,,,
,15.944,2.748,0.002
14042,11.938,,,
,16.025,3.704,0.001
14043,10.238,,,
,17.527,3.062,0.001
14044,9.693,,,
,16.875,3.666,0.002
14045,11.310,,,
,19.271,3.576,0.000
14046,8.757,,,
,16.753,2.961,0.001
14047,9.700,,,
,16.721,2.748,0.001
14048,33.843,,,
,16.888,2.702,0.001
14049,30.235,,,
,14.194,2.615,0.002
14050,26.934,,,
,16.888,2.702,0.001
14051,10.915,,,
,14.194,2.615,0.002
14052,10.232,,,
,16.830,2.839,0.000
14053,31.746,,,
,17.391,2.801,0.001
14054,30.885,,,
,16.830,2.839,0.000
14055,9.741,,,
,17.391,2.801,0.001
14056,10.760,,,
,14.597,2.654,0.000
14057,9.368,,,
,16.357,3.425,0.002
14058,8.637,,,
,18.431,3.422,0.002
14059,12.364,,,
,17.787,2.896,0.001
14060,10.181,,,
,16.719,3.878,0.000
14061,14.742,,,
,19.278,3.580,0.000
14062,11.541,,,
,18.193,2.808,0.000
14063,11.138,,,
,17.023,3.035,0.000
14064,33.137,,,
,18.946,3.604,0.002
14065,10.216,,,
,17.023,3.035,0.000
14066,8.503,,,
,17.513,3.187,0.001
14067,30.496,,,
,15.919,3.426,0.000
14068,8.473,,,
,17.513,3.187,0.001
14069,11.256,,,
,16.735,2.841,0.001
14070,11.622,,,
,16.200,3.870,0.001
14071,9.061,,,
,17.178,3.098,0.000
14072,8.565,,,
,17.699,3.654,0.002
14073,13.894,,,
,19.263,3.579,0.001
14074,10.144,,,
,16.138,2.794,0.002
14075,9.860,,,
,17.466,3.438,0.000
14076,13.486,,,
,19.387,3.645,0.000
14077,10.175,,,
,16.790,2.699,0.000
14078,9.925,,,
,19.105,2.894,0.002
14079,34.068,,,
,19.442,3.819,0.000
14080,12.515,,,
,19.105,2.894,0.002
14081,10.334,,,
,15.213,2.619,0.000
14082,10.227,,,
,13.797,2.537,0.001
14083,8.790,,,
,19.186,2.966,0.001
14084,34.264,,,
,19.249,3.873,0.000
14085,9.880,,,
,19.186,2.966,0.001
14086,8.510,,,
,15.142,2.747,0.000
14087,11.312,,,
,17.012,2.909,0.001
14088,9.363,,,
,16.335,3.194,0.000
14089,12.876,,,
,19.261,3.639,0.000
14090,9.427,,,
,16.715,2.957,0.000
14091,9.937,,,
,17.502,3.602,0.001
14092,12.451,,,
,19.112,3.574,0.002
14093,9.135,,,
,16.851,2.744,0.001
14094,8.834,,,
,16.479,3.702,0.002
14095,10.870,,,
,19.464,3.750,0.000
14096,8.484,,,
,18.877,2.840,0.001
14097,11.693,,,
,16.489,3.868,0.001
14098,9.651,,,
,19.315,3.607,0.002
14099,10.126,,,
,18.269,3.201,0.001
14100,11.874,,,
,17.751,3.798,0.000
14101,11.022,,,
,19.275,3.582,0.001
14102,8.293,,,
,16.785,2.974,0.000
14103,7.710,,,
,16.590,2.703,0.001
14104,32.979,,,
,19.053,3.569,0.000
14105,10.133,,,
,16.590,2.703,0.001
14106,8.140,,,
,17.024,2.912,0.001
14107,12.113,,,
,16.073,3.163,0.002
14108,9.315,,,
,18.288,3.317,0.001
14109,10.677,,,
,16.245,2.751,0.002
14110,31.549,,,
,19.209,3.574,0.002
14111,9.851,,,
,16.245,2.751,0.002
14112,11.626,,,
,16.841,2.698,0.001
14113,9.623,,,
,14.166,2.623,0.002
14114,9.148,,,
,16.376,3.342,0.001
14115,14.332,,,
,19.330,3.756,0.000
14116,8.443,,,
,17.862,2.697,0.001
14117,7.722,,,
,19.480,3.028,0.009
14118,31.714,,,
,19.293,3.826,0.000
14119,15.475,,,
,19.480,3.028,0.009
14120,9.130,,,
,15.224,2.802,0.001
14121,13.765,,,
,16.081,3.017,0.000
14122,8.343,,,
,16.745,2.701,0.001
14123,10.218,,,
,15.974,3.705,0.001
14124,13.633,,,
,19.170,3.748,0.001
14125,9.643,,,
,18.369,2.755,0.001
14126,8.827,,,
,16.129,3.486,0.000
14127,11.223,,,
,19.235,3.752,0.000
14128,8.676,,,
,18.498,2.992,0.004
14129,10.238,,,
,16.857,3.828,0.001
14130,15.112,,,
,19.249,3.576,0.001
14131,9.898,,,
,16.589,2.964,0.002
14132,9.529,,,
,16.449,3.368,0.001
14133,8.937,,,
,19.050,3.887,0.001
14134,10.718,,,
,18.398,2.958,0.000
14135,7.809,,,
,17.163,3.484,0.002
14136,16.335,,,
,18.920,3.575,0.001
14137,8.662,,,
,17.018,3.103,0.000
14138,9.250,,,
,16.669,3.019,0.001
14139,33.464,,,
,18.826,3.644,0.000
14140,9.846,,,
,16.669,3.019,0.001
14141,11.959,,,
,15.461,2.621,0.001
14142,8.607,,,
,15.428,2.833,0.000
14143,8.068,,,
,15.842,3.242,0.001
14144,12.204,,,
,18.495,3.867,0.001
14145,11.141,,,
,17.157,2.794,0.001
14146,9.903,,,
,17.013,3.427,0.000
14147,9.564,,,
,19.476,3.750,0.000
14148,10.479,,,
,18.760,2.896,0.000
14149,8.753,,,
,17.835,2.999,0.000
14150,33.048,,,
,15.528,2.742,0.002
14151,27.272,,,
,17.835,2.999,0.000
14152,9.345,,,
,15.528,2.742,0.002
14153,9.550,,,
,16.512,3.019,0.002
14154,9.017,,,
,17.745,3.866,0.001
14155,15.660,,,
,19.582,3.704,0.000
14156,8.585,,,
,17.735,2.692,0.002
14157,9.409,,,
,18.488,3.211,0.001
14158,31.582,,,
,16.126,2.758,0.001
14159,27.865,,,
,18.488,3.211,0.001
14160,10.049,,,
,16.126,2.758,0.001
14161,8.518,,,
,16.173,2.955,0.001
14162,9.389,,,
,16.715,3.119,0.001
14163,13.378,,,
,18.398,3.873,0.001
14164,8.443,,,
,16.764,2.755,0.001
14165,8.902,,,
,16.680,3.705,0.001
14166,14.862,,,
,19.966,3.820,0.002
14167,10.422,,,
,16.905,2.697,0.001
14168,10.033,,,
,16.093,3.743,0.001
14169,12.874,,,
,19.664,3.822,0.002
14170,9.003,,,
,18.896,2.747,0.002
14171,9.822,,,
,15.995,3.701,0.000
14172,11.394,,,
,19.118,3.754,0.000
14173,9.887,,,
,18.841,2.961,0.001
14174,8.672,,,
,17.218,3.491,0.001
14175,14.703,,,
,18.946,3.590,0.001
14176,13.732,,,
,17.466,2.895,0.000
14177,13.108,,,
,16.217,2.762,0.001
14178,36.996,,,
,19.245,3.572,0.002
14179,12.293,,,
,16.217,2.762,0.001
14180,12.342,,,
,14.130,2.538,0.001
14181,11.911,,,
,14.849,3.611,0.001
14182,12.802,,,
,17.815,3.232,0.001
14183,11.155,,,
,18.942,3.574,0.001
14184,10.946,,,
,19.712,3.750,0.002
14185,15.359,,,
,18.865,2.899,0.001
14186,14.113,,,
,16.653,3.856,0.000
14187,12.689,,,
,19.219,3.568,0.002
14188,11.456,,,
,17.516,3.023,0.000
14189,11.250,,,
,16.855,3.699,0.002
14190,11.209,,,
,19.257,3.576,0.000
14191,10.671,,,
,18.259,3.316,0.000
14192,10.905,,,
,18.247,3.760,0.002
14193,9.141,,,
,19.470,3.578,0.001
14194,12.657,,,
,17.078,2.897,0.001
14195,9.487,,,
,18.203,2.802,0.000
14196,33.640,,,
,15.615,2.571,0.001
14197,35.756,,,
,13.764,2.566,0.001
14198,26.935,,,
,15.615,2.571,0.001
14199,13.779,,,
,13.764,2.566,0.001
14200,12.455,,,
,16.275,2.621,0.002
14201,10.671,,,
,13.817,2.580,0.000
14202,10.211,,,
,16.477,2.959,0.001
14203,29.788,,,
,15.829,2.622,0.001
14204,31.193,,,
,15.212,2.806,0.002
14205,29.163,,,
,15.829,2.622,0.001
14206,12.101,,,
,15.212,2.806,0.002
14207,10.698,,,
,14.482,2.518,0.001
14208,11.840,,,
,14.495,3.341,0.001
14209,9.839,,,
,17.484,3.176,0.002
14210,10.043,,,
,17.277,3.594,0.002
14211,10.702,,,
,19.430,3.600,0.001
14212,9.938,,,
,15.823,2.799,0.001
14213,11.643,,,
,17.118,3.655,0.001
14214,11.296,,,
,18.996,3.572,0.003
14215,10.990,,,
,17.513,2.806,0.001
14216,12.515,,,
,16.427,3.424,0.002
14217,12.294,,,
,19.171,3.751,0.000
14218,10.918,,,
,18.713,2.899,0.002
14219,11.902,,,
,17.507,3.127,0.002
14220,31.875,,,
,19.288,3.582,0.000
14221,14.052,,,
,17.507,3.127,0.002
14222,12.473,,,
,18.419,2.890,0.002
14223,33.864,,,
,15.679,3.654,0.001
14224,12.165,,,
,18.419,2.890,0.002
14225,11.188,,,
,14.672,2.699,0.001
14226,11.705,,,
,16.597,3.650,0.000
14227,9.993,,,
,18.370,2.808,0.001
14228,10.364,,,
,16.075,3.009,0.002
14229,13.792,,,
,17.265,3.856,0.000
14230,13.929,,,
,18.854,2.798,0.002
14231,11.906,,,
,16.406,3.762,0.000
14232,12.394,,,
,19.605,3.817,0.001
14233,8.827,,,
,18.695,2.839,0.001
14234,9.613,,,
,17.724,2.836,0.000
14235,34.864,,,
,14.829,2.695,0.001
14236,27.351,,,
,16.570,2.839,0.000
14237,30.950,,,
,14.296,2.579,0.001
14238,28.938,,,
,16.570,2.839,0.000
14239,11.215,,,
,14.296,2.579,0.001
14240,10.476,,,
,16.537,2.776,0.000
14241,10.923,,,
,15.512,3.264,0.001
14242,10.308,,,
,19.004,4.000,0.002
14243,11.245,,,
,17.201,2.952,0.000
14244,10.506,,,
,18.348,3.572,0.002
14245,11.774,,,
,20.028,3.741,0.001
14246,9.010,,,
,17.175,2.804,0.000
14247,11.170,,,
,16.956,3.485,0.001
14248,11.553,,,
,19.801,3.817,0.002
14249,10.279,,,
,19.065,2.892,0.001
14250,11.073,,,
,17.039,3.487,0.000
14251,11.640,,,
,19.318,3.763,0.000
14252,9.900,,,
,18.541,2.961,0.002
14253,9.380,,,
,16.890,3.898,0.001
14254,8.993,,,
,19.255,3.569,0.001
14255,15.591,,,
,17.241,3.100,0.001
14256,11.501,,,
,18.112,3.746,0.001
14257,12.542,,,
,19.410,3.592,0.000
14258,8.177,,,
,16.579,2.800,0.002
14259,8.163,,,
,16.891,3.695,0.001
14260,13.827,,,
,19.606,3.754,0.000
14261,9.959,,,
,17.457,2.748,0.001
14262,8.984,,,
,18.636,2.842,0.001
14263,33.683,,,
,19.254,3.749,0.000
14264,9.043,,,
,18.636,2.842,0.001
14265,10.688,,,
,15.286,2.797,0.001
14266,11.205,,,
,16.267,3.602,0.002
14267,11.621,,,
,17.290,3.092,0.001
14268,8.895,,,
,18.105,3.742,0.000
14269,13.265,,,
,19.411,3.593,0.001
14270,9.661,,,
,16.394,2.748,0.001
14271,7.446,,,
,17.026,3.420,0.001
14272,15.740,,,
,19.991,3.822,0.002
14273,17.592,,,
,16.801,2.688,0.001
14274,8.477,,,
,18.728,2.835,0.000
14275,33.200,,,
,17.310,3.940,0.000
14276,10.148,,,
,18.728,2.835,0.000
14277,10.359,,,
,16.486,3.013,0.002
14278,9.306,,,
,16.856,3.480,0.002
14279,11.004,,,
,17.494,2.836,0.002
14280,8.934,,,
,16.689,3.772,0.001
14281,11.401,,,
,19.409,3.755,0.002
14282,9.509,,,
,18.687,2.890,0.001
14283,8.304,,,
,16.618,3.863,0.002
14284,13.613,,,
,19.218,3.567,0.001
14285,8.457,,,
,17.474,2.838,0.001
14286,8.484,,,
,16.298,3.062,0.002
14287,12.092,,,
,18.585,3.862,0.000
14288,8.031,,,
,17.447,2.699,0.001
14289,8.735,,,
,15.737,3.426,0.001
14290,12.682,,,
,18.872,3.710,0.001
14291,8.211,,,
,18.282,3.037,0.001
14292,10.187,,,
,16.834,3.845,0.001
14293,12.748,,,
,19.229,3.573,0.001
14294,8.266,,,
,16.628,3.013,0.001
14295,10.856,,,
,16.899,3.496,0.002
14296,11.649,,,
,17.577,3.486,0.000
14297,9.121,,,
,17.495,3.148,0.002
14298,9.893,,,
,16.882,3.594,0.002
14299,10.737,,,
,19.228,3.580,0.001
14300,12.024,,,
,16.617,2.896,0.002
14301,9.249,,,
,17.306,2.798,0.002
14302,31.420,,,
,19.490,3.643,0.002
14303,9.967,,,
,17.306,2.798,0.002
14304,8.539,,,
,17.204,2.798,0.000
14305,31.535,,,
,16.701,3.126,0.001
14306,9.800,,,
,17.204,2.798,0.000
14307,8.888,,,
,16.137,2.963,0.001
14308,10.762,,,
,16.803,3.124,0.002
14309,9.460,,,
,17.467,3.029,0.001
14310,9.152,,,
,16.448,3.557,0.002
14311,10.700,,,
,19.257,3.576,0.000
14312,10.277,,,
,16.825,2.954,0.001
14313,10.743,,,
,18.003,3.430,0.001
14314,11.401,,,
,19.133,3.580,0.002
14315,14.417,,,
,17.405,2.804,0.002
14316,12.031,,,
,18.261,2.741,0.000
14317,34.868,,,
,19.320,3.748,0.002
14318,8.710,,,
,18.261,2.741,0.000
14319,9.176,,,
,15.499,2.888,0.001
14320,8.228,,,
,17.025,3.566,0.002
14321,10.835,,,
,17.985,2.898,0.002
14322,9.351,,,
,16.872,3.562,0.002
14323,11.108,,,
,19.312,3.607,0.000
14324,11.236,,,
,17.507,3.132,0.001
14325,9.136,,,
,17.228,3.621,0.002
14326,10.195,,,
,19.236,3.579,0.001
14327,11.549,,,
,16.838,2.888,0.001
14328,9.906,,,
,17.536,3.800,0.001
14329,12.799,,,
,19.847,3.751,0.001
14330,8.099,,,
,17.144,2.751,0.001
14331,7.606,,,
,19.018,2.900,0.002
14332,32.259,,,
,19.268,3.748,0.001
14333,9.469,,,
,19.018,2.900,0.002
14334,12.280,,,
,15.037,2.749,0.001
14335,14.449,,,
,16.647,2.655,0.002
14336,10.345,,,
,14.908,3.649,0.001
14337,10.455,,,
,19.404,3.754,0.000
14338,11.031,,,
,17.524,2.476,0.002
14339,9.745,,,
,18.480,3.038,0.000
14340,34.942,,,
,18.471,3.938,0.001
14341,9.977,,,
,18.480,3.038,0.000
14342,10.059,,,
,15.231,2.693,0.001
14343,9.785,,,
,16.993,2.861,0.001
14344,9.580,,,
,16.076,3.169,0.002
14345,13.595,,,
,19.225,3.647,0.001
14346,10.246,,,
,16.577,2.950,0.002
14347,10.416,,,
,16.474,2.750,0.001
14348,31.972,,,
,19.097,3.588,0.001
14349,10.550,,,
,16.474,2.750,0.001
14350,8.971,,,
,17.002,2.801,0.001
14351,13.250,,,
,16.081,3.219,0.002
14352,10.153,,,
,16.360,2.836,0.000
14353,10.122,,,
,17.325,3.707,0.000
14354,13.165,,,
,19.283,3.616,0.001
14355,8.963,,,
,16.856,2.743,0.001
14356,8.508,,,
,16.359,3.736,0.002
14357,11.638,,,
,19.383,3.752,0.001
14358,10.567,,,
,18.829,2.809,0.002
14359,9.503,,,
,16.188,3.761,0.002
14360,12.230,,,
,19.015,3.606,0.001
14361,9.055,,,
,18.239,2.960,0.001
14362,10.958,,,
,17.105,3.471,0.001
14363,11.000,,,
,18.778,3.493,0.001
14364,9.326,,,
,17.769,2.750,0.001
14365,9.963,,,
,17.891,3.198,0.001
14366,31.151,,,
,19.335,3.644,0.001
14367,9.235,,,
,17.891,3.198,0.001
14368,8.903,,,
,16.327,2.750,0.001
14369,10.190,,,
,16.204,3.484,0.001
14370,7.818,,,
,17.505,3.185,0.001
14371,9.759,,,
,16.225,2.806,0.000
14372,31.545,,,
,19.434,3.582,0.002
14373,9.775,,,
,16.225,2.806,0.000
14374,9.958,,,
,17.406,2.745,0.002
14375,9.695,,,
,14.432,2.652,0.000
14376,7.886,,,
,16.441,3.326,0.002
14377,8.980,,,
,19.269,3.755,0.002
14378,12.328,,,
,19.214,2.959,0.001
14379,7.493,,,
,17.364,3.488,0.000
14380,12.990,,,
,18.907,3.577,0.001
14381,8.239,,,
,17.867,2.957,0.001
14382,9.104,,,
,16.660,3.431,0.001
14383,11.976,,,
,19.246,3.603,0.002
14384,8.965,,,
,16.800,3.020,0.001
14385,9.457,,,
,17.479,3.267,0.000
14386,12.372,,,
,19.080,3.568,0.000
14387,9.715,,,
,16.571,2.751,0.001
14388,9.587,,,
,15.917,3.750,0.000
14389,12.094,,,
,18.428,3.439,0.002
14390,8.055,,,
,15.985,2.805,0.001
14391,9.574,,,
,17.321,3.432,0.001
14392,15.063,,,
,19.722,3.748,0.002
14393,9.442,,,
,16.516,2.650,0.001
14394,8.465,,,
,16.039,3.340,0.002
14395,10.484,,,
,19.164,3.748,0.002
14396,9.279,,,
,19.290,2.897,0.001
14397,7.416,,,
,16.936,3.483,0.001
14398,12.549,,,
,19.020,3.605,0.000
14399,7.865,,,
,18.233,2.961,0.001
14400,9.858,,,
,17.154,3.570,0.001
14401,12.628,,,
,19.268,3.579,0.000
14402,12.600,,,
,17.007,3.078,0.002
14403,9.876,,,
,16.188,2.837,0.001
14404,32.466,,,
,16.950,2.750,0.001
14405,29.585,,,
,16.188,2.837,0.001
14406,10.170,,,
,16.950,2.750,0.001
14407,9.593,,,
,14.447,2.650,0.002
14408,9.026,,,
,16.452,3.414,0.002
14409,14.771,,,
,19.712,3.822,0.002
14410,9.324,,,
,18.007,2.691,0.000
14411,8.727,,,
,15.730,3.688,0.002
14412,9.844,,,
,19.414,3.821,0.000
14413,11.307,,,
,19.005,2.959,0.002
14414,11.629,,,
,17.169,3.504,0.000
14415,12.378,,,
,18.901,3.579,0.001
14416,8.503,,,
,17.480,3.094,0.000
14417,8.878,,,
,16.801,2.899,0.001
14418,30.441,,,
,17.144,2.705,0.001
14419,30.488,,,
,14.521,2.687,0.000
14420,27.790,,,
,17.144,2.705,0.001
14421,10.400,,,
,14.606,2.739,0.002
14422,27.865,,,
,16.156,2.614,0.001
14423,30.192,,,
,14.478,2.680,0.002
14424,27.893,,,
,15.729,2.578,0.000
14425,30.074,,,
,14.672,2.738,0.001
14426,28.052,,,
,16.103,2.617,0.002
14427,29.937,,,
,14.054,2.490,0.002
14428,29.689,,,
,12.732,2.382,0.002
14429,27.430,,,
,14.054,2.490,0.002
14430,13.559,,,
,12.732,2.382,0.002
14431,14.999,,,
,18.235,3.436,0.001
14432,40.755,,,
,14.869,2.879,0.003
14433,14.070,,,
,18.235,3.436,0.001
14434,16.130,,,
,16.465,2.952,0.002
14435,13.019,,,
,14.607,2.499,0.001
14436,13.295,,,
,17.149,2.699,0.001
14437,33.115,,,
,17.501,3.258,0.001
14438,11.810,,,
,17.149,2.699,0.001
14439,8.886,,,
,14.291,2.650,0.000
14440,10.964,,,
,15.112,2.652,0.000
14441,9.272,,,
,14.892,3.382,0.000
14442,10.978,,,
,19.242,4.086,0.000
14443,9.738,,,
,17.120,3.027,0.001
14444,10.214,,,
,17.821,3.337,0.001
14445,14.465,,,
,19.322,3.604,0.001
14446,9.648,,,
,16.240,2.746,0.000
14447,10.525,,,
,17.047,3.418,0.001
14448,13.955,,,
,19.685,3.754,0.002
14449,7.941,,,
,16.978,2.696,0.000
14450,9.319,,,
,15.949,3.697,0.001
14451,13.198,,,
,19.503,3.826,0.001
14452,8.926,,,
,18.632,2.751,0.000
14453,10.016,,,
,15.908,3.766,0.002
14454,14.974,,,
,18.799,3.496,0.000
14455,8.669,,,
,16.342,2.613,0.002
14456,8.453,,,
,19.610,3.022,0.001
14457,32.329,,,
,19.416,3.876,0.002
14458,8.954,,,
,19.610,3.022,0.001
14459,10.105,,,
,15.664,2.801,0.000
14460,10.292,,,
,17.124,3.761,0.001
14461,10.310,,,
,18.857,2.900,0.000
14462,7.948,,,
,16.597,3.850,0.002
14463,8.735,,,
,19.250,3.575,0.000
14464,10.449,,,
,17.601,3.173,0.000
14465,8.796,,,
,17.986,3.351,0.001
14466,8.947,,,
,19.212,3.575,0.002
14467,11.110,,,
,17.694,2.578,0.001
14468,8.806,,,
,14.564,3.248,0.001
14469,12.845,,,
,18.926,3.828,0.000
14470,7.593,,,
,17.298,3.096,0.000
14471,13.411,,,
,16.663,2.839,0.002
14472,30.551,,,
,17.464,2.808,0.000
14473,30.262,,,
,16.663,2.839,0.002
14474,10.637,,,
,17.464,2.808,0.000
14475,8.827,,,
,14.509,2.619,0.002
14476,10.229,,,
,15.955,3.418,0.002
14477,10.871,,,
,19.452,3.824,0.002
14478,10.980,,,
,19.195,2.901,0.000
14479,8.377,,,
,17.785,2.839,0.000
14480,35.209,,,
,18.998,3.604,0.001
14481,10.558,,,
,17.785,2.839,0.000
14482,12.344,,,
,14.469,2.650,0.001
14483,11.856,,,
,16.698,2.656,0.001
14484,11.433,,,
,14.902,3.507,0.002
14485,9.589,,,
,19.320,3.754,0.002
14486,10.849,,,
,17.564,3.105,0.002
14487,9.097,,,
,18.329,3.764,0.001
14488,13.101,,,
,19.412,3.598,0.001
14489,11.100,,,
,16.476,2.747,0.000
14490,10.633,,,
,16.636,3.707,0.002
14491,13.217,,,
,19.549,3.753,0.001
14492,11.422,,,
,17.783,2.749,0.000
14493,8.190,,,
,19.021,2.963,0.001
14494,32.580,,,
,19.306,3.823,0.001
14495,10.395,,,
,19.021,2.963,0.001
14496,10.869,,,
,15.099,2.751,0.000
14497,9.542,,,
,17.002,2.745,0.000
14498,11.399,,,
,15.473,3.658,0.002
14499,10.918,,,
,19.281,3.645,0.000
14500,10.010,,,
,17.299,3.086,0.002
14501,9.756,,,
,17.682,3.602,0.002
14502,11.667,,,
,19.189,3.576,0.001
14503,10.327,,,
,16.673,2.800,0.000
14504,10.426,,,
,16.821,3.711,0.001
14505,12.476,,,
,19.506,3.750,0.000
14506,9.947,,,
,18.167,2.803,0.001
14507,7.903,,,
,16.412,3.424,0.002
14508,11.064,,,
,19.036,3.707,0.000
14509,11.929,,,
,18.442,3.340,0.001
14510,14.061,,,
,19.268,3.579,0.004
14511,11.491,,,
,19.014,3.864,0.001
14512,8.840,,,
,16.726,2.800,0.001
14513,11.470,,,
,16.801,3.712,0.000
14514,11.319,,,
,19.540,3.757,0.001
14515,9.005,,,
,18.423,2.808,0.000
14516,10.560,,,
,16.567,3.486,0.002
14517,11.824,,,
,19.280,3.748,0.001
14518,12.969,,,
,18.665,2.959,0.002
14519,10.231,,,
,16.481,3.849,0.002
14520,12.802,,,
,19.263,3.571,0.001
14521,7.694,,,
,17.015,2.994,0.000
14522,11.349,,,
,16.721,3.206,0.001
14523,13.252,,,
,19.246,3.575,0.000
14524,8.299,,,
,16.154,2.841,0.000
14525,8.853,,,
,17.404,3.334,0.002
14526,13.192,,,
,18.926,3.576,0.001
14527,8.454,,,
,17.498,2.806,0.000
14528,8.568,,,
,15.858,3.492,0.001
14529,12.044,,,
,19.290,3.642,0.001
14530,14.099,,,
,16.945,3.049,0.001
14531,12.046,,,
,17.203,2.847,0.002
14532,30.185,,,
,16.551,3.019,0.002
14533,29.587,,,
,15.231,2.656,0.001
14534,27.765,,,
,15.090,2.837,0.001
14535,26.289,,,
,17.255,2.757,0.002
14536,30.429,,,
,15.090,2.837,0.001
14537,10.716,,,
,15.948,2.619,0.001
14538,30.372,,,
,14.307,2.651,0.002
14539,10.801,,,
,15.660,2.627,0.000
14540,29.336,,,
,14.089,2.612,0.000
14541,27.220,,,
,15.660,2.627,0.000
14542,10.453,,,
,14.089,2.612,0.000
14543,9.610,,,
,16.476,2.700,0.000
14544,9.000,,,
,15.393,3.135,0.001
14545,11.489,,,
,19.294,3.758,0.002
14546,8.475,,,
,19.191,3.229,0.002
14547,10.455,,,
,16.416,3.561,0.001
14548,13.315,,,
,16.993,3.570,0.001
14549,32.913,,,
,16.434,2.889,0.002
14550,10.657,,,
,16.993,3.570,0.001
14551,9.073,,,
,17.670,2.798,0.001
14552,11.046,,,
,15.452,2.835,0.001
14553,11.238,,,
,16.955,3.565,0.002
14554,9.705,,,
,17.799,2.802,0.001
14555,9.925,,,
,16.325,3.847,0.002
14556,13.774,,,
,19.592,3.754,0.000
14557,8.168,,,
,18.528,2.806,0.000
14558,10.058,,,
,17.998,3.234,0.001
14559,30.652,,,
,16.764,2.753,0.002
14560,28.796,,,
,15.386,2.834,0.000
14561,27.367,,,
,15.792,2.624,0.000
14562,28.326,,,
,14.368,2.695,0.000
14563,27.676,,,
,15.792,2.624,0.000
14564,11.233,,,
,14.368,2.695,0.000
14565,9.661,,,
,16.431,2.702,0.000
14566,11.955,,,
,15.358,3.221,0.000
14567,10.622,,,
,16.877,2.959,0.001
14568,15.389,,,
,18.223,3.489,0.001
14569,10.119,,,
,19.181,3.580,0.002
14570,9.156,,,
,17.862,2.797,0.001
14571,8.553,,,
,15.850,3.245,0.002
14572,14.447,,,
,19.750,4.163,0.001
14573,10.270,,,
,16.617,2.894,0.002
14574,10.375,,,
,17.036,3.564,0.002
14575,16.029,,,
,19.030,3.582,0.001
14576,7.951,,,
,16.001,2.702,0.000
14577,7.518,,,
,16.299,3.600,0.001
14578,10.579,,,
,19.242,3.705,0.000
14579,9.058,,,
,17.806,2.806,0.000
14580,7.615,,,
,17.953,2.810,0.000
14581,34.793,,,
,19.080,3.643,0.002
14582,10.544,,,
,17.953,2.810,0.000
14583,7.843,,,
,14.707,2.696,0.000
14584,11.622,,,
,16.517,3.664,0.002
14585,7.998,,,
,18.505,2.808,0.002
14586,9.898,,,
,16.338,3.484,0.002
14587,12.521,,,
,18.998,3.649,0.001
14588,9.348,,,
,15.095,2.339,0.001
14589,9.432,,,
,19.259,2.963,0.000
14590,35.211,,,
,17.846,4.345,0.001
14591,10.382,,,
,19.259,2.963,0.000
14592,8.897,,,
,15.432,2.798,0.001
14593,11.462,,,
,17.143,3.698,0.001
14594,9.302,,,
,18.559,2.803,0.001
14595,9.214,,,
,18.232,2.896,0.000
14596,33.852,,,
,19.343,3.650,0.002
14597,7.917,,,
,18.232,2.896,0.000
14598,12.069,,,
,15.452,2.749,0.000
14599,10.460,,,
,16.611,3.489,0.001
14600,8.949,,,
,17.817,3.185,0.000
14601,9.381,,,
,16.719,2.962,0.001
14602,32.519,,,
,19.257,3.584,0.001
14603,9.728,,,
,16.719,2.962,0.001
14604,9.078,,,
,16.545,3.023,0.001
14605,11.139,,,
,17.597,3.597,0.001
14606,8.443,,,
,17.406,2.751,0.001
14607,14.485,,,
,18.650,3.072,0.004
14608,32.424,,,
,18.972,3.755,0.001
14609,8.193,,,
,18.650,3.072,0.004
14610,9.595,,,
,15.945,2.804,0.000
14611,10.016,,,
,16.616,3.770,0.000
14612,10.280,,,
,18.258,3.166,0.002
14613,8.626,,,
,17.242,3.761,0.001
14614,13.305,,,
,19.268,3.579,0.001
14615,8.185,,,
,16.460,2.963,0.001
14616,9.818,,,
,16.861,3.498,0.002
14617,12.100,,,
,19.075,3.578,0.000
14618,8.746,,,
,16.505,2.748,0.001
14619,10.874,,,
,16.740,3.423,0.001
14620,12.628,,,
,19.774,3.822,0.001
14621,9.316,,,
,18.297,2.804,0.001
14622,9.415,,,
,16.772,3.486,0.001
14623,14.250,,,
,19.463,3.751,0.001
14624,8.079,,,
,18.176,2.701,0.000
14625,9.757,,,
,15.386,3.254,0.001
14626,8.085,,,
,18.429,3.426,0.000
14627,14.944,,,
,17.732,2.892,0.002
14628,8.723,,,
,18.162,2.814,0.001
14629,34.282,,,
,14.729,2.699,0.000
14630,27.445,,,
,18.162,2.814,0.001
14631,10.116,,,
,14.729,2.699,0.000
14632,9.232,,,
,17.002,2.802,0.001
14633,8.682,,,
,16.068,3.227,0.001
14634,13.338,,,
,19.224,3.643,0.000
14635,10.319,,,
,16.538,2.968,0.001
14636,8.833,,,
,16.856,3.454,0.001
14637,10.239,,,
,18.776,3.893,0.001
14638,7.948,,,
,17.616,2.897,0.001
14639,9.303,,,
,17.236,3.788,0.001
14640,15.097,,,
,19.543,3.713,0.001
14641,10.381,,,
,17.474,2.656,0.000
14642,10.513,,,
,15.532,3.412,0.002
14643,11.891,,,
,19.271,3.825,0.001
14644,10.959,,,
,18.886,2.899,0.001
14645,8.848,,,
,16.612,3.873,0.002
14646,16.405,,,
,19.243,3.568,0.002
14647,11.471,,,
,17.192,2.752,0.000
14648,9.265,,,
,15.722,3.543,0.000
14649,12.092,,,
,19.420,3.712,0.001
14650,7.917,,,
,17.574,3.113,0.001
14651,10.628,,,
,17.229,3.695,0.000
14652,10.923,,,
,19.459,3.575,0.000
14653,11.083,,,
,16.646,2.906,0.001
14654,11.291,,,
,17.734,3.783,0.002
14655,10.216,,,
,19.480,3.645,0.000
14656,9.681,,,
,17.500,2.810,0.001
14657,8.695,,,
,16.395,3.762,0.001
14658,12.265,,,
,19.248,3.755,0.001
14659,10.802,,,
,18.702,2.892,0.001
14660,8.973,,,
,17.492,3.031,0.000
14661,33.023,,,
,15.782,2.695,0.002
14662,28.578,,,
,17.492,3.031,0.000
14663,13.846,,,
,15.782,2.695,0.002
14664,8.371,,,
,13.355,2.460,0.002
14665,9.357,,,
,19.357,2.964,0.001
14666,33.605,,,
,18.702,3.871,0.001
14667,10.585,,,
,19.357,2.964,0.001
14668,9.760,,,
,15.388,2.806,0.000
14669,11.861,,,
,17.551,3.419,0.002
14670,9.738,,,
,17.890,2.751,0.001
14671,9.262,,,
,17.991,2.807,0.000
14672,35.936,,,
,19.064,3.650,0.000
14673,9.417,,,
,17.991,2.807,0.000
14674,10.536,,,
,14.769,2.696,0.002
14675,12.858,,,
,16.306,3.692,0.001
14676,8.998,,,
,18.144,2.806,0.000
14677,10.171,,,
,16.210,3.481,0.001
14678,12.522,,,
,18.998,3.645,0.002
14679,10.209,,,
,17.495,3.122,0.001
14680,9.117,,,
,16.281,2.902,0.002
14681,32.237,,,
,16.464,2.807,0.000
14682,27.675,,,
,16.281,2.902,0.002
14683,9.563,,,
,16.464,2.807,0.000
14684,7.134,,,
,14.776,2.691,0.000
14685,9.318,,,
,16.169,3.705,0.001
14686,9.344,,,
,19.608,3.822,0.003
14687,10.366,,,
,19.566,2.972,0.001
14688,8.177,,,
,17.077,3.858,0.001
14689,14.248,,,
,19.271,3.574,0.001
14690,9.509,,,
,17.735,2.806,0.000
14691,9.481,,,
,15.874,3.805,0.000
14692,12.114,,,
,19.282,3.609,0.000
14693,9.399,,,
,17.035,3.088,0.002
14694,9.121,,,
,16.364,2.809,0.001
14695,31.408,,,
,19.211,3.582,0.001
14696,10.469,,,
,16.364,2.809,0.001
14697,8.704,,,
,17.350,2.804,0.001
14698,13.362,,,
,16.098,3.408,0.001
14699,10.443,,,
,16.599,2.967,0.000
14700,9.838,,,
,17.482,3.653,0.000
14701,12.845,,,
,19.124,3.584,0.002
14702,9.530,,,
,16.758,2.746,0.001
14703,8.793,,,
,16.281,3.700,0.000
14704,13.528,,,
,19.771,3.822,0.001
14705,9.986,,,
,18.155,2.748,0.000
14706,7.913,,,
,16.273,3.425,0.001
14707,9.990,,,
,19.361,3.822,0.001
14708,11.371,,,
,19.029,2.970,0.001
14709,7.748,,,
,17.242,3.490,0.000
14710,11.786,,,
,18.900,3.576,0.001
14711,8.002,,,
,17.037,3.090,0.000
14712,10.238,,,
,17.494,3.293,0.002
14713,13.966,,,
,19.217,3.584,0.001
14714,8.691,,,
,16.221,2.833,0.002
14715,9.124,,,
,17.436,3.338,0.000
14716,12.366,,,
,19.237,3.603,0.002
14717,9.270,,,
,17.075,2.752,0.001
14718,8.552,,,
,15.707,2.963,0.001
14719,13.060,,,
,17.837,3.887,0.002
14720,9.517,,,
,18.271,2.809,0.001
14721,8.646,,,
,16.900,3.430,0.001
14722,14.726,,,
,19.454,3.756,0.000
14723,8.134,,,
,18.075,2.698,0.001
14724,9.257,,,
,15.783,3.698,0.001
14725,15.322,,,
,19.351,3.822,0.002
14726,12.969,,,
,18.130,2.697,0.001
14727,9.701,,,
,15.567,3.760,0.002
14728,12.519,,,
,19.200,3.757,0.001
14729,9.152,,,
,18.481,2.898,0.001
14730,9.799,,,
,16.469,3.846,0.000
14731,12.724,,,
,19.227,3.577,0.002
14732,9.083,,,
,17.042,3.045,0.000
14733,9.506,,,
,17.105,3.285,0.002
14734,11.868,,,
,19.249,3.581,0.002
14735,10.777,,,
,17.709,2.442,0.001
14736,7.525,,,
,17.842,3.030,0.001
14737,32.430,,,
,18.404,3.841,0.001
14738,12.214,,,
,17.842,3.030,0.001
14739,11.430,,,
,17.513,3.176,0.000
14740,30.826,,,
,16.382,2.697,0.002
14741,29.826,,,
,14.538,2.697,0.000
14742,27.151,,,
,14.107,2.536,0.000
14743,26.966,,,
,14.538,2.697,0.000
14744,8.620,,,
,14.107,2.536,0.000
14745,10.851,,,
,14.339,2.741,0.002
14746,9.882,,,
,17.150,3.490,0.001
14747,16.078,,,
,19.974,3.826,0.002
14748,10.252,,,
,17.036,2.651,0.001
14749,9.267,,,
,15.700,3.699,0.002
14750,23.142,,,
,15.452,2.892,0.000
14751,40.646,,,
,15.855,2.578,0.000
14752,11.179,,,
,15.815,2.423,0.001
14753,38.996,,,
,12.484,2.306,0.000
14754,26.374,,,
,15.815,2.423,0.001
14755,10.466,,,
,12.484,2.306,0.000
14756,10.354,,,
,14.533,2.668,0.001
14757,11.769,,,
,14.860,2.824,0.001
14758,11.481,,,
,17.479,2.802,0.001
14759,10.286,,,
,18.684,2.839,0.000
14760,34.711,,,
,19.334,3.824,0.002
14761,9.477,,,
,16.259,2.694,0.001
14762,30.535,,,
,14.546,2.692,0.002
14763,29.740,,,
,14.833,2.543,0.001
14764,27.266,,,
,14.511,2.740,0.000
14765,26.935,,,
,14.833,2.543,0.001
14766,10.366,,,
,14.511,2.740,0.000
14767,11.135,,,
,16.758,2.696,0.002
14768,10.192,,,
,14.349,2.650,0.002
14769,11.192,,,
,16.642,3.338,0.001
14770,8.766,,,
,18.619,3.378,0.001
14771,10.198,,,
,18.054,3.383,0.001
14772,13.681,,,
,19.265,3.573,0.001
14773,9.091,,,
,16.046,2.802,0.002
14774,10.176,,,
,17.226,3.340,0.001
14775,18.649,,,
,15.780,3.016,0.000
14776,37.815,,,
,15.489,2.616,0.001
14777,14.649,,,
,15.780,3.016,0.000
14778,16.889,,,
,15.653,2.541,0.001
14779,10.800,,,
,15.501,2.441,0.002
14780,46.300,,,
,14.739,2.796,0.001
14781,26.005,,,
,15.501,2.441,0.002
14782,8.057,,,
,14.739,2.796,0.001
14783,9.993,,,
,15.710,2.753,0.000
14784,8.990,,,
,15.482,3.498,0.004
14785,14.354,,,
,19.283,3.639,0.002
14786,8.705,,,
,16.701,3.026,0.001
14787,8.949,,,
,17.473,3.287,0.002
14788,10.817,,,
,19.221,3.577,0.001
14789,9.108,,,
,16.795,2.840,0.001
14790,9.787,,,
,17.173,3.763,0.001
14791,13.975,,,
,19.707,3.750,0.000
14792,8.229,,,
,17.694,2.696,0.001
14793,10.413,,,
,18.144,2.750,0.001
14794,35.491,,,
,19.234,3.750,0.001
14795,9.805,,,
,18.144,2.750,0.001
14796,11.675,,,
,17.435,2.747,0.002
14797,31.762,,,
,17.214,3.256,0.001
14798,11.394,,,
,17.435,2.747,0.002
14799,9.475,,,
,15.455,2.831,0.002
14800,12.747,,,
,16.118,3.303,0.001
14801,9.644,,,
,17.042,2.744,0.002
14802,8.500,,,
,16.042,3.707,0.001
14803,14.111,,,
,19.352,3.822,0.001
14804,8.736,,,
,18.401,2.750,0.002
14805,10.921,,,
,15.251,2.458,0.003
14806,30.709,,,
,18.007,20.440,0.000
14807,41.169,,,
,15.251,2.458,0.003
14808,2.057,,,
,18.007,20.440,0.000
14809,2.009,,,
,19.280,20.147,0.001
14810,3.977,,,
,19.226,19.003,0.002
14811,42.198,,,
,20.350,20.169,0.001
14812,1.878,,,
,19.226,19.003,0.002
14813,2.073,,,
,19.980,19.907,0.002
14814,42.307,,,
,19.096,19.951,0.000
14815,43.110,,,
,17.361,21.015,0.002
14816,40.551,,,
,19.096,19.951,0.000
14817,1.880,,,
,19.583,19.398,0.000
14818,41.541,,,
,19.470,20.145,0.002
14819,41.621,,,
,19.583,19.398,0.000
14820,1.856,,,
,19.839,20.283,0.000
14821,43.016,,,
,19.446,19.372,0.001
14822,1.712,,,
,19.839,20.283,0.000
14823,2.364,,,
,20.018,20.489,0.001
14824,2.152,,,
,20.601,20.417,0.002
14825,45.330,,,
,19.517,20.473,0.002
14826,41.892,,,
,18.921,21.083,0.001
14827,42.014,,,
,19.254,21.241,0.001
14828,42.687,,,
,18.921,21.083,0.001
14829,2.062,,,
,19.254,21.241,0.001
14830,1.832,,,
,19.147,20.851,0.000
14831,2.496,,,
,19.380,20.969,0.000
14832,43.529,,,
,20.843,21.299,0.000
14833,1.628,,,
,19.380,20.969,0.000
14834,1.453,,,
,19.977,21.111,0.001
14835,44.181,,,
,21.724,21.535,0.002
14836,1.874,,,
,19.977,21.111,0.001
14837,1.442,,,
,20.005,20.023,0.002
14838,42.656,,,
,21.345,20.851,0.001
14839,2.174,,,
,20.005,20.023,0.002
14840,1.518,,,
,19.564,21.188,0.001
14841,2.605,,,
,20.795,21.148,0.002
14842,1.971,,,
,18.820,20.890,0.002
14843,2.595,,,
,19.849,20.812,0.001
14844,43.895,,,
,20.705,21.155,0.001
14845,1.832,,,
,19.849,20.812,0.001
14846,2.151,,,
,19.397,19.273,0.001
14847,1.770,,,
,19.867,19.859,0.001
14848,4.348,,,
,20.045,20.283,0.001
14849,43.877,,,
,20.765,20.742,0.001
14850,1.605,,,
,20.045,20.283,0.001
14851,2.123,,,
,20.244,20.585,0.001
14852,9.764,,,
,19.621,20.625,0.000
14853,12.496,,,
,20.763,22.442,0.000
14854,11.643,,,
,20.727,22.134,0.001
14855,8.698,,,
,18.954,20.468,0.002
14856,11.300,,,
,19.951,21.973,0.000
14857,12.919,,,
,20.096,21.614,0.000
14858,9.218,,,
,17.268,19.710,0.000
14859,11.071,,,
,19.816,22.390,0.001
14860,12.367,,,
,20.223,22.480,0.001
14861,10.275,,,
,18.364,19.067,0.001
14862,12.877,,,
,20.062,21.862,0.000
14863,10.408,,,
,20.766,22.234,0.002
14864,9.397,,,
,17.991,20.345,0.001
14865,10.783,,,
,17.920,20.785,0.002
14866,49.785,,,
,18.098,19.286,0.000
14867,48.285,,,
,17.920,20.785,0.002
14868,11.100,,,
,17.943,19.044,0.000
14869,48.511,,,
,17.528,20.167,0.002
14870,9.633,,,
,17.943,19.044,0.000
14871,10.644,,,
,17.619,20.385,0.001
14872,9.966,,,
,18.294,19.041,0.000
14873,50.922,,,
,17.843,20.494,0.001
14874,48.146,,,
,18.229,19.281,0.001
14875,47.562,,,
,17.843,20.494,0.001
14876,8.730,,,
,18.229,19.281,0.001
14877,11.268,,,
,17.991,18.916,0.001
14878,50.825,,,
,17.895,20.465,0.001
14879,47.700,,,
,17.991,18.916,0.001
14880,10.751,,,
,17.895,20.465,0.001
14881,9.095,,,
,16.306,17.865,0.001
14882,8.559,,,
,19.764,22.559,0.002
14883,14.063,,,
,20.948,22.686,0.002
14884,10.595,,,
,18.356,18.957,0.001
14885,11.423,,,
,16.903,19.816,0.002
14886,49.289,,,
,20.661,22.178,0.002
14887,10.866,,,
,16.903,19.816,0.002
14888,12.711,,,
,17.765,19.005,0.001
14889,9.386,,,
,17.554,20.641,0.001
14890,13.163,,,
,17.270,19.205,0.001
14891,50.719,,,
,17.781,19.329,0.000
14892,47.629,,,
,18.378,20.135,0.001
14893,48.413,,,
,17.781,19.329,0.000
14894,9.884,,,
,18.378,20.135,0.001
14895,8.789,,,
,17.889,20.430,0.001
14896,13.764,,,
,19.852,22.018,0.001
14897,8.310,,,
,18.965,21.236,0.001
14898,12.380,,,
,19.326,22.255,0.001
14899,15.087,,,
,20.113,21.629,0.000
14900,9.348,,,
,16.704,19.220,0.001
14901,12.190,,,
,16.149,19.096,0.000
14902,48.989,,,
,16.640,20.732,0.000
14903,47.796,,,
,16.149,19.096,0.000
14904,9.774,,,
,16.640,20.732,0.000
14905,8.441,,,
,16.958,19.073,0.001
14906,10.310,,,
,19.213,21.752,0.002
14907,15.608,,,
,19.516,22.072,0.001
14908,11.171,,,
,16.116,19.741,0.002
14909,10.403,,,
,17.898,22.385,0.000
14910,16.209,,,
,19.429,22.147,0.000
14911,10.661,,,
,16.995,18.626,0.001
14912,12.702,,,
,18.981,18.681,0.001
14913,53.634,,,
,17.900,19.788,0.002
14914,50.040,,,
,18.981,18.681,0.001
14915,8.190,,,
,17.900,19.788,0.002
14916,10.488,,,
,18.063,21.074,0.002
14917,9.118,,,
,19.834,22.290,0.001
14918,15.644,,,
,20.159,21.668,0.000
14919,9.934,,,
,15.293,18.379,0.002
14920,12.552,,,
,18.872,22.627,0.001
14921,13.923,,,
,20.693,21.660,0.002
14922,8.617,,,
,17.224,19.012,0.000
14923,12.852,,,
,19.792,22.008,0.002
14924,14.887,,,
,20.574,21.880,0.001
14925,9.194,,,
,17.865,18.483,0.000
14926,9.535,,,
,19.829,21.945,0.000
14927,14.882,,,
,20.174,21.979,0.000
14928,8.934,,,
,17.286,18.945,0.001
14929,13.470,,,
,18.129,18.842,0.000
14930,51.654,,,
,18.022,21.040,0.002
14931,47.977,,,
,18.129,18.842,0.000
14932,9.373,,,
,18.022,21.040,0.002
14933,9.775,,,
,18.909,19.898,0.001
14934,10.823,,,
,17.531,20.370,0.002
14935,51.538,,,
,20.558,21.747,0.001
14936,10.544,,,
,17.531,20.370,0.002
14937,9.567,,,
,17.513,20.507,0.001
14938,50.772,,,
,17.787,18.737,0.001
14939,50.326,,,
,17.663,20.972,0.001
14940,48.773,,,
,18.770,19.337,0.001
14941,47.151,,,
,17.663,20.972,0.001
14942,8.540,,,
,18.770,19.337,0.001
14943,11.301,,,
,18.572,20.816,0.001
14944,11.461,,,
,18.452,19.335,0.000
14945,51.216,,,
,18.259,21.162,0.000
14946,49.189,,,
,18.687,19.488,0.001
14947,48.541,,,
,18.259,21.162,0.000
14948,8.859,,,
,18.687,19.488,0.001
14949,10.555,,,
,18.156,18.662,0.000
14950,53.106,,,
,20.341,22.147,0.001
14951,8.796,,,
,18.156,18.662,0.000
14952,10.894,,,
,17.762,21.185,0.000
14953,12.798,,,
,20.041,22.499,0.002
14954,10.550,,,
,18.530,19.214,0.002
14955,12.837,,,
,19.814,22.107,0.001
14956,16.325,,,
,20.560,22.272,0.000
14957,9.327,,,
,17.501,18.549,0.002
14958,13.527,,,
,20.253,21.992,0.001
14959,15.501,,,
,20.683,22.174,0.000
14960,8.778,,,
,17.461,19.297,0.002
14961,12.210,,,
,17.934,20.572,0.000
14962,50.900,,,
,20.687,21.760,0.000
14963,10.303,,,
,17.934,20.572,0.000
14964,10.100,,,
,18.502,19.072,0.001
14965,7.896,,,
,18.193,20.722,0.000
14966,10.470,,,
,20.055,22.356,0.000
14967,14.519,,,
,20.483,22.033,0.000
14968,8.589,,,
,16.991,15.327,0.001
14969,10.601,,,
,17.597,18.655,0.001
14970,52.361,,,
,21.873,22.373,0.000
14971,8.547,,,
,17.597,18.655,0.001
14972,9.770,,,
,18.624,20.741,0.000
14973,14.542,,,
,20.430,22.067,0.001
14974,9.060,,,
,17.910,18.736,0.000
14975,13.076,,,
,20.228,22.013,0.001
14976,14.613,,,
,20.661,22.170,0.001
14977,10.703,,,
,17.411,20.488,0.001
14978,11.064,,,
,20.699,22.596,0.002
14979,14.664,,,
,20.704,22.088,0.000
14980,10.474,,,
,18.060,18.917,0.001
14981,11.788,,,
,17.890,20.793,0.001
14982,48.485,,,
,17.870,18.869,0.001
14983,48.834,,,
,17.890,20.793,0.001
14984,10.565,,,
,17.870,18.869,0.001
14985,10.632,,,
,17.704,21.061,0.000
14986,11.328,,,
,19.721,21.890,0.001
14987,13.623,,,
,19.914,22.270,0.001
14988,10.485,,,
,17.398,19.259,0.001
14989,13.992,,,
,18.275,19.107,0.001
14990,50.728,,,
,17.920,21.205,0.001
14991,49.063,,,
,18.865,19.652,0.001
14992,47.535,,,
,18.843,20.881,0.001
14993,48.184,,,
,18.865,19.652,0.001
14994,13.989,,,
,18.843,20.881,0.001
14995,10.539,,,
,18.103,18.985,0.000
14996,9.803,,,
,20.258,22.441,0.002
14997,16.538,,,
,20.243,22.020,0.001
14998,13.834,,,
,16.995,18.186,0.000
14999,10.229,,,
,19.706,22.550,0.000
15000,15.945,,,
,21.226,22.182,0.000
15001,8.130,,,
,17.681,18.404,0.001
15002,13.076,,,
,19.824,22.058,0.001
15003,15.879,,,
,20.694,21.882,0.001
15004,8.955,,,
,17.273,20.107,0.001
15005,12.143,,,
,19.514,22.204,0.001
15006,13.443,,,
,20.727,22.129,0.002
15007,8.479,,,
,17.376,19.332,0.001
15008,11.654,,,
,19.346,22.047,0.002
15009,13.066,,,
,20.802,22.383,0.002
15010,11.769,,,
,18.436,19.157,0.002
15011,12.840,,,
,20.507,21.888,0.001
15012,14.750,,,
,20.598,22.213,0.000
15013,9.019,,,
,15.830,17.097,0.002
15014,8.682,,,
,18.968,23.110,0.001
15015,15.439,,,
,20.944,22.411,0.002
15016,9.099,,,
,17.688,18.253,0.001
15017,10.818,,,
,17.836,19.461,0.001
15018,50.671,,,
,20.552,22.206,0.001
15019,10.079,,,
,17.836,19.461,0.001
15020,8.732,,,
,18.572,20.364,0.002
15021,11.414,,,
,20.191,22.289,0.000
15022,10.090,,,
,18.268,21.543,0.001
15023,13.588,,,
,20.604,22.670,0.001
15024,13.271,,,
,20.480,21.992,0.000
15025,10.038,,,
,18.001,18.866,0.002
15026,9.899,,,
,19.811,22.075,0.001
15027,12.143,,,
,20.522,22.090,0.001
15028,8.585,,,
,17.812,19.365,0.000
15029,13.473,,,
,18.211,20.513,0.001
15030,49.511,,,
,20.586,21.694,0.000
15031,11.265,,,
,18.211,20.513,0.001
15032,8.872,,,
,18.168,19.320,0.000
15033,10.863,,,
,20.191,22.342,0.002
15034,9.070,,,
,18.032,20.300,0.002
15035,12.184,,,
,20.094,22.127,0.001
15036,13.717,,,
,20.470,22.016,0.001
15037,7.415,,,
,17.920,18.851,0.001
15038,13.681,,,
,19.813,22.166,0.002
15039,14.670,,,
,20.504,22.303,0.002
15040,10.530,,,
,18.007,19.036,0.000
15041,9.331,,,
,18.255,18.887,0.002
15042,50.594,,,
,17.708,20.800,0.001
15043,49.179,,,
,18.255,18.887,0.002
15044,8.088,,,
,17.708,20.800,0.001
15045,10.184,,,
,18.492,19.973,0.001
15046,8.535,,,
,20.513,21.705,0.001
15047,11.305,,,
,20.299,21.960,0.001
15048,10.326,,,
,17.819,20.660,0.001
15049,12.426,,,
,20.096,22.293,0.000
15050,15.813,,,
,20.725,22.147,0.002
15051,12.054,,,
,16.870,18.932,0.000
15052,12.025,,,
,19.374,22.329,0.001
15053,13.711,,,
,20.583,22.720,0.001
15054,7.870,,,
,18.127,18.958,0.001
15055,9.985,,,
,19.829,22.126,0.001
15056,14.066,,,
,20.535,22.272,0.000
15057,10.333,,,
,17.775,18.931,0.000
15058,12.381,,,
,20.081,22.436,0.000
15059,11.079,,,
,20.579,21.800,0.000
15060,9.682,,,
,18.079,20.775,0.001
15061,12.380,,,
,19.539,22.018,0.000
15062,13.746,,,
,19.989,22.254,0.002
15063,8.279,,,
,17.702,19.118,0.000
15064,13.473,,,
,19.824,22.268,0.001
15065,15.808,,,
,20.392,22.321,0.002
15066,9.767,,,
,17.926,18.822,0.001
15067,12.513,,,
,17.826,19.669,0.002
15068,50.123,,,
,18.426,19.910,0.001
15069,46.857,,,
,17.826,19.669,0.002
15070,10.249,,,
,18.426,19.910,0.001
15071,9.491,,,
,17.902,21.024,0.001
15072,9.617,,,
,19.842,22.202,0.000
15073,9.924,,,
,19.823,21.582,0.001
15074,9.299,,,
,17.861,20.015,0.001
15075,10.874,,,
,19.792,22.056,0.001
15076,14.658,,,
,20.115,21.604,0.000
15077,8.991,,,
,16.691,19.206,0.002
15078,11.853,,,
,18.718,17.644,0.001
15079,52.363,,,
,18.537,20.483,0.002
15080,47.248,,,
,17.769,20.627,0.001
15081,47.492,,,
,18.537,20.483,0.002
15082,10.769,,,
,17.769,20.627,0.001
15083,9.483,,,
,17.875,18.880,0.001
15084,11.846,,,
,20.241,21.910,0.001
15085,9.738,,,
,17.569,18.711,0.001
15086,9.816,,,
,17.455,19.429,0.000
15087,51.616,,,
,20.678,22.098,0.002
15088,11.661,,,
,17.967,19.315,0.000
15089,50.634,,,
,17.652,19.751,0.001
15090,46.966,,,
,18.232,19.966,0.001
15091,48.478,,,
,17.652,19.751,0.001
15092,9.868,,,
,18.232,19.966,0.001
15093,12.264,,,
,18.448,19.280,0.000
15094,10.272,,,
,18.259,19.709,0.002
15095,15.376,,,
,20.050,22.063,0.001
15096,15.970,,,
,20.597,21.960,0.000
15097,9.040,,,
,17.560,18.586,0.000
15098,11.455,,,
,19.798,22.147,0.000
15099,13.903,,,
,20.573,22.217,0.002
15100,8.935,,,
,17.835,19.448,0.001
15101,9.660,,,
,17.986,18.905,0.001
15102,50.495,,,
,18.028,20.988,0.002
15103,47.260,,,
,17.986,18.905,0.001
15104,9.954,,,
,18.028,20.988,0.002
15105,10.005,,,
,18.880,19.599,0.002
15106,11.102,,,
,20.549,21.732,0.002
15107,15.175,,,
,20.706,22.082,0.002
15108,9.573,,,
,17.149,19.642,0.001
15109,14.492,,,
,19.610,22.110,0.001
15110,15.072,,,
,20.137,21.639,0.002
15111,11.284,,,
,16.735,19.333,0.001
15112,9.974,,,
,18.137,18.954,0.001
15113,50.359,,,
,20.487,21.989,0.000
15114,10.001,,,
,18.137,18.954,0.001
15115,8.973,,,
,17.637,20.994,0.001
15116,14.807,,,
,20.266,22.301,0.001
15117,9.414,,,
,17.977,18.817,0.001
15118,9.203,,,
,19.466,22.166,0.002
15119,12.643,,,
,20.435,22.288,0.001
15120,8.785,,,
,18.140,19.305,0.000
15121,15.488,,,
,17.238,19.651,0.001
15122,51.667,,,
,18.115,19.293,0.001
15123,47.471,,,
,17.916,20.958,0.002
15124,49.242,,,
,18.115,19.293,0.001
15125,9.313,,,
,17.916,20.958,0.002
15126,11.851,,,
,18.846,19.457,0.001
15127,9.221,,,
,17.824,20.423,0.002
15128,10.117,,,
,20.077,22.153,0.001
15129,13.558,,,
,20.407,22.038,0.001
15130,8.417,,,
,17.733,18.878,0.000
15131,12.580,,,
,17.990,19.040,0.000
15132,50.977,,,
,20.695,21.868,0.000
15133,10.607,,,
,17.990,19.040,0.000
15134,9.561,,,
,17.786,20.478,0.001
15135,10.261,,,
,18.227,19.649,0.001
15136,8.597,,,
,20.132,22.436,0.002
15137,15.172,,,
,20.503,21.351,0.000
15138,9.187,,,
,17.259,19.919,0.000
15139,11.490,,,
,17.788,18.651,0.001
15140,51.652,,,
,18.631,21.209,0.001
15141,48.651,,,
,17.788,18.651,0.001
15142,8.752,,,
,18.631,21.209,0.001
15143,11.287,,,
,18.260,20.417,0.001
15144,12.584,,,
,19.646,22.279,0.001
15145,12.964,,,
,19.832,21.791,0.001
15146,9.374,,,
,17.484,19.939,0.000
15147,9.477,,,
,17.817,18.735,0.001
15148,50.794,,,
,17.644,20.982,0.000
15149,48.612,,,
,17.817,18.735,0.001
15150,8.441,,,
,17.245,20.087,0.000
15151,52.622,,,
,18.541,19.251,0.001
15152,12.727,,,
,17.245,20.087,0.000
15153,9.446,,,
,17.729,18.826,0.006
15154,8.868,,,
,17.174,19.402,0.001
15155,50.573,,,
,19.964,22.355,0.001
15156,10.806,,,
,17.174,19.402,0.001
15157,11.043,,,
,17.827,19.309,0.000
15158,10.456,,,
,18.349,20.229,0.001
15159,11.281,,,
,20.363,22.059,0.002
15160,11.164,,,
,20.580,22.225,0.001
15161,10.037,,,
,18.552,19.094,0.002
15162,10.830,,,
,20.534,21.731,0.001
15163,17.389,,,
,20.657,22.206,0.001
15164,9.152,,,
,17.249,18.674,0.001
15165,12.800,,,
,20.037,22.368,0.001
15166,12.923,,,
,20.608,22.239,0.001
15167,8.369,,,
,17.641,20.527,0.000
15168,11.287,,,
,19.282,22.129,0.002
15169,12.591,,,
,19.927,22.243,0.001
15170,10.937,,,
,17.930,19.153,0.002
15171,11.026,,,
,19.813,22.221,0.001
15172,12.691,,,
,20.402,22.383,0.000
15173,10.045,,,
,18.493,19.399,0.001
15174,9.830,,,
,18.376,22.151,0.002
15175,14.458,,,
,20.502,22.697,0.001
15176,8.261,,,
,17.929,19.175,0.002
15177,8.350,,,
,19.334,21.994,0.001
15178,13.836,,,
,20.398,22.370,0.001
15179,9.377,,,
,18.207,19.096,0.000
15180,11.904,,,
,20.499,21.827,0.001
15181,14.957,,,
,20.656,22.138,0.001
15182,8.141,,,
,17.415,19.218,0.002
15183,11.158,,,
,20.254,22.092,0.001
15184,13.514,,,
,20.301,21.850,0.001
15185,9.320,,,
,17.339,20.161,0.001
15186,14.324,,,
,17.066,18.663,0.002
15187,52.563,,,
,20.485,22.384,0.001
15188,10.120,,,
,17.066,18.663,0.002
15189,8.146,,,
,17.597,19.257,0.001
15190,49.404,,,
,18.022,21.217,0.000
15191,47.370,,,
,17.597,19.257,0.001
15192,9.398,,,
,17.152,20.120,0.000
15193,52.886,,,
,18.640,19.534,0.002
15194,9.400,,,
,17.234,20.367,0.000
15195,51.767,,,
,17.998,18.749,0.001
15196,9.189,,,
,17.234,20.367,0.000
15197,12.490,,,
,18.214,19.144,0.001
15198,9.786,,,
,17.623,20.617,0.001
15199,12.870,,,
,20.074,21.961,0.003
15200,11.086,,,
,18.212,19.132,0.000
15201,12.840,,,
,20.098,21.577,0.001
15202,10.171,,,
,19.617,21.626,0.001
15203,8.925,,,
,18.817,19.415,0.000
15204,10.826,,,
,20.557,21.821,0.002
15205,14.930,,,
,20.680,22.015,0.001
15206,9.518,,,
,17.395,19.428,0.002
15207,11.348,,,
,19.493,22.268,0.000
15208,13.800,,,
,19.847,21.882,0.001
15209,9.617,,,
,16.959,19.448,0.002
15210,11.459,,,
,19.833,22.170,0.001
15211,12.531,,,
,20.486,21.707,0.001
15212,10.739,,,
,17.614,20.342,0.001
15213,9.832,,,
,19.824,22.485,0.000
15214,13.540,,,
,20.740,22.114,0.001
15215,9.663,,,
,17.590,19.234,0.000
15216,10.954,,,
,19.826,22.247,0.002
15217,13.429,,,
,20.361,22.084,0.001
15218,9.156,,,
,17.869,18.741,0.002
15219,12.714,,,
,17.541,19.945,0.000
15220,51.246,,,
,20.670,22.092,0.002
15221,10.498,,,
,17.541,19.945,0.000
15222,13.300,,,
,18.163,19.569,0.001
15223,10.312,,,
,17.220,18.166,0.002
15224,10.414,,,
,19.964,21.758,0.001
15225,13.034,,,
,21.020,21.807,0.001
15226,8.988,,,
,17.484,20.475,0.001
15227,12.081,,,
,19.275,22.104,0.001
15228,16.978,,,
,20.177,22.059,0.000
15229,10.031,,,
,16.482,19.165,0.000
15230,13.204,,,
,19.430,22.047,0.001
15231,13.157,,,
,20.612,22.127,0.002
15232,7.456,,,
,17.523,19.644,0.002
15233,12.735,,,
,19.468,22.342,0.001
15234,13.835,,,
,20.095,21.602,0.000
15235,9.872,,,
,17.134,19.487,0.001
15236,11.847,,,
,19.839,22.083,0.000
15237,13.664,,,
,20.311,22.203,0.001
15238,9.274,,,
,18.153,18.862,0.000
15239,14.856,,,
,19.808,22.082,0.001
15240,15.777,,,
,20.591,22.200,0.001
15241,11.905,,,
,17.759,18.905,0.000
15242,11.175,,,
,20.466,21.710,0.000
15243,10.252,,,
,20.546,21.340,0.001
15244,12.112,,,
,18.156,20.691,0.001
15245,11.090,,,
,19.791,22.399,0.000
15246,14.455,,,
,20.357,22.019,0.001
15247,9.497,,,
,17.303,18.639,0.000
15248,11.810,,,
,18.361,19.344,0.000
15249,50.137,,,
,20.682,22.109,0.001
15250,12.264,,,
